mrna_id	n_lncRNAs
LOC111107689	1525
LOC111103610	1522
LOC111132339	1516
LOC111111320	1514
LOC111105683	1512
LOC111126813	1512
LOC111127923	1510
LOC111106094	1508
LOC111122566	1507
LOC111132218	1506
LOC111132345	1506
LOC111109495	1504
LOC111111792	1503
LOC111112351	1501
LOC111119012	1501
LOC111120185	1501
LOC111120747	1501
LOC111122921	1501
LOC111132884	1500
LOC111104812	1499
LOC111124328	1499
LOC111120620	1498
LOC111109230	1496
LOC111110575	1496
LOC111122679	1496
LOC111128601	1495
LOC111111289	1494
LOC111132623	1494
LOC111136947	1494
LOC111129560	1493
LOC111118716	1491
LOC111120136	1491
LOC111121580	1491
LOC111123036	1491
LOC111132789	1491
LOC111109298	1490
LOC111109370	1489
LOC111128657	1489
LOC111128732	1488
LOC111107536	1486
LOC111122586	1484
LOC111122089	1483
LOC111128774	1483
LOC111120814	1481
LOC111109007	1480
LOC111136699	1480
LOC111130434	1479
LOC111108808	1477
LOC111136116	1477
LOC111122008	1476
LOC111103774	1475
LOC111107775	1475
LOC111118062	1475
LOC111125683	1474
LOC111120646	1473
LOC111112478	1472
LOC111113791	1472
LOC111127840	1471
LOC111113324	1470
LOC111107264	1469
LOC111110495	1469
LOC111115753	1469
LOC111121950	1469
LOC111123717	1469
LOC111123822	1469
LOC111119301	1468
LOC111122138	1468
LOC111124300	1468
LOC111100025	1467
LOC111133093	1467
LOC111105682	1466
LOC111131739	1466
LOC111099418	1465
LOC111108603	1464
LOC111116234	1463
LOC111133868	1463
LOC111109148	1462
LOC111109176	1462
LOC111113936	1462
LOC111118817	1462
LOC111135463	1462
LOC111112322	1461
LOC111120254	1461
LOC111120448	1461
LOC111124199	1461
LOC111116848	1460
LOC111129709	1460
LOC111119542	1459
LOC111105325	1458
LOC111125720	1458
LOC111128465	1458
LOC111131254	1458
LOC111124346	1457
LOC111114170	1455
LOC111131306	1454
LOC111108341	1450
LOC111120616	1450
LOC111123956	1449
LOC111128733	1449
LOC111099151	1448
LOC111134137	1448
LOC111108340	1447
LOC111109074	1447
LOC111133547	1447
LOC111104208	1446
LOC111125430	1446
LOC111109177	1445
LOC111127101	1445
LOC111130256	1445
LOC111101953	1444
LOC111119566	1443
LOC111106598	1442
LOC111106860	1442
LOC111113959	1442
LOC111099450	1440
LOC111113189	1439
LOC111108110	1437
LOC111118229	1437
LOC111112483	1436
LOC111118881	1436
LOC111119080	1436
LOC111132784	1435
LOC111100946	1433
LOC111128763	1433
LOC111132219	1433
LOC111132887	1433
LOC111123258	1432
LOC111123554	1432
LOC111128690	1432
LOC111114317	1431
LOC111119997	1430
LOC111135831	1430
LOC111118160	1429
LOC111106522	1428
LOC111108854	1428
LOC111113888	1428
LOC111121507	1428
LOC111132110	1428
LOC111119173	1427
LOC111128950	1427
LOC111105252	1426
LOC111118732	1425
LOC111125953	1425
LOC111124194	1424
LOC111118111	1423
LOC111132569	1423
LOC111134403	1423
LOC111115708	1422
LOC111130525	1422
LOC111117727	1421
LOC111121935	1421
LOC111101620	1420
LOC111111740	1420
LOC111114021	1419
LOC111114716	1419
LOC111130721	1419
LOC111108874	1418
LOC111111009	1418
LOC111112300	1418
LOC111129010	1418
LOC111129057	1418
LOC111130027	1418
LOC111125944	1417
LOC111113850	1416
LOC111132529	1416
LOC111134217	1416
LOC111104069	1415
LOC111124266	1415
LOC111129554	1415
LOC111134955	1415
LOC111125717	1414
LOC111133229	1414
LOC111123972	1413
LOC111119607	1412
LOC111120348	1412
LOC111112656	1411
LOC111114141	1411
LOC111126720	1411
LOC111104547	1409
LOC111112691	1409
LOC111113172	1409
LOC111135334	1409
LOC111114747	1408
LOC111130991	1408
LOC111134239	1408
LOC111108887	1407
LOC111119200	1407
LOC111128730	1407
LOC111131329	1407
LOC111123442	1406
LOC111101969	1405
LOC111128678	1405
LOC111132461	1405
LOC111136892	1405
LOC111101893	1404
LOC111123602	1404
LOC111129263	1404
LOC111108361	1403
LOC111120298	1403
LOC111135843	1403
LOC111119692	1402
LOC111137184	1402
LOC111103695	1401
LOC111106618	1400
LOC111123859	1400
LOC111134604	1400
LOC111136039	1399
LOC111100586	1398
LOC111101170	1398
LOC111106019	1397
LOC111120020	1397
LOC111106665	1396
LOC111123440	1394
LOC111108204	1393
LOC111110884	1392
LOC111114361	1392
LOC111122130	1392
LOC111134678	1392
LOC111136638	1392
LOC111107804	1391
LOC111114937	1391
LOC111118373	1390
LOC111120665	1390
LOC111099917	1388
LOC111104147	1388
LOC111109067	1388
LOC111116333	1388
LOC111118861	1388
LOC111124055	1388
LOC111129820	1388
LOC111134562	1388
LOC111131377	1387
LOC111107995	1386
LOC111111606	1384
LOC111102821	1383
LOC111119780	1383
LOC111127024	1383
LOC111130384	1383
LOC111132826	1383
LOC111133607	1383
LOC111135173	1383
LOC111101951	1382
LOC111102476	1382
LOC111109044	1382
LOC111109258	1382
LOC111122939	1382
LOC111123374	1382
LOC111123969	1382
LOC111133367	1382
LOC111109146	1381
LOC111113572	1381
LOC111119123	1381
LOC111131279	1381
LOC111132891	1381
LOC111135411	1381
LOC111138390	1381
LOC111108039	1380
LOC111124428	1379
LOC111125350	1379
LOC111127161	1379
LOC111129360	1378
LOC111136077	1378
LOC111129693	1377
LOC111126163	1376
LOC111133657	1376
LOC111129309	1375
LOC111104317	1374
LOC111107740	1374
LOC111131125	1374
LOC111101634	1371
LOC111112582	1371
LOC111132595	1371
LOC111109354	1370
LOC111119850	1370
LOC111106235	1369
LOC111102082	1368
LOC111106891	1368
LOC111125762	1368
LOC111126226	1368
LOC111133302	1368
LOC111112116	1367
LOC111112803	1367
LOC111120346	1367
LOC111134146	1367
ATP6	1365
LOC111103502	1365
LOC111109159	1365
LOC111114568	1365
LOC111107554	1364
LOC111118729	1364
LOC111119217	1364
LOC111136440	1364
LOC111124133	1363
LOC111099969	1362
LOC111120702	1362
LOC111124111	1362
LOC111127841	1362
LOC111134947	1362
LOC111101736	1361
LOC111116449	1361
LOC111121835	1361
LOC111123989	1361
LOC111124929	1361
LOC111125773	1361
LOC111128282	1361
LOC111128951	1361
LOC111137294	1361
LOC111100630	1360
LOC111100985	1360
LOC111108187	1360
LOC111111398	1360
LOC111122860	1360
LOC111124059	1360
LOC111136938	1360
LOC111100158	1359
LOC111103885	1359
LOC111103570	1358
LOC111126056	1358
LOC111127026	1358
LOC111123982	1357
LOC111100423	1356
LOC111125150	1356
LOC111131007	1356
LOC111124375	1355
LOC111129699	1355
LOC111136907	1355
LOC111108064	1354
LOC111112790	1354
LOC111125574	1354
LOC111112436	1353
LOC111123708	1353
LOC111123709	1353
LOC111114779	1352
LOC111116710	1352
LOC111120380	1352
LOC111120490	1352
LOC111130961	1352
LOC111131322	1352
LOC111106178	1351
LOC111106215	1351
LOC111109391	1351
LOC111132226	1351
LOC111100167	1350
LOC111111285	1350
LOC111122251	1350
LOC111125142	1350
LOC111126182	1348
LOC111101659	1347
LOC111108489	1346
LOC111126186	1346
LOC111100901	1345
LOC111106632	1345
LOC111106741	1344
LOC111123211	1344
LOC111126558	1344
LOC111103821	1343
LOC111125940	1343
LOC111120603	1342
LOC111122102	1342
LOC111123703	1342
LOC111109065	1341
LOC111109257	1341
LOC111110178	1341
LOC111111074	1341
LOC111123492	1341
LOC111125384	1341
LOC111129559	1341
LOC111114037	1340
LOC111120394	1340
LOC111117149	1339
LOC111120512	1339
LOC111101914	1337
LOC111119302	1337
LOC111135072	1337
LOC111121840	1336
LOC111129478	1336
LOC111103882	1335
LOC111112846	1335
LOC111114158	1335
LOC111120658	1335
LOC111125461	1335
LOC111125275	1334
LOC111130142	1334
LOC111131491	1334
LOC111136849	1334
LOC111137776	1334
ND5	1334
LOC111113934	1333
LOC111128355	1332
LOC111135878	1332
LOC111136981	1332
ND6	1332
LOC111108093	1331
LOC111122502	1331
LOC111137483	1331
LOC111107933	1329
LOC111113270	1329
LOC111115259	1329
LOC111122301	1329
LOC111135820	1329
LOC111128699	1328
LOC111133281	1328
LOC111136085	1328
LOC111136279	1328
LOC111138510	1328
ND2	1328
COX2	1327
LOC111102992	1327
LOC111108285	1327
LOC111108521	1327
LOC111116098	1327
LOC111124609	1327
LOC111125644	1327
LOC111130431	1327
LOC111136337	1327
LOC111138336	1327
LOC111137680	1326
CYTB	1325
LOC111118188	1325
LOC111119650	1325
LOC111120526	1325
LOC111120661	1325
LOC111125982	1325
LOC111135167	1325
LOC111135231	1325
LOC111106614	1324
LOC111107407	1324
LOC111113174	1324
LOC111119774	1324
LOC111124427	1324
LOC111135901	1324
LOC111127912	1323
LOC111112867	1322
LOC111124307	1321
LOC111135380	1321
LOC111135948	1321
LOC111136560	1321
LOC111105133	1320
LOC111114142	1320
LOC111102060	1319
LOC111106637	1319
LOC111119298	1319
LOC111132423	1319
LOC111114941	1318
LOC111121515	1318
LOC111124239	1318
LOC111109211	1317
LOC111121837	1317
LOC111113421	1316
LOC111129431	1316
LOC111132502	1316
LOC111135552	1316
LOC111124635	1315
LOC111100665	1314
LOC111105060	1314
LOC111127563	1314
LOC111134629	1314
LOC111125507	1313
LOC111135006	1313
LOC111099461	1312
LOC111105168	1312
LOC111119090	1312
LOC111124015	1312
LOC111129089	1312
LOC111129841	1312
LOC111104867	1311
LOC111118935	1311
LOC111116490	1310
LOC111120648	1309
LOC111122652	1309
LOC111134015	1309
LOC111111442	1308
LOC111118182	1308
LOC111133428	1308
ND4L	1308
LOC111108423	1306
LOC111125193	1306
LOC111131447	1306
LOC111107488	1305
LOC111113931	1305
LOC111103890	1304
LOC111127110	1304
LOC111135004	1304
LOC111110604	1303
LOC111120965	1303
COX1	1302
LOC111103377	1302
LOC111113941	1302
LOC111129692	1302
LOC111133751	1302
LOC111134198	1302
LOC111136105	1302
LOC111136861	1302
LOC111120984	1301
LOC111112730	1300
LOC111117586	1300
LOC111118921	1300
LOC111130850	1300
LOC111130852	1300
LOC111100132	1299
LOC111101941	1299
LOC111106649	1299
LOC111108982	1299
LOC111114588	1299
LOC111114627	1299
LOC111118611	1299
LOC111121934	1299
LOC111129837	1299
LOC111130212	1299
LOC111109677	1298
LOC111128999	1298
LOC111130138	1298
LOC111100740	1297
LOC111123003	1297
LOC111105429	1296
LOC111109066	1296
LOC111120999	1296
LOC111122884	1296
LOC111127996	1296
LOC111129259	1296
LOC111103250	1295
LOC111111315	1295
LOC111122665	1295
LOC111130684	1295
LOC111135183	1295
LOC111135437	1295
LOC111135600	1295
LOC111136715	1295
LOC111107555	1294
LOC111124875	1294
LOC111125560	1294
LOC111131418	1294
LOC111130858	1293
LOC111135361	1293
LOC111137770	1293
LOC111112625	1292
LOC111136924	1292
ND4	1292
LOC111111306	1291
LOC111113171	1291
LOC111115523	1291
LOC111135178	1291
LOC111135208	1291
LOC111137900	1291
LOC111138499	1291
LOC111114599	1290
LOC111136118	1290
LOC111126083	1289
LOC111127188	1289
LOC111119270	1288
LOC111124991	1288
LOC111126369	1288
LOC111138191	1288
LOC111100193	1287
LOC111101924	1287
LOC111106317	1287
LOC111109149	1287
LOC111118876	1287
LOC111131028	1287
LOC111118183	1286
LOC111119254	1286
LOC111128209	1286
LOC111136284	1286
LOC111137634	1286
LOC111124078	1285
LOC111138014	1285
LOC111110677	1284
LOC111119153	1284
LOC111129006	1284
LOC111129998	1284
LOC111130267	1284
LOC111132646	1284
LOC111119190	1283
LOC111120238	1283
LOC111131153	1283
LOC111131555	1283
LOC111133503	1283
LOC111134375	1283
LOC111135673	1283
LOC111125850	1282
LOC111128175	1281
LOC111134746	1280
LOC111111502	1279
LOC111126562	1279
LOC111127048	1279
LOC111128115	1279
LOC111104275	1278
LOC111120878	1278
LOC111132362	1278
LOC111120644	1277
LOC111100218	1276
LOC111107976	1276
LOC111108117	1276
LOC111120517	1276
LOC111124854	1276
LOC111129831	1276
LOC111133127	1276
LOC111133546	1276
LOC111109107	1275
LOC111125408	1275
LOC111129631	1275
LOC111134713	1275
LOC111113898	1274
LOC111136015	1274
LOC111100755	1273
LOC111103671	1273
LOC111109733	1273
LOC111119239	1273
LOC111119697	1273
LOC111126492	1273
LOC111133772	1273
ND1	1273
LOC111100994	1272
LOC111104366	1272
LOC111106540	1272
LOC111108729	1271
LOC111118586	1271
LOC111121854	1271
LOC111132126	1271
LOC111136148	1271
LOC111136666	1271
LOC111099557	1270
LOC111108571	1270
LOC111124553	1270
LOC111128421	1270
LOC111132294	1270
LOC111136413	1270
LOC111137588	1270
LOC111107466	1269
LOC111109755	1269
LOC111112966	1269
LOC111119195	1269
LOC111120566	1269
LOC111134024	1269
LOC111104134	1268
LOC111108397	1268
LOC111112529	1268
LOC111127605	1268
LOC111129496	1268
LOC111134690	1268
LOC111116294	1267
LOC111112416	1266
LOC111125760	1266
LOC111135325	1266
LOC111135345	1266
LOC111108038	1265
LOC111123682	1265
LOC111127405	1265
LOC111112810	1264
LOC111121583	1264
LOC111134911	1264
LOC111137953	1264
LOC111138363	1264
LOC111126659	1263
LOC111128865	1263
LOC111133418	1262
LOC111136764	1262
LOC111109308	1260
LOC111116348	1260
LOC111123127	1260
LOC111129197	1260
LOC111134890	1260
LOC111137633	1260
LOC111100148	1259
LOC111113664	1259
LOC111120874	1259
LOC111127229	1259
LOC111137379	1259
LOC111132195	1258
LOC111133022	1258
LOC111136896	1258
LOC111108540	1257
LOC111121024	1257
LOC111135550	1256
LOC111136642	1256
LOC111137105	1256
LOC111138458	1256
LOC111100237	1255
LOC111119326	1255
LOC111122853	1255
LOC111118510	1254
LOC111123992	1254
LOC111134940	1254
LOC111100691	1253
LOC111105423	1252
LOC111119770	1252
LOC111122600	1252
LOC111135586	1252
LOC111125503	1251
LOC111132472	1251
LOC111132611	1251
LOC111118283	1250
LOC111118539	1250
LOC111128992	1250
LOC111108127	1249
LOC111119100	1249
LOC111133637	1249
LOC111134787	1249
LOC111135594	1249
LOC111125779	1248
LOC111126440	1248
LOC111118004	1247
LOC111118274	1247
LOC111119594	1247
LOC111123119	1247
LOC111100930	1246
LOC111105212	1246
LOC111114598	1246
LOC111131740	1246
LOC111134561	1246
LOC111099928	1245
LOC111120101	1245
LOC111121745	1245
LOC111100796	1244
LOC111101970	1244
LOC111119669	1244
LOC111136714	1244
LOC111101236	1243
LOC111110297	1243
LOC111110816	1243
LOC111135192	1243
LOC111136305	1243
LOC111113840	1242
LOC111116196	1242
LOC111119169	1242
LOC111122215	1242
LOC111123451	1242
LOC111125073	1242
LOC111125368	1242
LOC111126293	1242
LOC111135054	1242
LOC111135154	1242
LOC111120879	1241
LOC111120912	1241
LOC111121578	1241
LOC111128159	1241
LOC111136010	1241
LOC111106351	1240
LOC111107777	1240
LOC111111618	1240
LOC111116971	1240
LOC111122313	1240
LOC111104765	1239
LOC111119586	1239
LOC111132902	1239
LOC111136762	1239
LOC111134471	1238
LOC111137969	1238
LOC111108560	1237
LOC111120137	1237
LOC111128800	1237
LOC111134422	1237
LOC111138001	1237
LOC111138235	1237
LOC111105526	1236
LOC111107013	1236
LOC111118054	1236
LOC111126498	1236
LOC111134153	1236
LOC111134304	1236
LOC111137835	1236
ND3	1236
LOC111119920	1235
LOC111123034	1235
LOC111128573	1235
LOC111129283	1235
LOC111130534	1235
LOC111137108	1235
LOC111109195	1234
LOC111118810	1234
LOC111120135	1234
LOC111120710	1233
LOC111136624	1233
LOC111118801	1232
LOC111121654	1232
COX3	1231
LOC111133413	1231
LOC111119249	1230
LOC111119773	1230
LOC111125145	1230
LOC111126064	1230
LOC111101799	1229
LOC111102673	1229
LOC111122164	1229
LOC111122942	1229
LOC111111672	1228
LOC111120568	1228
LOC111126292	1228
LOC111126771	1228
LOC111129953	1228
LOC111103227	1227
LOC111111556	1227
LOC111114936	1227
LOC111125144	1227
LOC111136320	1227
LOC111126614	1226
LOC111136783	1226
LOC111109063	1225
LOC111112251	1225
LOC111116995	1225
LOC111129479	1225
LOC111130835	1225
LOC111135859	1225
LOC111099458	1224
LOC111107695	1224
LOC111108192	1224
LOC111119817	1224
LOC111133682	1224
LOC111133899	1224
LOC111135567	1224
LOC111136599	1224
LOC111125594	1223
LOC111118194	1222
LOC111122747	1222
LOC111126120	1222
LOC111100381	1221
LOC111101650	1221
LOC111125367	1221
LOC111126040	1221
LOC111126244	1221
LOC111132031	1221
LOC111137903	1221
LOC111120596	1220
LOC111122213	1220
LOC111135732	1220
LOC111111360	1219
LOC111137806	1219
LOC111100689	1218
LOC111104873	1218
LOC111107563	1218
LOC111107980	1218
LOC111108862	1218
LOC111119118	1218
LOC111124378	1218
LOC111132900	1218
LOC111135061	1218
LOC111114587	1217
LOC111124167	1217
LOC111129494	1217
LOC111136701	1217
LOC111107656	1216
LOC111119174	1216
LOC111124345	1216
LOC111125405	1216
LOC111128597	1216
LOC111137405	1216
LOC111106692	1215
LOC111114383	1215
LOC111125581	1215
LOC111134073	1215
LOC111134598	1215
LOC111101507	1214
LOC111118920	1214
LOC111119346	1214
LOC111123623	1214
LOC111124987	1214
LOC111130521	1214
LOC111134501	1214
LOC111136522	1214
LOC111100786	1213
LOC111107747	1213
LOC111112950	1213
LOC111124589	1213
LOC111099722	1212
LOC111109803	1212
LOC111112845	1212
LOC111113217	1212
LOC111128063	1212
LOC111129604	1212
LOC111138197	1212
LOC111108737	1211
LOC111112956	1211
LOC111124717	1211
LOC111135311	1211
LOC111135362	1211
LOC111112583	1210
LOC111122406	1210
LOC111125990	1210
LOC111126885	1210
LOC111128754	1210
LOC111113246	1209
LOC111121652	1209
LOC111126386	1209
LOC111127468	1209
LOC111130079	1209
LOC111130439	1209
LOC111133398	1209
LOC111138187	1209
LOC111100085	1208
LOC111120341	1208
LOC111125107	1208
LOC111125552	1208
LOC111129840	1208
LOC111110214	1207
LOC111118263	1207
LOC111125296	1207
LOC111133143	1207
LOC111137570	1207
LOC111101931	1206
LOC111119382	1206
LOC111136729	1206
LOC111120525	1205
LOC111120587	1205
LOC111121338	1205
LOC111131486	1205
LOC111132715	1205
LOC111099610	1204
LOC111119321	1204
LOC111120067	1204
LOC111122210	1204
LOC111127833	1204
LOC111125072	1203
LOC111138357	1203
LOC111102031	1202
LOC111102906	1202
LOC111119168	1202
LOC111121087	1202
LOC111122270	1202
LOC111130587	1202
LOC111134654	1202
LOC111100378	1201
LOC111107170	1201
LOC111116085	1201
LOC111118567	1201
LOC111123818	1201
LOC111124552	1201
LOC111134148	1201
LOC111102132	1200
LOC111108138	1200
LOC111117675	1200
LOC111129125	1200
LOC111135606	1200
LOC111099655	1199
LOC111133985	1199
LOC111110879	1198
LOC111119616	1198
LOC111121504	1198
LOC111123753	1198
LOC111125445	1198
LOC111128113	1198
LOC111128581	1198
LOC111132368	1198
LOC111135615	1198
LOC111102962	1197
LOC111120873	1197
LOC111122964	1197
LOC111135590	1197
LOC111136228	1197
LOC111099053	1196
LOC111128988	1196
LOC111130274	1196
LOC111137228	1196
LOC111138280	1196
LOC111103542	1195
LOC111129853	1195
LOC111131148	1195
LOC111108932	1194
LOC111114139	1194
LOC111117217	1194
LOC111118917	1194
LOC111119372	1194
LOC111123836	1194
LOC111123934	1194
LOC111126438	1194
LOC111129615	1194
LOC111134720	1194
LOC111134814	1194
LOC111137631	1194
LOC111115377	1193
LOC111136020	1193
LOC111128849	1192
LOC111130990	1192
LOC111134108	1192
LOC111109993	1191
LOC111125831	1191
LOC111129410	1191
LOC111132965	1191
LOC111135618	1191
LOC111125342	1190
LOC111135058	1190
LOC111137095	1190
LOC111114683	1189
LOC111134500	1189
LOC111108356	1188
LOC111112761	1188
LOC111119917	1188
LOC111100355	1187
LOC111109509	1187
LOC111118248	1187
LOC111125457	1187
LOC111135109	1187
LOC111103872	1186
LOC111130248	1186
LOC111132541	1186
LOC111136627	1186
LOC111100168	1185
LOC111100308	1185
LOC111107084	1185
LOC111114425	1185
LOC111117959	1185
LOC111119642	1185
LOC111134043	1184
LOC111107127	1183
LOC111120649	1183
LOC111134475	1183
LOC111134511	1183
LOC111136313	1183
LOC111136425	1183
LOC111106577	1182
LOC111107795	1182
LOC111102101	1181
LOC111115122	1181
LOC111128009	1181
LOC111130625	1181
LOC111130641	1181
LOC111113272	1180
LOC111123760	1180
LOC111130699	1180
LOC111137710	1180
LOC111130083	1179
LOC111102659	1178
LOC111108533	1178
LOC111114381	1178
LOC111128251	1178
LOC111134995	1178
LOC111104966	1177
LOC111105880	1177
LOC111122134	1177
LOC111126109	1177
LOC111133642	1177
LOC111137772	1177
LOC111138493	1177
LOC111111831	1176
LOC111121908	1176
LOC111132798	1176
LOC111100598	1175
LOC111118126	1175
LOC111125836	1175
LOC111127294	1175
LOC111115995	1173
LOC111117964	1173
LOC111134660	1173
LOC111122603	1172
LOC111130266	1172
LOC111136967	1171
LOC111137297	1171
LOC111108510	1170
LOC111109116	1170
LOC111124480	1170
LOC111125315	1170
LOC111133550	1170
LOC111100756	1169
LOC111101025	1169
LOC111103812	1169
LOC111104588	1169
LOC111125710	1169
LOC111127613	1169
LOC111131784	1169
LOC111136504	1169
LOC111100874	1168
LOC111101860	1168
LOC111126128	1167
LOC111129007	1167
LOC111131706	1167
LOC111114634	1166
LOC111124595	1166
LOC111128942	1166
LOC111130549	1166
LOC111135169	1166
LOC111137932	1166
LOC111119699	1165
LOC111103713	1164
LOC111127289	1164
LOC111138489	1164
LOC111122176	1163
LOC111129239	1163
LOC111101359	1162
LOC111107301	1162
LOC111118971	1162
LOC111119597	1162
LOC111134509	1162
LOC111135726	1162
LOC111127708	1161
LOC111128662	1161
LOC111129024	1161
LOC111132099	1161
LOC111135686	1161
LOC111100522	1160
LOC111106468	1160
LOC111122996	1160
LOC111124669	1160
LOC111102792	1159
LOC111108450	1159
LOC111109639	1159
LOC111112762	1159
LOC111117818	1159
LOC111121196	1159
LOC111131214	1159
LOC111132514	1159
LOC111138137	1159
LOC111119478	1158
LOC111099982	1157
LOC111109277	1157
LOC111109510	1157
LOC111117657	1157
LOC111122049	1157
LOC111126213	1157
LOC111136548	1157
LOC111114706	1156
LOC111118382	1156
LOC111121593	1156
LOC111102003	1155
LOC111123802	1155
LOC111134242	1155
LOC111100585	1154
LOC111102051	1154
LOC111113194	1154
LOC111120498	1154
LOC111126883	1154
LOC111124478	1153
LOC111125240	1153
LOC111126647	1153
LOC111107879	1152
LOC111121205	1152
LOC111125499	1152
LOC111100860	1151
LOC111101527	1151
LOC111120662	1151
LOC111118962	1150
LOC111119987	1150
LOC111121384	1150
LOC111122814	1150
LOC111128978	1150
LOC111116443	1149
LOC111117972	1149
LOC111119461	1149
LOC111119637	1149
LOC111120548	1149
LOC111131806	1149
LOC111101447	1148
LOC111101751	1148
LOC111136621	1148
LOC111104330	1147
LOC111105161	1147
LOC111118106	1147
LOC111125498	1147
LOC111131730	1147
LOC111132217	1147
LOC111135399	1147
LOC111099544	1146
LOC111123867	1146
LOC111132138	1146
LOC111135880	1146
LOC111113181	1145
LOC111116401	1145
LOC111130464	1145
LOC111124456	1144
LOC111121743	1143
LOC111125822	1143
LOC111129002	1143
LOC111100668	1142
LOC111113968	1142
LOC111137841	1142
LOC111129603	1141
LOC111130416	1141
LOC111123124	1140
LOC111126055	1140
LOC111135975	1139
LOC111102811	1138
LOC111125750	1138
LOC111129629	1138
LOC111134305	1138
LOC111112807	1137
LOC111113446	1137
LOC111122550	1137
LOC111123786	1137
LOC111124793	1137
LOC111100425	1136
LOC111114721	1136
LOC111120557	1136
LOC111127274	1136
LOC111128966	1136
LOC111129161	1136
LOC111131783	1136
LOC111107343	1135
LOC111113918	1135
LOC111125785	1135
LOC111135964	1135
LOC111136989	1135
LOC111137591	1135
LOC111120482	1134
LOC111124749	1134
LOC111134970	1134
LOC111124939	1133
LOC111125387	1133
LOC111127973	1133
LOC111136254	1133
LOC111105000	1132
LOC111106467	1132
LOC111109271	1132
LOC111119517	1132
LOC111126499	1132
LOC111129719	1132
LOC111131560	1132
LOC111125452	1131
LOC111126790	1131
LOC111116089	1130
LOC111126579	1130
LOC111129286	1130
LOC111133043	1130
LOC111118273	1129
LOC111118300	1129
LOC111119101	1129
LOC111127380	1129
LOC111110541	1128
LOC111135375	1128
LOC111120628	1127
LOC111137338	1127
LOC111112559	1126
LOC111114067	1125
LOC111116839	1125
LOC111136810	1125
LOC111137051	1125
LOC111116911	1124
LOC111118916	1124
LOC111123735	1124
LOC111124874	1124
LOC111125747	1124
LOC111104344	1123
LOC111112464	1122
LOC111124583	1122
LOC111131498	1122
LOC111135476	1122
LOC111136820	1122
LOC111115659	1121
LOC111125814	1121
LOC111132903	1121
LOC111135796	1121
LOC111137273	1121
LOC111111050	1120
LOC111114932	1120
LOC111115745	1120
LOC111125546	1120
LOC111129356	1120
LOC111138180	1120
LOC111102459	1119
LOC111103603	1119
LOC111109201	1119
LOC111109256	1119
LOC111117013	1119
LOC111118745	1119
LOC111105063	1118
LOC111118731	1118
LOC111124762	1118
LOC111128939	1118
LOC111135297	1118
LOC111102414	1117
LOC111118083	1117
LOC111123994	1117
LOC111124521	1117
LOC111125572	1117
LOC111137235	1117
LOC111119023	1116
LOC111125967	1116
LOC111127225	1116
LOC111129928	1116
LOC111130191	1116
LOC111134434	1116
LOC111136812	1116
LOC111110791	1115
LOC111111437	1115
LOC111125636	1115
LOC111106506	1114
LOC111122819	1114
LOC111130333	1114
LOC111135895	1114
LOC111119636	1113
LOC111124755	1113
LOC111125014	1113
LOC111130822	1113
LOC111135356	1113
LOC111137089	1113
LOC111118215	1112
LOC111121848	1112
LOC111125206	1112
LOC111131102	1112
LOC111136082	1112
LOC111099483	1111
LOC111103325	1111
LOC111119059	1111
LOC111119685	1111
LOC111119826	1111
LOC111132147	1111
LOC111103975	1110
LOC111120699	1110
LOC111113872	1109
LOC111128841	1109
LOC111131136	1109
LOC111105688	1108
LOC111124772	1108
LOC111125533	1108
LOC111130817	1108
LOC111135319	1108
LOC111134252	1107
LOC111111438	1106
LOC111130726	1106
LOC111131063	1106
LOC111112439	1105
LOC111124261	1105
LOC111128719	1105
LOC111131116	1105
LOC111136247	1105
LOC111118147	1104
LOC111130381	1104
LOC111100708	1103
LOC111102932	1102
LOC111120968	1102
LOC111103226	1101
LOC111117138	1101
LOC111123066	1101
LOC111125827	1101
LOC111117922	1100
LOC111125119	1100
LOC111128580	1100
LOC111130296	1100
LOC111130646	1100
LOC111100500	1099
LOC111105693	1099
LOC111124129	1099
LOC111126639	1099
LOC111119569	1098
LOC111121922	1098
LOC111129915	1098
LOC111130617	1098
LOC111134993	1098
LOC111137617	1098
LOC111102219	1097
LOC111112550	1097
LOC111125716	1097
LOC111123751	1096
LOC111123896	1096
LOC111124193	1096
LOC111128116	1096
LOC111133898	1096
LOC111105207	1095
LOC111119408	1095
LOC111124361	1095
LOC111125987	1095
LOC111128591	1095
LOC111130183	1095
LOC111130886	1095
LOC111133160	1095
LOC111102562	1094
LOC111124673	1094
LOC111127385	1094
LOC111132467	1094
LOC111099741	1093
LOC111100898	1093
LOC111108359	1093
LOC111130023	1093
LOC111132974	1093
LOC111137407	1093
LOC111107923	1092
LOC111109010	1092
LOC111117369	1092
LOC111113158	1091
LOC111120783	1091
LOC111129872	1091
LOC111131752	1091
LOC111100835	1090
LOC111101116	1090
LOC111111520	1089
LOC111130295	1089
LOC111135641	1089
LOC111119682	1088
LOC111121441	1088
LOC111126390	1088
LOC111126953	1088
LOC111130935	1088
LOC111137975	1088
LOC111100325	1087
LOC111115445	1087
LOC111119633	1087
LOC111133569	1087
LOC111108296	1086
LOC111120589	1086
LOC111100896	1085
LOC111109466	1085
LOC111118348	1085
LOC111123996	1085
LOC111109461	1084
LOC111120559	1084
LOC111134732	1084
LOC111138176	1084
LOC111121997	1083
LOC111122796	1083
LOC111134978	1083
LOC111104128	1082
LOC111106517	1082
LOC111120737	1082
LOC111121564	1082
LOC111122815	1082
LOC111131108	1082
LOC111134050	1082
LOC111101654	1081
LOC111118492	1081
LOC111123998	1081
LOC111127067	1081
LOC111129996	1081
LOC111130555	1081
LOC111111345	1080
LOC111119203	1080
LOC111119403	1080
LOC111125548	1080
LOC111128934	1080
LOC111100808	1079
LOC111104669	1079
LOC111136917	1079
LOC111116292	1078
LOC111137020	1078
LOC111114096	1077
LOC111122108	1077
LOC111131346	1077
LOC111136152	1077
LOC111109047	1076
LOC111125440	1076
LOC111103453	1075
LOC111125955	1075
LOC111132202	1075
LOC111136648	1075
LOC111137676	1075
LOC111099571	1074
LOC111105215	1074
LOC111122161	1074
LOC111122209	1074
LOC111128525	1074
LOC111133225	1074
LOC111134449	1074
LOC111105302	1073
LOC111124336	1073
LOC111125478	1073
LOC111138030	1073
LOC111124592	1072
LOC111127981	1072
LOC111108200	1071
LOC111108271	1071
LOC111109847	1071
LOC111113956	1071
LOC111118909	1071
LOC111129987	1071
LOC111132297	1071
LOC111133994	1071
LOC111110628	1070
LOC111119698	1070
LOC111119803	1070
LOC111124475	1070
LOC111126968	1070
LOC111136083	1070
LOC111136643	1070
LOC111137659	1070
LOC111105859	1069
LOC111116283	1069
LOC111127974	1069
LOC111101326	1068
LOC111103527	1068
LOC111103789	1068
LOC111115532	1068
LOC111121624	1067
LOC111124927	1067
LOC111131315	1067
LOC111124263	1066
LOC111128139	1066
LOC111120502	1065
LOC111119696	1064
LOC111131693	1064
LOC111138117	1064
LOC111103948	1063
LOC111107449	1063
LOC111113387	1063
LOC111115894	1063
LOC111119999	1063
LOC111130147	1063
LOC111135283	1063
LOC111136914	1063
LOC111107432	1062
LOC111101061	1061
LOC111104059	1061
LOC111119662	1061
LOC111122700	1061
LOC111120994	1060
LOC111124716	1060
LOC111132184	1060
LOC111114033	1059
LOC111122791	1059
LOC111129055	1059
LOC111129881	1059
LOC111103667	1058
LOC111107443	1058
LOC111121013	1058
LOC111126458	1058
LOC111134235	1058
LOC111134393	1058
LOC111138391	1058
LOC111104287	1057
LOC111107339	1057
LOC111108357	1057
LOC111116361	1056
LOC111118834	1056
LOC111130300	1056
LOC111133595	1056
LOC111137933	1056
LOC111118011	1055
LOC111137183	1055
LOC111120388	1054
LOC111120591	1054
LOC111125229	1054
LOC111128892	1054
LOC111128971	1054
LOC111129482	1054
LOC111134655	1054
LOC111135053	1054
LOC111106364	1053
LOC111107099	1053
LOC111112392	1053
LOC111118665	1053
LOC111120036	1053
LOC111126105	1053
LOC111099573	1052
LOC111121777	1052
LOC111123814	1052
LOC111132264	1052
LOC111132762	1052
LOC111103788	1051
LOC111105974	1051
LOC111108486	1051
LOC111112707	1051
LOC111123886	1051
LOC111131030	1051
LOC111136787	1051
LOC111106022	1050
LOC111125224	1050
LOC111128360	1050
LOC111099143	1049
LOC111108591	1049
LOC111110338	1049
LOC111118029	1049
LOC111131818	1049
LOC111135127	1049
LOC111100279	1048
LOC111120293	1048
LOC111130626	1048
LOC111132123	1048
LOC111104824	1047
LOC111115065	1047
LOC111129824	1047
LOC111119071	1046
LOC111126281	1046
LOC111128727	1046
LOC111115080	1045
LOC111118647	1045
LOC111120184	1045
LOC111126879	1045
LOC111127900	1045
LOC111128020	1045
LOC111129317	1045
LOC111125248	1044
LOC111127437	1044
LOC111128773	1044
LOC111130036	1044
LOC111132857	1044
LOC111103612	1043
LOC111117950	1043
LOC111123951	1043
LOC111125196	1043
LOC111128765	1043
LOC111131212	1043
LOC111131409	1043
LOC111124403	1042
LOC111129825	1042
LOC111133930	1042
LOC111134525	1042
LOC111112645	1041
LOC111132573	1041
LOC111138224	1041
LOC111106015	1040
LOC111113547	1040
LOC111125209	1040
LOC111136265	1040
LOC111136465	1040
LOC111103399	1039
LOC111108354	1039
LOC111108463	1039
LOC111111171	1039
LOC111112957	1039
LOC111119688	1039
LOC111121337	1039
LOC111122219	1039
LOC111134752	1039
LOC111136042	1039
LOC111104901	1038
LOC111131216	1038
LOC111110185	1037
LOC111114778	1037
LOC111115985	1037
LOC111120673	1037
LOC111133136	1037
LOC111109348	1036
LOC111120610	1036
LOC111123110	1036
LOC111129888	1036
LOC111134599	1036
LOC111109700	1035
LOC111124561	1035
LOC111135522	1034
LOC111100475	1033
LOC111120897	1033
LOC111134817	1033
LOC111136845	1033
LOC111109250	1032
LOC111105027	1030
LOC111114035	1030
LOC111119732	1030
LOC111122309	1030
LOC111122629	1030
LOC111134707	1030
LOC111137343	1030
LOC111118429	1029
LOC111125945	1029
LOC111134196	1029
LOC111135849	1029
LOC111137665	1029
LOC111108305	1028
LOC111123746	1028
LOC111125413	1028
LOC111135074	1028
LOC111138392	1028
LOC111115774	1027
LOC111121238	1027
LOC111128545	1027
LOC111118371	1026
LOC111121575	1026
LOC111123952	1026
LOC111103780	1025
LOC111115940	1025
LOC111121485	1025
LOC111121601	1025
LOC111108384	1024
LOC111106945	1023
LOC111125022	1023
LOC111125980	1023
LOC111132175	1023
LOC111136215	1023
LOC111101276	1022
LOC111133758	1022
LOC111108555	1021
LOC111119664	1020
LOC111122193	1020
LOC111125320	1020
LOC111128758	1020
LOC111100319	1019
LOC111104049	1019
LOC111108386	1019
LOC111109860	1019
LOC111133687	1019
LOC111134531	1019
LOC111119593	1018
LOC111122060	1018
LOC111135002	1018
LOC111099428	1017
LOC111120233	1017
LOC111125664	1017
LOC111129147	1017
LOC111134439	1017
LOC111100501	1016
LOC111114597	1016
LOC111136830	1016
LOC111108182	1015
LOC111121972	1015
LOC111124177	1015
LOC111135545	1015
LOC111108512	1014
LOC111114718	1014
LOC111138077	1014
LOC111138286	1014
LOC111113138	1013
LOC111122804	1013
LOC111127230	1013
LOC111128593	1013
LOC111130094	1013
LOC111134200	1013
LOC111134621	1013
LOC111137632	1013
LOC111105882	1012
LOC111119359	1012
LOC111120515	1012
LOC111121155	1012
LOC111128858	1012
LOC111102385	1011
LOC111115125	1011
LOC111120292	1011
LOC111135077	1011
LOC111116158	1010
LOC111135338	1010
LOC111137295	1010
LOC111100227	1009
LOC111114471	1009
LOC111121788	1009
LOC111123128	1009
LOC111123634	1009
LOC111103721	1008
LOC111124119	1008
LOC111124725	1008
LOC111135114	1008
LOC111121650	1007
LOC111121733	1007
LOC111130016	1007
LOC111101010	1006
LOC111130346	1006
LOC111131763	1006
LOC111110608	1005
LOC111110313	1004
LOC111120816	1004
LOC111105116	1003
LOC111121410	1003
LOC111126368	1003
LOC111103868	1002
LOC111120794	1002
LOC111100962	1001
LOC111117764	1001
LOC111122734	1001
LOC111126776	1001
LOC111130532	1001
LOC111132653	1001
LOC111111172	1000
LOC111116264	1000
LOC111099162	999
LOC111101152	999
LOC111115992	999
LOC111122172	999
LOC111125783	999
LOC111118836	998
LOC111119905	998
LOC111120818	998
LOC111107629	996
LOC111100561	995
LOC111117154	995
LOC111119923	995
LOC111124387	995
LOC111129901	995
LOC111138028	995
LOC111129661	994
LOC111130741	994
LOC111137315	994
LOC111118049	993
LOC111118811	993
LOC111121875	993
LOC111123662	993
LOC111135434	993
LOC111101036	992
LOC111099122	991
LOC111118540	991
LOC111121263	991
LOC111122940	991
LOC111131115	991
LOC111138253	991
LOC111104190	990
LOC111120619	990
LOC111124677	990
LOC111136212	990
LOC111119269	989
LOC111109549	988
LOC111124910	988
LOC111136050	988
LOC111107790	987
LOC111115959	987
LOC111122163	987
LOC111122649	987
LOC111118468	986
LOC111136857	986
LOC111129594	985
LOC111133384	985
LOC111119159	984
LOC111125659	984
LOC111130076	984
LOC111133353	984
LOC111101137	983
LOC111120825	983
LOC111125406	982
LOC111129362	982
LOC111102762	981
LOC111106193	981
LOC111101611	980
LOC111124750	980
LOC111129269	980
LOC111134541	980
LOC111107357	979
LOC111110107	979
LOC111113628	979
LOC111124903	979
LOC111129596	979
LOC111131917	979
LOC111132796	979
LOC111126986	978
LOC111136056	978
LOC111103623	977
LOC111118508	977
LOC111124407	977
LOC111118780	976
LOC111122417	975
LOC111114900	974
LOC111114496	973
LOC111121165	973
LOC111137158	973
LOC111108282	972
LOC111128975	972
LOC111103110	971
LOC111128498	971
LOC111130599	971
LOC111130771	971
LOC111136691	971
LOC111099534	970
LOC111114988	970
LOC111120187	970
LOC111133529	970
LOC111136515	969
LOC111137901	969
LOC111116519	968
LOC111108544	967
LOC111114633	967
LOC111126788	967
LOC111130411	967
LOC111134828	967
LOC111135412	967
LOC111136483	967
LOC111121876	966
LOC111125091	966
LOC111105692	965
LOC111112117	965
LOC111114573	964
LOC111115361	964
LOC111130844	964
LOC111119034	963
LOC111124901	963
LOC111100082	962
LOC111109407	962
LOC111127151	962
LOC111118640	961
LOC111126731	961
LOC111136577	961
LOC111111300	960
LOC111131721	960
LOC111127552	959
LOC111131032	959
LOC111136854	959
LOC111105293	958
LOC111113993	958
LOC111116311	958
LOC111117735	958
LOC111122022	958
LOC111129427	958
LOC111119736	957
LOC111135408	957
LOC111130851	956
LOC111131392	956
LOC111135802	956
LOC111118595	955
LOC111122128	955
LOC111126993	955
LOC111116045	954
LOC111118372	954
LOC111133773	954
LOC111136733	954
LOC111112973	953
LOC111114596	953
LOC111126578	953
LOC111128805	953
LOC111136890	953
LOC111137144	953
LOC111111223	952
LOC111118104	952
LOC111108747	951
LOC111119860	951
LOC111127760	951
LOC111129295	951
LOC111130297	951
LOC111120425	950
LOC111120863	950
LOC111134455	950
LOC111101256	949
LOC111103794	949
LOC111120602	949
LOC111125652	949
LOC111110478	948
LOC111110780	947
LOC111103299	946
LOC111116352	946
LOC111122282	946
LOC111131301	946
LOC111135433	946
LOC111135733	946
LOC111113701	945
LOC111126320	945
LOC111133889	945
LOC111101262	944
LOC111114426	944
LOC111120025	944
LOC111130507	944
LOC111134357	944
LOC111122872	943
LOC111124585	943
LOC111125593	943
LOC111128345	943
LOC111130152	943
LOC111132180	943
LOC111123833	942
LOC111132332	942
LOC111134515	942
LOC111123963	941
LOC111137330	941
LOC111126361	940
LOC111132033	940
LOC111132921	940
LOC111122651	939
LOC111121120	938
LOC111123657	938
LOC111123784	938
LOC111125319	938
LOC111125723	938
LOC111126333	938
LOC111136452	938
LOC111120645	936
LOC111136149	936
LOC111118127	935
LOC111120531	935
LOC111123938	935
LOC111124578	935
LOC111130275	935
LOC111134353	934
LOC111115771	933
LOC111119781	933
LOC111103455	932
LOC111131713	931
LOC111136770	931
LOC111122401	930
LOC111130564	930
LOC111135402	930
LOC111101032	929
LOC111115830	929
LOC111099594	928
LOC111129819	928
LOC111132080	927
LOC111135352	927
LOC111099965	926
LOC111100353	926
LOC111111505	926
LOC111119912	925
LOC111135944	925
LOC111104018	924
LOC111114559	923
LOC111116966	923
LOC111123809	923
LOC111128460	923
LOC111117660	921
LOC111135126	921
LOC111110132	920
LOC111116430	920
LOC111121539	920
LOC111124337	920
LOC111128842	920
LOC111125049	919
LOC111129738	919
LOC111112595	918
LOC111118247	918
LOC111128728	918
LOC111130347	918
LOC111106750	917
LOC111118710	917
LOC111112031	916
LOC111121042	916
LOC111136563	916
LOC111137692	916
LOC111117745	915
LOC111124593	915
LOC111099523	914
LOC111123483	914
LOC111131657	914
LOC111102916	913
LOC111103017	913
LOC111116697	913
LOC111128843	913
LOC111132325	913
LOC111132918	913
LOC111136290	913
LOC111136891	913
LOC111138040	913
LOC111138100	913
LOC111120584	912
LOC111126321	912
LOC111133766	912
LOC111112915	911
LOC111112939	911
LOC111114165	911
LOC111120630	911
LOC111126676	911
LOC111129116	911
LOC111137439	911
LOC111113960	909
LOC111133198	909
LOC111134042	909
LOC111137217	909
LOC111121367	908
LOC111128137	908
LOC111134954	908
LOC111135079	908
LOC111137638	908
LOC111104388	907
LOC111116906	907
LOC111131638	907
LOC111136404	907
LOC111118864	906
LOC111135519	906
LOC111104407	905
LOC111120406	905
LOC111122604	905
LOC111125937	905
LOC111130965	905
LOC111135187	905
LOC111110377	904
LOC111119409	904
LOC111121920	903
LOC111131630	902
LOC111132407	902
LOC111133044	902
LOC111136554	902
LOC111101391	901
LOC111133692	901
LOC111134423	901
LOC111103293	900
LOC111133476	900
LOC111133803	900
LOC111122859	899
LOC111129890	899
LOC111128268	898
LOC111134680	898
LOC111101374	897
LOC111121357	897
LOC111121958	897
LOC111112385	896
LOC111113124	896
LOC111121616	896
LOC111125241	896
LOC111118095	895
LOC111130690	895
LOC111120757	894
LOC111124746	894
LOC111120952	893
LOC111122827	893
LOC111127162	893
LOC111128974	893
LOC111136341	893
LOC111109693	892
LOC111123912	892
LOC111129794	892
LOC111107731	891
LOC111118072	891
LOC111120604	891
LOC111121890	891
LOC111136061	891
LOC111137420	891
LOC111136154	890
LOC111138404	890
LOC111135473	889
LOC111136035	889
LOC111111564	888
LOC111119686	888
LOC111122777	888
LOC111123885	888
LOC111137474	888
LOC111120143	887
LOC111130398	887
LOC111110739	886
LOC111117746	886
LOC111104293	885
LOC111119124	885
LOC111119222	884
LOC111134551	884
LOC111113848	883
LOC111114690	883
LOC111121661	883
LOC111125101	883
LOC111137796	883
LOC111138514	883
LOC111128398	882
LOC111128756	882
LOC111125749	881
LOC111125294	880
LOC111126815	880
LOC111127492	880
LOC111135601	880
LOC111100303	879
LOC111122645	879
LOC111099227	878
LOC111106025	878
LOC111113575	878
LOC111116408	878
LOC111130462	878
LOC111132026	878
LOC111130101	877
LOC111133856	877
LOC111134927	877
LOC111105594	876
LOC111110127	876
LOC111138125	876
LOC111130554	875
LOC111100380	874
LOC111110207	874
LOC111125883	874
LOC111118558	873
LOC111124560	873
LOC111125042	873
LOC111117002	872
LOC111118329	872
LOC111125808	872
LOC111132067	872
LOC111118796	871
LOC111114011	870
LOC111123307	870
LOC111131769	870
LOC111133214	870
LOC111122897	869
LOC111124897	869
LOC111131349	868
LOC111133381	868
LOC111135315	868
LOC111103367	866
LOC111130184	866
LOC111134057	866
LOC111108105	865
LOC111108284	865
LOC111114348	865
LOC111123344	865
LOC111129205	865
LOC111136703	865
LOC111126234	864
LOC111133190	864
LOC111122223	863
LOC111131013	863
LOC111103907	862
LOC111128793	862
LOC111108664	861
LOC111118701	861
LOC111126972	861
LOC111132500	861
LOC111113405	860
LOC111122042	859
LOC111122318	859
LOC111129903	859
LOC111136065	859
LOC111119941	858
LOC111135121	858
LOC111103701	857
LOC111118338	856
LOC111128041	856
LOC111100768	855
LOC111100903	855
LOC111109289	855
LOC111114456	855
LOC111128206	855
LOC111133299	855
LOC111134482	855
LOC111103926	854
LOC111108711	854
LOC111114055	854
LOC111120527	854
LOC111121417	853
LOC111131091	853
LOC111110930	852
LOC111119248	852
LOC111120472	852
LOC111110471	851
LOC111123842	851
LOC111112101	850
LOC111132874	850
LOC111136948	850
LOC111104432	849
LOC111107813	849
LOC111099628	848
LOC111127056	848
LOC111136847	848
LOC111104062	847
LOC111116974	847
LOC111120087	847
LOC111124220	847
LOC111136142	847
LOC111099639	846
LOC111107762	846
LOC111130888	845
LOC111117350	844
LOC111129848	844
LOC111133240	843
LOC111137946	843
LOC111138069	843
LOC111114447	842
LOC111127525	842
LOC111135171	842
LOC111114842	841
LOC111137589	841
LOC111122846	840
LOC111133969	840
LOC111135083	840
LOC111135789	840
LOC111137579	840
LOC111131404	839
LOC111106223	838
LOC111136127	838
LOC111101867	837
LOC111118933	837
LOC111123463	837
LOC111125081	837
LOC111127354	837
LOC111118877	836
LOC111129185	836
LOC111132179	836
LOC111122065	835
LOC111130419	835
LOC111117840	834
LOC111119405	834
LOC111120664	834
LOC111130064	834
LOC111108538	833
LOC111120299	833
LOC111124026	833
LOC111136219	833
LOC111136579	833
LOC111104671	832
LOC111109363	832
LOC111114201	832
LOC111126520	832
LOC111126625	832
LOC111136657	832
LOC111137831	832
LOC111108456	831
LOC111134658	831
LOC111133453	830
LOC111118051	829
LOC111121166	829
LOC111107413	828
LOC111120321	828
LOC111134328	828
LOC111133037	827
LOC111107921	826
LOC111114102	826
LOC111127498	826
LOC111105879	825
LOC111121925	825
LOC111137223	825
LOC111123827	824
LOC111136292	824
LOC111110741	823
LOC111124936	822
LOC111131695	822
LOC111119837	821
LOC111122888	821
LOC111130050	821
LOC111136668	821
LOC111102041	819
LOC111121527	818
LOC111126967	818
LOC111133365	818
LOC111135951	818
LOC111100352	817
LOC111103801	817
LOC111106010	817
LOC111137794	817
LOC111103804	816
LOC111128087	816
LOC111132272	816
LOC111112296	815
LOC111130373	814
LOC111130732	814
LOC111102390	813
LOC111106895	813
LOC111124467	813
LOC111137786	813
LOC111138352	813
LOC111106023	812
LOC111119033	812
LOC111123762	812
LOC111133631	812
LOC111134126	812
LOC111100672	811
LOC111118317	811
LOC111126589	811
LOC111128595	811
LOC111129196	811
LOC111120677	810
LOC111125429	810
LOC111102361	809
LOC111108641	809
LOC111124526	809
LOC111128923	809
LOC111127422	808
LOC111135070	808
LOC111119805	807
LOC111125129	807
LOC111126405	807
LOC111103411	806
LOC111121655	806
LOC111123208	806
LOC111132223	806
LOC111123610	805
LOC111128659	805
LOC111135047	805
LOC111116537	804
LOC111135467	804
LOC111136011	804
LOC111100592	803
LOC111103421	803
LOC111104584	803
LOC111108442	802
LOC111116972	802
LOC111118230	801
LOC111118713	801
LOC111132158	801
LOC111104002	800
LOC111108501	800
LOC111117803	800
LOC111123673	800
LOC111130413	800
LOC111130482	800
LOC111125392	799
LOC111103270	798
LOC111115338	798
LOC111119151	798
LOC111120267	798
LOC111121370	798
LOC111124579	798
LOC111132818	796
LOC111136001	796
LOC111114006	795
LOC111114689	795
LOC111127517	795
LOC111127735	794
LOC111132777	794
LOC111116708	793
LOC111128072	793
LOC111131067	793
LOC111132066	793
LOC111118914	792
LOC111127031	792
LOC111129989	792
LOC111136005	792
LOC111121980	791
LOC111124866	791
LOC111135075	791
LOC111136676	790
LOC111118216	789
LOC111136262	789
LOC111107482	788
LOC111123594	788
LOC111103123	787
LOC111136123	787
LOC111138421	787
LOC111101201	786
LOC111110162	786
LOC111122620	786
LOC111134842	785
LOC111136988	785
LOC111123474	781
LOC111126323	780
LOC111129058	780
LOC111130158	780
LOC111102492	779
LOC111102690	779
LOC111114845	779
LOC111124301	779
LOC111130559	779
LOC111136340	779
LOC111109460	778
LOC111120666	778
LOC111134854	777
LOC111136043	777
LOC111127376	776
LOC111099904	775
LOC111105961	775
LOC111125285	775
LOC111104668	774
LOC111108191	774
LOC111105600	773
LOC111120343	772
LOC111130977	772
LOC111136014	771
LOC111120631	770
LOC111100693	769
LOC111101348	768
LOC111125576	768
LOC111115288	767
LOC111119010	767
LOC111132172	767
LOC111121429	766
LOC111137601	765
LOC111104374	764
LOC111129633	764
LOC111130491	764
LOC111107217	763
LOC111112359	763
LOC111130622	763
LOC111131729	763
LOC111134430	763
LOC111119175	762
LOC111099835	761
LOC111114860	760
LOC111118013	760
LOC111133356	760
LOC111109680	759
LOC111120530	759
LOC111123829	759
LOC111117664	758
LOC111120586	758
LOC111121472	758
LOC111121815	758
LOC111132446	758
LOC111132859	758
LOC111101129	757
LOC111136134	757
LOC111101925	756
LOC111120523	756
LOC111125846	756
LOC111110142	755
LOC111119531	755
LOC111125404	755
LOC111131828	754
LOC111100034	753
LOC111116030	753
LOC111120950	753
LOC111126626	753
LOC111131668	753
LOC111132441	753
LOC111113576	752
LOC111121551	752
LOC111130618	752
LOC111130640	752
LOC111130863	752
LOC111136222	752
LOC111102448	751
LOC111128572	751
LOC111121021	750
LOC111107816	749
LOC111133491	748
LOC111137010	748
LOC111109273	747
LOC111117253	747
LOC111133938	747
LOC111103338	746
LOC111122941	746
LOC111135572	746
LOC111102052	745
LOC111125036	745
LOC111125938	744
LOC111131585	744
LOC111132937	744
LOC111134768	744
LOC111103484	741
LOC111120839	740
LOC111121113	740
LOC111108096	739
LOC111117031	739
LOC111126324	739
LOC111131395	739
LOC111137325	739
LOC111103493	738
LOC111122306	738
LOC111124615	738
LOC111130565	737
LOC111119392	735
LOC111130026	735
LOC111132799	735
LOC111101509	733
LOC111119795	733
LOC111136470	733
LOC111129097	732
LOC111129098	732
LOC111136074	732
LOC111125650	727
LOC111102187	726
LOC111126470	726
LOC111135893	726
LOC111125446	725
LOC111135656	723
LOC111125607	722
LOC111129001	720
LOC111105368	719
LOC111116305	719
LOC111111509	718
LOC111119454	717
LOC111117970	716
LOC111121532	716
LOC111108247	715
LOC111109725	715
LOC111136327	714
LOC111114337	713
LOC111114935	713
LOC111120358	713
LOC111137972	712
LOC111109311	711
LOC111138406	711
LOC111102202	710
LOC111136185	710
LOC111120910	709
LOC111130099	709
LOC111130193	709
LOC111130371	709
LOC111137178	709
LOC111105247	708
LOC111119293	708
LOC111122177	708
LOC111122368	708
LOC111122587	708
LOC111131787	708
LOC111132680	708
LOC111135445	708
LOC111137244	708
LOC111137876	708
LOC111120086	706
LOC111125819	706
LOC111118152	705
LOC111126143	705
LOC111126200	705
LOC111127947	704
LOC111137179	704
LOC111103914	703
LOC111119457	703
LOC111121538	703
LOC111125303	703
LOC111126068	703
LOC111133810	703
LOC111135504	703
LOC111106242	701
LOC111130614	701
LOC111136557	701
LOC111123700	700
LOC111128713	700
LOC111137778	700
LOC111130526	699
LOC111115508	698
LOC111125856	698
LOC111129172	698
LOC111129833	698
LOC111134329	698
LOC111134971	698
LOC111113059	696
LOC111118590	696
LOC111119442	696
LOC111125834	696
LOC111131078	695
LOC111135391	695
LOC111103754	693
LOC111132098	692
LOC111101920	691
LOC111099660	690
LOC111109666	690
LOC111112752	690
LOC111128093	690
LOC111129365	690
LOC111125290	689
LOC111128015	689
LOC111135571	689
LOC111112290	688
LOC111134358	688
LOC111109452	687
LOC111119297	687
LOC111124893	687
LOC111131579	687
LOC111135249	687
LOC111108088	686
LOC111129666	686
LOC111137548	686
LOC111123024	685
LOC111126194	684
LOC111134232	684
LOC111135735	682
LOC111135940	682
LOC111100741	681
LOC111112060	681
LOC111112663	681
LOC111134532	681
LOC111138157	681
LOC111113987	680
LOC111114455	680
LOC111101027	679
LOC111120555	679
LOC111123845	679
LOC111134942	679
LOC111124935	678
LOC111132920	678
LOC111130239	677
LOC111132998	677
LOC111133511	677
LOC111135176	677
LOC111136520	677
LOC111107337	676
LOC111120715	676
LOC111125188	676
LOC111119942	675
LOC111130743	675
LOC111113167	674
LOC111122178	674
LOC111119955	673
LOC111124816	673
LOC111134417	673
LOC111134464	673
LOC111109013	672
LOC111129266	671
LOC111133580	671
LOC111107419	670
LOC111108616	670
LOC111106955	669
LOC111127635	669
LOC111129710	669
LOC111101400	668
LOC111121981	668
LOC111129082	668
LOC111137232	668
LOC111120946	667
LOC111128484	667
LOC111135378	667
LOC111130505	666
LOC111134676	666
LOC111136403	666
LOC111099102	665
LOC111133359	665
LOC111122840	664
LOC111123423	664
LOC111130166	664
LOC111130151	663
LOC111135722	663
LOC111100845	662
LOC111126173	662
LOC111132394	662
LOC111101923	660
LOC111108697	660
LOC111119460	660
LOC111123069	660
LOC111099612	659
LOC111100141	659
LOC111103930	659
LOC111107338	659
LOC111122911	659
LOC111131570	658
LOC111133957	658
LOC111134479	658
LOC111117995	656
LOC111130237	656
LOC111100861	655
LOC111121984	653
LOC111125026	653
LOC111101901	652
LOC111106021	652
LOC111119120	651
LOC111120167	651
LOC111124470	651
LOC111133012	650
LOC111135575	650
LOC111111041	649
LOC111103552	647
LOC111129623	647
LOC111129625	647
LOC111101033	646
LOC111120503	646
LOC111118794	645
LOC111126894	645
LOC111131100	644
LOC111107931	643
LOC111123203	643
LOC111123830	643
LOC111125877	643
LOC111131525	642
LOC111101543	641
LOC111125494	641
LOC111126809	641
LOC111133261	641
LOC111134895	639
LOC111101916	637
LOC111109598	637
LOC111116156	637
LOC111105223	636
LOC111126070	636
LOC111134171	636
LOC111137280	635
LOC111100652	633
LOC111122717	633
LOC111137456	633
LOC111123325	632
LOC111123851	632
LOC111136459	632
LOC111105421	631
LOC111123357	630
LOC111123496	630
LOC111133807	630
LOC111137596	630
LOC111105026	629
LOC111119211	629
LOC111118363	627
LOC111122376	627
LOC111134789	627
LOC111137241	627
LOC111112659	626
LOC111125030	626
LOC111137818	626
LOC111105531	625
LOC111123436	625
LOC111112307	624
LOC111108313	623
LOC111125077	623
LOC111119930	621
LOC111122527	621
LOC111136750	621
LOC111119666	620
LOC111129327	620
LOC111135424	620
LOC111129071	619
LOC111137662	619
LOC111117335	618
LOC111135962	618
LOC111118413	617
LOC111123422	617
LOC111135203	617
LOC111135637	617
LOC111125427	616
LOC111132658	616
LOC111133748	616
LOC111101471	615
LOC111103855	615
LOC111126810	614
LOC111130219	614
LOC111133336	614
LOC111136040	614
LOC111133237	613
LOC111118331	612
LOC111131366	611
LOC111136461	611
LOC111124414	610
LOC111125532	610
LOC111104085	609
LOC111104685	609
LOC111103971	608
LOC111127288	608
LOC111129873	607
LOC111135106	607
LOC111105733	606
LOC111121175	606
LOC111133527	605
LOC111137688	605
LOC111100406	604
LOC111125154	604
LOC111128965	604
LOC111134460	603
LOC111112150	602
LOC111118250	602
LOC111128491	602
LOC111135459	602
LOC111136760	602
LOC111107474	601
LOC111100190	599
LOC111105096	599
LOC111114913	599
LOC111135930	599
LOC111103115	598
LOC111110359	598
LOC111126706	598
LOC111129170	598
LOC111131501	598
LOC111131566	598
LOC111134719	598
LOC111137077	598
LOC111118168	597
LOC111120655	597
LOC111137076	597
LOC111100399	596
LOC111127183	596
LOC111126113	595
LOC111130435	595
LOC111100637	594
LOC111120180	594
LOC111125665	594
LOC111128185	594
LOC111132876	593
LOC111119215	592
LOC111123962	592
LOC111135225	592
LOC111103539	590
LOC111111579	590
LOC111128024	590
LOC111125223	589
LOC111104023	588
LOC111128674	588
LOC111130661	586
LOC111118793	585
LOC111130222	585
LOC111138440	585
LOC111124697	584
LOC111121413	582
LOC111136432	582
LOC111128762	581
LOC111131356	581
LOC111135887	581
LOC111099182	580
LOC111124350	580
LOC111135553	580
LOC111136230	580
LOC111127322	579
LOC111136410	578
LOC111103220	577
LOC111118919	577
LOC111127008	576
LOC111103787	575
LOC111112045	575
LOC111108255	574
LOC111126926	574
LOC111127475	574
LOC111134266	574
LOC111109848	573
LOC111130898	573
LOC111135003	573
LOC111135432	573
LOC111110357	572
LOC111133414	572
LOC111105129	571
LOC111135605	571
LOC111104020	569
LOC111123978	569
LOC111102644	568
LOC111104752	568
LOC111110155	568
LOC111126086	568
LOC111130157	568
LOC111131036	568
LOC111117152	567
LOC111134723	567
LOC111122265	566
LOC111122436	566
LOC111124314	566
LOC111127540	566
LOC111128022	566
LOC111132962	566
LOC111134243	566
LOC111126987	565
LOC111128605	565
LOC111138124	565
LOC111132803	564
LOC111111276	563
LOC111121456	563
LOC111131267	562
LOC111136084	562
LOC111123878	560
LOC111134612	560
LOC111123243	559
LOC111124479	559
LOC111104368	558
LOC111117619	558
LOC111135353	558
LOC111125757	557
LOC111099626	556
LOC111135800	556
LOC111101059	555
LOC111102938	555
LOC111114593	555
LOC111099210	554
LOC111103434	554
LOC111112965	554
LOC111126601	554
LOC111106862	553
LOC111101313	552
LOC111113265	552
LOC111122043	552
LOC111103094	551
LOC111114799	551
LOC111126467	551
LOC111119376	550
LOC111135360	549
LOC111132421	548
LOC111123266	547
LOC111129443	547
LOC111129444	547
LOC111123526	546
LOC111138504	546
LOC111099068	545
LOC111136180	545
LOC111108426	544
LOC111119690	544
LOC111133386	543
LOC111130544	542
LOC111131815	542
LOC111133045	542
LOC111136329	542
LOC111119285	541
LOC111124324	541
LOC111131044	540
LOC111136295	540
LOC111122308	537
LOC111111170	536
LOC111115730	536
LOC111119855	536
LOC111100900	534
LOC111103323	534
LOC111105286	534
LOC111109163	534
LOC111115689	534
LOC111110867	533
LOC111118028	533
LOC111103339	532
LOC111118860	532
LOC111119243	532
LOC111119799	532
LOC111133892	532
LOC111101148	531
LOC111119177	531
LOC111099460	530
LOC111137955	530
LOC111108370	529
LOC111135592	529
LOC111120064	528
LOC111121839	528
LOC111132990	528
LOC111125671	527
LOC111111157	526
LOC111115147	526
LOC111123045	526
LOC111134973	525
LOC111109072	524
LOC111123841	523
LOC111134535	523
LOC111107863	522
LOC111116431	521
LOC111112993	519
LOC111123494	518
LOC111136795	518
LOC111136886	517
LOC111104179	515
LOC111115442	515
LOC111131178	515
LOC111103626	514
LOC111130529	514
LOC111135160	514
LOC111125551	513
LOC111125784	513
LOC111128913	513
LOC111134129	513
LOC111100426	512
LOC111129301	512
LOC111133259	512
LOC111138017	512
LOC111129332	511
LOC111122365	510
LOC111109775	509
LOC111128979	508
LOC111108086	507
LOC111119375	506
LOC111106386	505
LOC111134928	505
LOC111137624	505
LOC111100676	504
LOC111137761	504
LOC111103945	503
LOC111114987	503
LOC111115569	503
LOC111121131	503
LOC111135857	503
LOC111137581	501
LOC111133478	500
LOC111103819	499
LOC111125441	499
LOC111128801	499
LOC111127772	498
LOC111102817	497
LOC111138487	497
LOC111122286	496
LOC111130385	496
LOC111100587	495
LOC111103512	495
LOC111108412	495
LOC111124719	495
LOC111129297	495
LOC111136315	495
LOC111130687	494
LOC111134841	494
LOC111135650	494
LOC111100562	493
LOC111134967	493
LOC111115006	491
LOC111121098	489
LOC111128086	489
LOC111135462	487
LOC111130349	486
LOC111134378	486
LOC111107715	484
LOC111120529	484
LOC111128716	484
LOC111129891	483
LOC111129680	482
LOC111137997	482
LOC111104294	481
LOC111111234	481
LOC111119585	481
LOC111124436	481
LOC111129882	480
LOC111129257	479
LOC111118968	477
LOC111126574	477
LOC111137248	477
LOC111113264	474
LOC111113578	474
LOC111102904	473
LOC111109896	473
LOC111116497	473
LOC111121868	472
LOC111102243	471
LOC111108124	471
LOC111125353	470
LOC111130755	470
LOC111125202	469
LOC111102010	468
LOC111126389	468
LOC111102756	466
LOC111105834	466
LOC111130697	466
LOC111136079	466
LOC111137026	465
LOC111111061	464
LOC111112913	464
LOC111123624	464
LOC111114229	463
LOC111120390	463
LOC111119428	462
LOC111133508	462
LOC111122264	461
LOC111100351	460
LOC111100610	460
LOC111109529	460
LOC111114768	459
LOC111135580	459
LOC111105268	458
LOC111118210	458
LOC111104350	457
LOC111120062	457
LOC111120294	457
LOC111136479	457
LOC111125358	456
LOC111126457	456
LOC111135163	456
LOC111130582	455
LOC111135217	455
LOC111100503	454
LOC111134865	454
LOC111124753	453
LOC111126658	453
LOC111130037	453
LOC111103867	452
LOC111121108	452
LOC111121844	452
LOC111135872	452
LOC111104327	451
LOC111130192	451
LOC111133903	451
LOC111114769	450
LOC111123262	449
LOC111132949	449
LOC111118102	448
LOC111129178	448
LOC111122414	447
LOC111127789	447
LOC111105356	446
LOC111135853	446
LOC111099932	445
LOC111122335	444
LOC111136418	444
LOC111137905	444
LOC111137679	442
LOC111135485	441
LOC111135555	440
LOC111119625	439
LOC111128042	439
LOC111126166	438
LOC111100612	437
LOC111121139	437
LOC111105199	436
LOC111108656	435
LOC111115046	435
LOC111120085	435
LOC111112880	434
LOC111137989	434
LOC111107356	433
LOC111113709	433
LOC111131272	433
LOC111115752	432
LOC111119395	432
LOC111133780	432
LOC111124377	430
LOC111128027	430
LOC111137032	429
LOC111099216	428
LOC111121200	428
LOC111127945	428
LOC111131375	428
LOC111134830	428
LOC111135835	428
LOC111099081	427
LOC111119213	427
LOC111127729	427
LOC111134735	427
LOC111107542	426
LOC111110284	426
LOC111136528	426
LOC111110980	425
LOC111126171	424
LOC111131963	424
LOC111126002	423
LOC111103080	422
LOC111135100	422
LOC111103655	421
LOC111129885	421
LOC111108084	420
LOC111114442	420
LOC111118983	420
LOC111135588	420
LOC111113238	419
LOC111127416	419
LOC111130338	419
LOC111135328	419
LOC111107757	418
LOC111110084	418
LOC111118362	418
LOC111106200	417
LOC111127248	416
LOC111135313	416
LOC111129746	415
LOC111136968	414
LOC111100599	413
LOC111119749	413
LOC111125293	413
LOC111127095	413
LOC111129175	413
LOC111120034	412
LOC111134884	412
LOC111106570	411
LOC111123852	411
LOC111123961	411
LOC111100993	410
LOC111125826	410
LOC111125156	409
LOC111102163	408
LOC111118653	408
LOC111125921	408
LOC111119185	407
LOC111136157	406
LOC111104415	404
LOC111118184	404
LOC111121363	404
LOC111124565	402
LOC111120494	401
LOC111134008	401
LOC111137616	401
LOC111123087	399
LOC111108896	398
LOC111122274	398
LOC111135219	398
LOC111137300	398
LOC111120230	397
LOC111125089	397
LOC111132268	397
LOC111128639	396
LOC111122732	394
LOC111122848	394
LOC111118830	392
LOC111126107	392
LOC111134404	392
LOC111134783	392
LOC111099459	391
LOC111108553	391
LOC111120053	391
LOC111135628	391
LOC111105165	390
LOC111134615	390
LOC111120037	389
LOC111129194	389
LOC111132239	389
LOC111119761	388
LOC111125078	388
LOC111129087	388
LOC111129643	387
LOC111125234	386
LOC111125363	386
LOC111125748	386
LOC111126211	386
LOC111130051	386
LOC111121444	385
LOC111125660	385
LOC111122806	384
LOC111128062	384
LOC111103422	383
LOC111121226	383
LOC111129144	382
LOC111103987	381
LOC111105213	381
LOC111115883	381
LOC111129732	380
LOC111112862	379
LOC111113271	379
LOC111127266	379
LOC111138492	379
LOC111124696	378
LOC111129484	378
LOC111131391	378
LOC111119098	376
LOC111119417	376
LOC111136093	376
LOC111133239	375
LOC111113051	373
LOC111120002	373
LOC111099410	372
LOC111131843	372
LOC111120833	371
LOC111126139	371
LOC111135201	371
LOC111114536	370
LOC111123959	370
LOC111126347	368
LOC111102002	367
LOC111122863	366
LOC111126441	366
LOC111118703	365
LOC111119635	365
LOC111135244	365
LOC111120231	364
LOC111131105	364
LOC111134647	364
LOC111118231	363
LOC111120575	363
LOC111126356	363
LOC111135927	363
LOC111136442	363
LOC111137466	363
LOC111100181	362
LOC111133205	362
LOC111137582	361
LOC111138132	360
LOC111107387	359
LOC111126003	358
LOC111126284	358
LOC111118346	356
LOC111121055	356
LOC111118626	355
LOC111120956	354
LOC111129014	354
LOC111135489	354
LOC111114641	353
LOC111131488	353
LOC111131611	353
LOC111101944	352
LOC111126406	351
LOC111133378	351
LOC111120981	350
LOC111136629	350
LOC111105744	349
LOC111112065	349
LOC111114230	349
LOC111115857	348
LOC111118406	348
LOC111122095	348
LOC111125304	348
LOC111125871	348
LOC111134559	348
LOC111137225	348
LOC111107149	347
LOC111118315	347
LOC111120953	347
LOC111123381	347
LOC111127826	347
LOC111132936	347
LOC111135499	347
LOC111135542	347
LOC111136036	347
LOC111122052	346
LOC111127133	346
LOC111102965	345
LOC111137537	345
LOC111116344	344
LOC111106819	342
LOC111129131	342
LOC111133221	342
LOC111100957	341
LOC111122170	341
LOC111115775	340
LOC111135005	340
LOC111135774	340
LOC111120888	339
LOC111107484	338
LOC111130760	338
LOC111135317	338
LOC111136675	338
LOC111108122	337
LOC111108345	337
LOC111128470	337
LOC111136530	337
LOC111137781	337
LOC111118304	336
LOC111120629	336
LOC111123630	336
LOC111124308	336
LOC111132361	336
LOC111133216	335
LOC111101029	334
LOC111118975	334
LOC111136239	334
LOC111124091	332
LOC111130826	332
LOC111138400	332
LOC111119150	331
LOC111129965	331
LOC111124757	330
LOC111130919	330
LOC111100374	329
LOC111124836	329
LOC111100047	327
LOC111100584	327
LOC111118437	327
LOC111122328	326
LOC111123252	325
LOC111134216	325
LOC111138204	325
LOC111121197	324
LOC111134852	324
LOC111124568	323
LOC111119318	322
LOC111104180	321
LOC111128145	321
LOC111128202	321
LOC111115943	319
LOC111119735	319
LOC111125379	319
LOC111122288	318
LOC111128909	318
LOC111132644	316
LOC111108286	315
LOC111109973	315
LOC111124507	315
LOC111124584	315
LOC111126272	315
LOC111105042	314
LOC111115638	314
LOC111119775	314
LOC111120127	313
LOC111121171	313
LOC111126736	313
LOC111126990	312
LOC111130485	312
LOC111101331	311
LOC111118225	311
LOC111125589	311
LOC111130145	311
LOC111105064	310
LOC111128589	310
LOC111100709	309
LOC111127009	309
LOC111129922	309
LOC111137727	309
LOC111101035	308
LOC111117244	308
LOC111101020	307
LOC111105716	307
LOC111120291	307
LOC111120518	307
LOC111119994	306
LOC111123796	305
LOC111131656	305
LOC111137757	305
LOC111137968	305
LOC111135195	304
LOC111106419	303
LOC111112204	303
LOC111123676	302
LOC111132691	302
LOC111107171	301
LOC111119448	301
LOC111124297	301
LOC111123705	300
LOC111136263	300
LOC111127491	299
LOC111129086	299
LOC111129516	299
LOC111106820	298
LOC111137271	298
LOC111112940	296
LOC111123964	296
LOC111124573	296
LOC111133568	296
LOC111136680	296
LOC111138222	296
LOC111120480	295
LOC111122023	295
LOC111125600	295
LOC111129436	295
LOC111136735	295
LOC111122579	294
LOC111123221	294
LOC111138107	294
LOC111129736	293
LOC111131289	293
LOC111133452	293
LOC111136183	293
LOC111138170	293
LOC111099547	292
LOC111100590	292
LOC111107403	292
LOC111107760	292
LOC111109398	292
LOC111129558	292
LOC111128544	291
LOC111130820	291
LOC111133811	291
LOC111102112	290
LOC111105310	290
LOC111108502	290
LOC111113070	290
LOC111136233	290
LOC111102685	289
LOC111112319	289
LOC111114057	289
LOC111135788	289
LOC111119194	288
LOC111118441	287
LOC111101369	286
LOC111118858	286
LOC111121303	286
LOC111135620	286
LOC111134894	285
LOC111135189	285
LOC111118568	284
LOC111120110	284
LOC111100549	283
LOC111114702	283
LOC111118927	282
LOC111124411	282
LOC111130644	282
LOC111122960	281
LOC111107093	280
LOC111101837	279
LOC111138358	279
LOC111101828	278
LOC111126203	278
LOC111119646	277
LOC111122745	277
LOC111128051	277
LOC111128776	277
LOC111138228	277
LOC111119112	276
LOC111124671	276
LOC111126123	276
LOC111137797	276
LOC111114072	275
LOC111136458	275
LOC111117309	274
LOC111134499	274
LOC111113385	273
LOC111122561	273
LOC111107146	272
LOC111112773	272
LOC111121156	272
LOC111120134	271
LOC111120549	271
LOC111123965	271
LOC111125714	271
LOC111130987	271
LOC111111027	270
LOC111124104	270
LOC111127227	270
LOC111100794	269
LOC111117997	269
LOC111103143	268
LOC111106024	268
LOC111126322	268
LOC111111252	267
LOC111129065	267
LOC111132942	267
LOC111133658	267
LOC111136486	267
LOC111117743	266
LOC111121212	266
LOC111129852	266
LOC111108785	265
LOC111125291	265
LOC111099168	264
LOC111106176	264
LOC111117207	264
LOC111136463	264
LOC111119851	263
LOC111125048	263
LOC111125823	263
LOC111138321	263
LOC111117367	262
LOC111119863	261
LOC111120883	261
LOC111122396	261
LOC111125079	261
LOC111130046	261
LOC111135144	261
LOC111137078	261
LOC111105139	260
LOC111128655	260
LOC111110996	259
LOC111112387	259
LOC111122642	259
LOC111128477	259
LOC111130669	259
LOC111100909	258
LOC111111117	258
LOC111116065	258
LOC111134639	258
LOC111103624	257
LOC111118404	257
LOC111119407	257
LOC111124045	257
LOC111130095	257
LOC111136002	257
LOC111115740	256
LOC111120831	256
LOC111136823	256
LOC111134662	255
LOC111118383	254
LOC111129611	254
LOC111130363	254
LOC111129050	253
LOC111131715	253
LOC111138243	253
LOC111106314	252
LOC111110266	252
LOC111111473	252
LOC111133487	250
LOC111135563	250
LOC111110368	249
LOC111125295	249
LOC111131439	249
LOC111137033	249
LOC111133196	248
LOC111100065	247
LOC111103396	247
LOC111129627	247
LOC111099112	246
LOC111121086	246
LOC111124319	246
LOC111105684	245
LOC111120987	245
LOC111111998	244
LOC111116384	244
LOC111119678	244
LOC111131549	243
LOC111101814	242
LOC111133307	242
LOC111137045	242
LOC111111773	241
LOC111121726	241
LOC111099524	240
LOC111108911	240
LOC111132318	239
LOC111137942	239
LOC111107306	238
LOC111122080	238
LOC111122366	238
LOC111126165	238
LOC111132755	238
LOC111135373	238
LOC111112953	237
LOC111136396	237
LOC111103235	236
LOC111116350	236
LOC111123806	236
LOC111126865	236
LOC111130404	235
LOC111133666	235
LOC111100280	234
LOC111110831	234
LOC111135836	234
LOC111130337	233
LOC111132543	233
LOC111135497	233
LOC111100483	232
LOC111113266	232
LOC111127391	232
LOC111102162	231
LOC111118428	231
LOC111103496	230
LOC111123884	230
LOC111124889	230
LOC111117652	229
LOC111124412	229
LOC111100042	228
LOC111121646	228
LOC111134925	228
LOC111124619	227
LOC111125192	227
LOC111112642	226
LOC111116437	226
LOC111121829	226
LOC111099884	225
LOC111118090	225
LOC111111087	224
LOC111133858	224
LOC111137120	224
LOC111138058	224
LOC111122389	223
LOC111127835	223
LOC111123097	222
LOC111130762	221
LOC111137552	221
LOC111112919	220
LOC111127743	220
LOC111129777	220
LOC111135689	220
LOC111100718	219
LOC111105580	219
LOC111108797	218
LOC111108844	218
LOC111099872	217
LOC111111236	217
LOC111122026	217
LOC111112866	216
LOC111126067	216
LOC111128303	216
LOC111130869	216
LOC111123218	215
LOC111128106	215
LOC111132242	215
LOC111136950	215
LOC111120745	214
LOC111125386	213
LOC111125821	213
LOC111131633	213
LOC111100574	212
LOC111121140	212
LOC111123155	212
LOC111132259	212
LOC111135773	212
LOC111123248	211
LOC111130209	211
LOC111116594	210
LOC111117041	210
LOC111119767	210
LOC111121124	210
LOC111104535	209
LOC111108651	209
LOC111101358	208
LOC111112131	207
LOC111125632	206
LOC111137103	206
LOC111119857	205
LOC111124644	205
LOC111134136	205
LOC111135134	205
LOC111113622	204
LOC111135174	204
LOC111102289	203
LOC111107064	203
LOC111121831	203
LOC111123575	203
LOC111115556	202
LOC111129334	202
LOC111131800	202
LOC111136241	202
LOC111100188	201
LOC111103342	201
LOC111114886	201
LOC111117985	201
LOC111126170	201
LOC111128497	201
LOC111137411	201
LOC111118612	200
LOC111119927	200
LOC111123227	200
LOC111128995	200
LOC111132880	200
LOC111125882	199
LOC111129287	199
LOC111103517	198
LOC111123339	198
LOC111127104	198
LOC111130581	198
LOC111131228	198
LOC111134566	198
LOC111135038	198
LOC111108006	197
LOC111123734	197
LOC111129296	197
LOC111106810	196
LOC111109505	196
LOC111112743	196
LOC111115059	196
LOC111123343	196
LOC111127465	196
LOC111135294	195
LOC111136821	195
LOC111099104	194
LOC111129622	194
LOC111136721	194
LOC111117761	193
LOC111121170	193
LOC111133988	193
LOC111128646	192
LOC111107600	191
LOC111108408	191
LOC111109171	191
LOC111117182	191
LOC111117437	191
LOC111133034	191
LOC111138231	191
LOC111116850	190
LOC111107844	189
LOC111120079	189
LOC111126904	189
LOC111136405	189
LOC111104899	188
LOC111131066	188
LOC111137832	188
LOC111103622	187
LOC111115811	187
LOC111118551	187
LOC111120719	187
LOC111122998	187
LOC111125795	187
LOC111131546	187
LOC111135851	187
LOC111136575	187
LOC111102525	186
LOC111104642	186
LOC111110678	186
LOC111128085	186
LOC111137017	185
LOC111137712	185
LOC111114066	184
LOC111121760	184
LOC111133464	184
LOC111123577	183
LOC111126343	183
LOC111136903	183
LOC111101902	182
LOC111104148	182
LOC111134503	182
LOC111110182	181
LOC111121533	181
LOC111109453	180
LOC111134771	180
LOC111122852	179
LOC111128976	179
LOC111114595	178
LOC111117952	178
LOC111120454	178
LOC111126192	178
LOC111108052	177
LOC111124580	177
LOC111116273	176
LOC111124057	176
LOC111119811	175
LOC111123200	175
LOC111124587	175
LOC111127088	175
LOC111131379	175
LOC111137485	175
LOC111117050	174
LOC111118576	174
LOC111128795	174
LOC111135537	174
LOC111101930	173
LOC111103785	173
LOC111109135	173
LOC111100852	172
LOC111114616	172
LOC111116392	172
LOC111118500	172
LOC111119570	172
LOC111127757	172
LOC111128151	172
LOC111134140	172
LOC111106322	170
LOC111123404	170
LOC111124616	170
LOC111126210	170
LOC111100403	169
LOC111102580	169
LOC111109130	169
LOC111118892	169
LOC111128321	169
LOC111133475	169
LOC111135439	169
LOC111101822	168
LOC111107408	168
LOC111114831	168
LOC111117195	168
LOC111127744	167
LOC111135048	167
LOC111104183	166
LOC111119404	166
LOC111120012	166
LOC111121519	166
LOC111124633	166
LOC111127980	166
LOC111128757	166
LOC111130441	166
LOC111130946	166
LOC111131317	166
LOC111131318	166
LOC111132030	166
LOC111135220	166
LOC111135861	166
LOC111119433	165
LOC111123997	165
LOC111126382	165
LOC111126538	164
LOC111127482	164
LOC111129120	164
LOC111138265	164
LOC111106051	163
LOC111108112	163
LOC111108509	163
LOC111112758	163
LOC111118583	163
LOC111125557	163
LOC111128983	163
LOC111133023	163
LOC111134856	163
LOC111137415	163
LOC111103993	162
LOC111105153	162
LOC111108265	162
LOC111108629	162
LOC111122987	162
LOC111128648	161
LOC111121129	160
LOC111125490	160
LOC111129982	160
LOC111101101	159
LOC111104359	159
LOC111117025	158
LOC111118120	158
LOC111126179	158
LOC111127431	158
LOC111134406	158
LOC111105248	157
LOC111111493	157
LOC111132267	157
LOC111136017	157
LOC111130281	156
LOC111137214	156
LOC111099484	155
LOC111104769	155
LOC111106624	155
LOC111122072	154
LOC111131327	154
LOC111134249	154
LOC111134363	154
LOC111101872	153
LOC111114110	153
LOC111124311	153
LOC111102665	152
LOC111118678	152
LOC111126395	152
LOC111130378	152
LOC111134577	152
LOC111135790	152
LOC111105566	151
LOC111105690	151
LOC111114561	151
LOC111123059	151
LOC111126616	151
LOC111126759	151
LOC111102596	150
LOC111111098	149
LOC111116092	149
LOC111121111	149
LOC111135209	149
LOC111136433	149
LOC111113236	148
LOC111119640	148
LOC111135916	148
LOC111137789	148
LOC111110146	147
LOC111121270	147
LOC111122403	147
LOC111122783	147
LOC111128064	147
LOC111102086	146
LOC111121470	146
LOC111124596	146
LOC111130707	146
LOC111103813	145
LOC111120223	145
LOC111123604	145
LOC111137332	145
LOC111103829	144
LOC111114601	144
LOC111126609	144
LOC111132609	144
LOC111137173	144
LOC111137527	144
LOC111137575	144
LOC111110259	143
LOC111122310	143
LOC111125360	143
LOC111135162	143
LOC111133872	142
LOC111134673	142
LOC111102934	141
LOC111103223	141
LOC111120963	141
LOC111127121	141
LOC111127828	141
LOC111129223	141
LOC111134124	141
LOC111136677	141
LOC111138099	141
LOC111129348	140
LOC111131433	140
LOC111110682	139
LOC111123312	139
LOC111134816	139
LOC111138246	139
LOC111100511	138
LOC111102684	138
LOC111103441	138
LOC111127964	138
LOC111132291	138
LOC111135471	138
LOC111101006	137
LOC111115744	137
LOC111122077	137
LOC111124525	137
LOC111124550	137
LOC111126149	137
LOC111135587	137
LOC111111656	136
LOC111120608	136
LOC111124320	136
LOC111128808	136
LOC111130114	136
LOC111130257	136
LOC111135330	136
LOC111101103	135
LOC111120759	135
LOC111133107	135
LOC111130019	134
LOC111126692	133
LOC111134887	133
LOC111103956	132
LOC111106754	132
LOC111113598	132
LOC111133124	132
LOC111114148	131
LOC111119571	131
LOC111120244	131
LOC111128034	131
LOC111129016	131
LOC111135252	131
LOC111119116	130
LOC111122171	130
LOC111129290	130
LOC111135320	130
LOC111107253	129
LOC111111528	129
LOC111113692	129
LOC111128350	129
LOC111136256	129
LOC111114981	128
LOC111120880	128
LOC111125920	128
LOC111133987	128
LOC111100398	127
LOC111115473	127
LOC111123264	127
LOC111128102	127
LOC111130107	127
LOC111130704	126
LOC111132463	126
LOC111107342	125
LOC111117721	125
LOC111117732	125
LOC111117953	125
LOC111120848	125
LOC111128794	125
LOC111128927	125
LOC111130259	125
LOC111131341	125
LOC111135657	125
LOC111105939	124
LOC111111551	124
LOC111113019	124
LOC111115607	124
LOC111121322	124
LOC111129493	123
LOC111132511	123
LOC111135607	123
LOC111136471	123
LOC111109652	122
LOC111113122	122
LOC111113157	122
LOC111115260	122
LOC111121245	121
LOC111126608	121
LOC111126774	121
LOC111129942	121
LOC111135245	121
LOC111137270	121
LOC111103814	120
LOC111115224	120
LOC111129912	120
LOC111133545	120
LOC111099517	119
LOC111099548	119
LOC111104166	119
LOC111124410	119
LOC111124621	119
LOC111125712	119
LOC111101590	118
LOC111123021	118
LOC111100371	117
LOC111122639	117
LOC111133200	117
LOC111120597	116
LOC111121023	116
LOC111127434	116
LOC111099731	115
LOC111105718	115
LOC111107409	115
LOC111126130	115
LOC111127355	115
LOC111131424	115
LOC111136018	115
LOC111100603	114
LOC111102638	114
LOC111119316	114
LOC111121399	114
LOC111133639	114
LOC111134703	114
LOC111135808	114
LOC111136205	114
LOC111138350	114
LOC111105150	113
LOC111122083	113
LOC111127822	113
LOC111129021	113
LOC111131868	113
LOC111135973	113
LOC111136232	113
LOC111137104	113
LOC111102509	112
LOC111110746	112
LOC111114675	112
LOC111119000	112
LOC111120979	112
LOC111130836	112
LOC111135842	112
LOC111136393	112
LOC111138147	112
LOC111108777	111
LOC111109465	111
LOC111118351	111
LOC111120828	111
LOC111122189	111
LOC111126133	111
LOC111127219	111
LOC111129470	111
LOC111130109	111
LOC111130231	111
LOC111130952	111
LOC111136858	111
LOC111099203	110
LOC111113416	110
LOC111119605	110
LOC111130228	110
LOC111137215	110
LOC111111665	109
LOC111112048	109
LOC111119483	109
LOC111130125	109
LOC111137702	109
LOC111129281	108
LOC111131285	108
LOC111135008	108
LOC111135514	108
LOC111101291	107
LOC111124033	107
LOC111127549	107
LOC111129817	107
LOC111134907	107
LOC111136115	107
LOC111121109	106
LOC111123077	106
LOC111135611	106
LOC111116326	105
LOC111131106	105
LOC111135099	105
LOC111136911	105
LOC111137307	105
LOC111103272	104
LOC111110630	104
LOC111113331	104
LOC111120774	104
LOC111122237	104
LOC111128998	104
LOC111134582	104
LOC111100400	103
LOC111107274	103
LOC111129155	103
LOC111135760	103
LOC111137971	103
LOC111101199	102
LOC111107977	102
LOC111111871	102
LOC111123305	102
LOC111126515	102
LOC111103014	101
LOC111112177	101
LOC111114039	101
LOC111117800	101
LOC111119695	101
LOC111120521	101
LOC111133222	101
LOC111135787	101
LOC111126317	100
LOC111127439	100
LOC111129242	100
LOC111136547	100
LOC111119534	99
LOC111119702	99
LOC111124306	99
LOC111125357	99
LOC111125890	99
LOC111134886	99
LOC111137602	99
LOC111138196	99
LOC111104382	98
LOC111118258	98
LOC111130461	98
LOC111135747	98
LOC111110504	97
LOC111108661	96
LOC111120324	96
LOC111128768	96
LOC111132104	96
LOC111133789	96
LOC111135777	96
LOC111136224	96
LOC111103659	95
LOC111104451	95
LOC111106048	95
LOC111108424	95
LOC111120200	95
LOC111122012	95
LOC111123869	95
LOC111133739	95
LOC111108505	94
LOC111110406	94
LOC111117388	94
LOC111118262	94
LOC111118844	94
LOC111125947	94
LOC111126497	94
LOC111133246	94
LOC111133718	94
LOC111136303	94
LOC111137006	94
LOC111101394	93
LOC111111881	93
LOC111118255	93
LOC111119394	93
LOC111122184	93
LOC111123656	93
LOC111125879	93
LOC111135491	93
LOC111100766	92
LOC111119652	92
LOC111121052	92
LOC111122650	92
LOC111122838	92
LOC111129112	92
LOC111100640	91
LOC111101300	91
LOC111102661	91
LOC111112876	91
LOC111116372	91
LOC111121841	91
LOC111123749	91
LOC111132045	91
LOC111134638	91
LOC111100580	90
LOC111105869	90
LOC111107276	90
LOC111107994	90
LOC111111504	90
LOC111111546	90
LOC111118463	90
LOC111121482	90
LOC111125459	90
LOC111131243	90
LOC111136999	90
LOC111137390	90
LOC111100616	89
LOC111119259	89
LOC111121005	89
LOC111122360	89
LOC111130062	89
LOC111133368	89
LOC111135292	89
LOC111137520	89
LOC111108479	88
LOC111115725	88
LOC111124613	88
LOC111126377	88
LOC111128281	88
LOC111130791	88
LOC111133736	88
LOC111104099	87
LOC111105858	87
LOC111115628	87
LOC111117973	87
LOC111118456	87
LOC111118850	87
LOC111125627	87
LOC111129307	87
LOC111129911	87
LOC111131840	87
LOC111133926	87
LOC111134726	87
LOC111116597	86
LOC111121916	86
LOC111123987	86
LOC111128428	86
LOC111129077	86
LOC111129970	86
LOC111134833	86
LOC111135097	86
LOC111135877	86
LOC111112844	85
LOC111126065	85
LOC111130884	85
LOC111103944	84
LOC111104021	84
LOC111112624	84
LOC111119183	84
LOC111129784	84
LOC111136644	84
LOC111138435	84
LOC111099692	83
LOC111100788	83
LOC111104439	83
LOC111106558	83
LOC111108514	83
LOC111118910	83
LOC111120704	83
LOC111125916	83
LOC111126675	83
LOC111126866	83
LOC111129694	83
LOC111129795	83
LOC111130503	83
LOC111134347	83
LOC111100373	82
LOC111105329	82
LOC111107154	82
LOC111118552	82
LOC111126456	82
LOC111129221	82
LOC111129788	82
LOC111131690	82
LOC111133661	82
LOC111135287	82
LOC111136078	82
LOC111136484	82
LOC111102779	81
LOC111105912	81
LOC111108511	81
LOC111112778	81
LOC111119485	81
LOC111121617	81
LOC111125676	81
LOC111136408	81
LOC111138232	81
LOC111103620	80
LOC111103792	80
LOC111113183	80
LOC111121979	80
LOC111122447	80
LOC111125562	80
LOC111131048	80
LOC111131596	80
LOC111135478	80
LOC111108615	79
LOC111109292	79
LOC111112580	79
LOC111113425	79
LOC111117320	79
LOC111119410	79
LOC111120499	79
LOC111120532	79
LOC111120558	79
LOC111124625	79
LOC111129497	79
LOC111133784	79
LOC111134128	79
LOC111138341	79
LOC111100465	78
LOC111100570	78
LOC111107395	78
LOC111107699	78
LOC111114497	78
LOC111118514	78
LOC111119413	78
LOC111120232	78
LOC111120773	78
LOC111121549	78
LOC111122669	78
LOC111124122	78
LOC111127650	78
LOC111131326	78
LOC111135316	78
LOC111136634	78
LOC111136875	78
LOC111103402	77
LOC111106640	77
LOC111120203	77
LOC111128023	77
LOC111130320	77
LOC111133021	77
LOC111135080	77
LOC111111304	76
LOC111114668	76
LOC111114820	76
LOC111118569	76
LOC111121121	76
LOC111123971	76
LOC111126900	76
LOC111127060	76
LOC111130838	76
LOC111133328	76
LOC111136511	76
LOC111100412	75
LOC111103513	75
LOC111128010	75
LOC111130118	75
LOC111135355	75
LOC111099754	74
LOC111106643	74
LOC111108388	74
LOC111121432	74
LOC111123621	74
LOC111123701	74
LOC111126544	74
LOC111127970	74
LOC111133473	74
LOC111111136	73
LOC111126391	73
LOC111130324	73
LOC111131871	73
LOC111132753	73
LOC111133150	73
LOC111135496	73
LOC111136681	73
LOC111137189	73
LOC111112912	72
LOC111117341	72
LOC111118023	72
LOC111118808	72
LOC111119156	72
LOC111121517	72
LOC111128182	72
LOC111130299	72
LOC111131057	72
LOC111131220	72
LOC111099736	71
LOC111110433	71
LOC111117966	71
LOC111126146	71
LOC111129830	71
LOC111133155	71
LOC111134191	71
LOC111134885	71
LOC111134900	71
LOC111135429	71
LOC111135882	71
LOC111136650	71
LOC111137930	71
LOC111109352	70
LOC111117911	70
LOC111118461	70
LOC111128374	70
LOC111128749	70
LOC111129350	70
LOC111135152	70
LOC111135793	70
LOC111136749	70
LOC111137240	70
LOC111100369	69
LOC111101184	69
LOC111101752	69
LOC111119453	69
LOC111120116	69
LOC111120426	69
LOC111120506	69
LOC111123848	69
LOC111125123	69
LOC111126216	69
LOC111128158	69
LOC111128590	69
LOC111129521	69
LOC111134831	69
LOC111136251	69
LOC111136551	69
LOC111136889	69
LOC111138025	69
LOC111105104	68
LOC111106408	68
LOC111108624	68
LOC111109462	68
LOC111110943	68
LOC111114519	68
LOC111114538	68
LOC111118831	68
LOC111120832	68
LOC111121019	68
LOC111124334	68
LOC111124745	68
LOC111129502	68
LOC111130932	68
LOC111134367	68
LOC111134522	68
LOC111137060	68
LOC111137577	68
LOC111137775	68
LOC111103000	67
LOC111118166	67
LOC111119160	67
LOC111123143	67
LOC111125018	67
LOC111126103	67
LOC111126117	67
LOC111126131	67
LOC111126682	67
LOC111128461	67
LOC111131119	67
LOC111134395	67
LOC111137518	67
LOC111137687	67
LOC111110316	66
LOC111113727	66
LOC111113822	66
LOC111114867	66
LOC111124394	66
LOC111125675	66
LOC111126147	66
LOC111128588	66
LOC111135623	66
LOC111101260	65
LOC111101594	65
LOC111106110	65
LOC111106319	65
LOC111109197	65
LOC111109301	65
LOC111118356	65
LOC111121048	65
LOC111123804	65
LOC111125164	65
LOC111126181	65
LOC111126443	65
LOC111128136	65
LOC111130057	65
LOC111130117	65
LOC111134260	65
LOC111136786	65
LOC111136789	65
LOC111137477	65
LOC111138162	65
LOC111105528	64
LOC111108759	64
LOC111109442	64
LOC111111868	64
LOC111116905	64
LOC111121426	64
LOC111128109	64
LOC111129279	64
LOC111129898	64
LOC111132418	64
LOC111134230	64
LOC111138048	64
LOC111099592	63
LOC111103514	63
LOC111110792	63
LOC111118932	63
LOC111120939	63
LOC111125277	63
LOC111125434	63
LOC111125951	63
LOC111125954	63
LOC111129359	63
LOC111129476	63
LOC111130645	63
LOC111133223	63
LOC111133337	63
LOC111134701	63
LOC111135382	63
LOC111136635	63
LOC111136925	63
LOC111138388	63
LOC111100963	62
LOC111100964	62
LOC111101851	62
LOC111108543	62
LOC111110638	62
LOC111110648	62
LOC111111787	62
LOC111112511	62
LOC111112602	62
LOC111119055	62
LOC111119577	62
LOC111119815	62
LOC111120013	62
LOC111124900	62
LOC111134715	62
LOC111135911	62
LOC111138112	62
LOC111101542	61
LOC111107262	61
LOC111120812	61
LOC111121739	61
LOC111122218	61
LOC111126088	61
LOC111126975	61
LOC111128527	61
LOC111129785	61
LOC111131147	61
LOC111136615	61
LOC111101024	60
LOC111102623	60
LOC111103372	60
LOC111119576	60
LOC111124760	60
LOC111127761	60
LOC111128431	60
LOC111128766	60
LOC111129338	60
LOC111131594	60
LOC111131764	60
LOC111133350	60
LOC111133597	60
LOC111134649	60
LOC111135314	60
LOC111137356	60
LOC111137838	60
LOC111103856	59
LOC111104017	59
LOC111107574	59
LOC111117877	59
LOC111119040	59
LOC111119639	59
LOC111120687	59
LOC111120964	59
LOC111124564	59
LOC111125880	59
LOC111126665	59
LOC111132766	59
LOC111134622	59
LOC111135113	59
LOC111137452	59
LOC111138046	59
LOC111103940	58
LOC111106859	58
LOC111108268	58
LOC111112990	58
LOC111117713	58
LOC111121366	58
LOC111121771	58
LOC111122390	58
LOC111126278	58
LOC111127397	58
LOC111129469	58
LOC111129948	58
LOC111131043	58
LOC111135190	58
LOC111135799	58
LOC111136976	58
LOC111138080	58
LOC111103387	57
LOC111107351	57
LOC111112959	57
LOC111119766	57
LOC111120840	57
LOC111121329	57
LOC111122666	57
LOC111123666	57
LOC111127339	57
LOC111128986	57
LOC111130080	57
LOC111130479	57
LOC111137447	57
LOC111137573	57
LOC111138338	57
LOC111102252	56
LOC111110983	56
LOC111118122	56
LOC111119906	56
LOC111119918	56
LOC111126902	56
LOC111128617	56
LOC111129487	56
LOC111129947	56
LOC111130020	56
LOC111134206	56
LOC111135374	56
LOC111099125	55
LOC111100992	55
LOC111101681	55
LOC111104814	55
LOC111105497	55
LOC111107480	55
LOC111116795	55
LOC111116960	55
LOC111119107	55
LOC111119931	55
LOC111120023	55
LOC111120868	55
LOC111121209	55
LOC111122439	55
LOC111123191	55
LOC111125356	55
LOC111125443	55
LOC111127103	55
LOC111128222	55
LOC111130576	55
LOC111131155	55
LOC111133507	55
LOC111133521	55
LOC111135409	55
LOC111136246	55
LOC111137160	55
LOC111100032	54
LOC111104972	54
LOC111109079	54
LOC111118652	54
LOC111118905	54
LOC111119050	54
LOC111119558	54
LOC111120973	54
LOC111122578	54
LOC111122970	54
LOC111124704	54
LOC111127725	54
LOC111127926	54
LOC111128167	54
LOC111129358	54
LOC111130223	54
LOC111132290	54
LOC111133145	54
LOC111134667	54
LOC111135257	54
LOC111136545	54
LOC111136674	54
LOC111136780	54
LOC111100499	53
LOC111103405	53
LOC111103407	53
LOC111104262	53
LOC111108432	53
LOC111113352	53
LOC111114331	53
LOC111119258	53
LOC111123065	53
LOC111123378	53
LOC111125311	53
LOC111125647	53
LOC111125942	53
LOC111128205	53
LOC111129255	53
LOC111132535	53
LOC111135414	53
LOC111135988	53
LOC111136549	53
LOC111138178	53
LOC111099442	52
LOC111099968	52
LOC111100633	52
LOC111101895	52
LOC111102833	52
LOC111104074	52
LOC111105748	52
LOC111112291	52
LOC111118435	52
LOC111119998	52
LOC111120090	52
LOC111121647	52
LOC111122158	52
LOC111122314	52
LOC111123310	52
LOC111124340	52
LOC111124360	52
LOC111127165	52
LOC111127387	52
LOC111127909	52
LOC111128082	52
LOC111132672	52
LOC111133059	52
LOC111133501	52
LOC111133559	52
LOC111134472	52
LOC111135331	52
LOC111136278	52
LOC111137317	52
LOC111101158	51
LOC111102640	51
LOC111102931	51
LOC111105637	51
LOC111107850	51
LOC111110235	51
LOC111119008	51
LOC111119752	51
LOC111121027	51
LOC111121137	51
LOC111124315	51
LOC111126860	51
LOC111128253	51
LOC111131564	51
LOC111132189	51
LOC111132493	51
LOC111133322	51
LOC111134145	51
LOC111135780	51
LOC111135926	51
LOC111135941	51
LOC111100274	50
LOC111102798	50
LOC111105234	50
LOC111105809	50
LOC111108004	50
LOC111108471	50
LOC111110781	50
LOC111111201	50
LOC111114766	50
LOC111119092	50
LOC111119411	50
LOC111121255	50
LOC111121563	50
LOC111122159	50
LOC111123921	50
LOC111126794	50
LOC111126936	50
LOC111127788	50
LOC111128834	50
LOC111129921	50
LOC111131065	50
LOC111132389	50
LOC111132560	50
LOC111133250	50
LOC111133429	50
LOC111133525	50
LOC111135396	50
LOC111136204	50
LOC111136708	50
LOC111137012	50
LOC111101967	49
LOC111104500	49
LOC111107058	49
LOC111107763	49
LOC111112275	49
LOC111113958	49
LOC111115257	49
LOC111115801	49
LOC111119018	49
LOC111119209	49
LOC111119919	49
LOC111120511	49
LOC111122797	49
LOC111123001	49
LOC111123130	49
LOC111124763	49
LOC111124769	49
LOC111127372	49
LOC111129009	49
LOC111129084	49
LOC111129240	49
LOC111130920	49
LOC111131734	49
LOC111132906	49
LOC111133256	49
LOC111133733	49
LOC111134949	49
LOC111135181	49
LOC111135702	49
LOC111135807	49
LOC111138309	49
LOC111099958	48
LOC111103893	48
LOC111104209	48
LOC111106318	48
LOC111106776	48
LOC111108692	48
LOC111110712	48
LOC111117543	48
LOC111118009	48
LOC111118268	48
LOC111119866	48
LOC111119929	48
LOC111122236	48
LOC111122674	48
LOC111127652	48
LOC111127801	48
LOC111128535	48
LOC111131070	48
LOC111133654	48
LOC111134193	48
LOC111134812	48
LOC111135565	48
LOC111135897	48
LOC111136336	48
LOC111137384	48
LOC111137693	48
LOC111099531	47
LOC111101053	47
LOC111101056	47
LOC111101478	47
LOC111102770	47
LOC111104027	47
LOC111105112	47
LOC111115405	47
LOC111116860	47
LOC111121085	47
LOC111121756	47
LOC111122054	47
LOC111122296	47
LOC111123306	47
LOC111124316	47
LOC111124804	47
LOC111125198	47
LOC111127214	47
LOC111127325	47
LOC111128658	47
LOC111129760	47
LOC111129937	47
LOC111130108	47
LOC111130825	47
LOC111131542	47
LOC111133139	47
LOC111133345	47
LOC111135125	47
LOC111136073	47
LOC111136493	47
LOC111136649	47
LOC111137396	47
LOC111137677	47
LOC111138481	47
LOC111100932	46
LOC111103305	46
LOC111103881	46
LOC111108060	46
LOC111109524	46
LOC111110817	46
LOC111110850	46
LOC111113838	46
LOC111119459	46
LOC111120158	46
LOC111120641	46
LOC111121267	46
LOC111121360	46
LOC111122398	46
LOC111122516	46
LOC111124294	46
LOC111124911	46
LOC111125475	46
LOC111126553	46
LOC111128584	46
LOC111129524	46
LOC111129904	46
LOC111130370	46
LOC111131521	46
LOC111131527	46
LOC111132176	46
LOC111132819	46
LOC111134635	46
LOC111134730	46
LOC111134751	46
LOC111136120	46
LOC111137109	46
LOC111138479	46
LOC111099597	45
LOC111101812	45
LOC111103429	45
LOC111104065	45
LOC111104082	45
LOC111110577	45
LOC111112570	45
LOC111115766	45
LOC111118020	45
LOC111120024	45
LOC111121114	45
LOC111121439	45
LOC111121653	45
LOC111124843	45
LOC111125095	45
LOC111125214	45
LOC111125801	45
LOC111126291	45
LOC111126648	45
LOC111127847	45
LOC111129333	45
LOC111129951	45
LOC111130355	45
LOC111130636	45
LOC111131033	45
LOC111131142	45
LOC111131165	45
LOC111132091	45
LOC111133839	45
LOC111136412	45
LOC111136838	45
LOC111136899	45
LOC111137079	45
LOC111137980	45
LOC111100563	44
LOC111102211	44
LOC111102834	44
LOC111106096	44
LOC111106944	44
LOC111108211	44
LOC111112925	44
LOC111115333	44
LOC111118320	44
LOC111118746	44
LOC111118985	44
LOC111119057	44
LOC111119561	44
LOC111120700	44
LOC111120730	44
LOC111123477	44
LOC111124530	44
LOC111124636	44
LOC111124846	44
LOC111126802	44
LOC111128289	44
LOC111128859	44
LOC111129467	44
LOC111129712	44
LOC111130022	44
LOC111130112	44
LOC111130179	44
LOC111130861	44
LOC111131782	44
LOC111132411	44
LOC111134853	44
LOC111135543	44
LOC111135736	44
LOC111136311	44
LOC111136595	44
LOC111137560	44
LOC111101057	43
LOC111101363	43
LOC111101836	43
LOC111102204	43
LOC111103096	43
LOC111103444	43
LOC111103875	43
LOC111104145	43
LOC111109109	43
LOC111109261	43
LOC111111488	43
LOC111112302	43
LOC111113160	43
LOC111114545	43
LOC111114715	43
LOC111115247	43
LOC111115356	43
LOC111117993	43
LOC111118137	43
LOC111118582	43
LOC111118896	43
LOC111119232	43
LOC111121780	43
LOC111122725	43
LOC111125105	43
LOC111127765	43
LOC111130246	43
LOC111130294	43
LOC111130323	43
LOC111130627	43
LOC111130702	43
LOC111131281	43
LOC111131344	43
LOC111131861	43
LOC111132043	43
LOC111133120	43
LOC111136424	43
LOC111136639	43
LOC111136709	43
LOC111137368	43
LOC111138201	43
LOC111138330	43
LOC111099184	42
LOC111101711	42
LOC111102803	42
LOC111102881	42
LOC111103107	42
LOC111104850	42
LOC111111886	42
LOC111114027	42
LOC111117944	42
LOC111118857	42
LOC111123340	42
LOC111124120	42
LOC111125345	42
LOC111125796	42
LOC111126277	42
LOC111126295	42
LOC111127769	42
LOC111127800	42
LOC111128958	42
LOC111129838	42
LOC111130164	42
LOC111130280	42
LOC111130397	42
LOC111130541	42
LOC111130876	42
LOC111133664	42
LOC111134317	42
LOC111134529	42
LOC111135222	42
LOC111135335	42
LOC111135619	42
LOC111135846	42
LOC111136429	42
LOC111136684	42
LOC111136874	42
LOC111137218	42
LOC111137983	42
LOC111138461	42
LOC111100314	41
LOC111100631	41
LOC111101287	41
LOC111102393	41
LOC111102910	41
LOC111103903	41
LOC111103981	41
LOC111108246	41
LOC111108262	41
LOC111108614	41
LOC111114569	41
LOC111115914	41
LOC111117954	41
LOC111118209	41
LOC111118257	41
LOC111119579	41
LOC111120303	41
LOC111121324	41
LOC111121361	41
LOC111121543	41
LOC111122064	41
LOC111124603	41
LOC111124837	41
LOC111125390	41
LOC111125820	41
LOC111126998	41
LOC111127776	41
LOC111128070	41
LOC111128270	41
LOC111128419	41
LOC111128654	41
LOC111130268	41
LOC111130874	41
LOC111130887	41
LOC111131660	41
LOC111131771	41
LOC111131864	41
LOC111133274	41
LOC111133343	41
LOC111134610	41
LOC111134950	41
LOC111135107	41
LOC111135909	41
LOC111136159	41
LOC111136646	41
LOC111136832	41
LOC111137100	41
LOC111137745	41
LOC111100972	40
LOC111101089	40
LOC111101896	40
LOC111101912	40
LOC111102413	40
LOC111103864	40
LOC111105896	40
LOC111107589	40
LOC111110292	40
LOC111110790	40
LOC111113278	40
LOC111117921	40
LOC111119121	40
LOC111119451	40
LOC111119740	40
LOC111120126	40
LOC111123198	40
LOC111124036	40
LOC111126709	40
LOC111127122	40
LOC111128332	40
LOC111129341	40
LOC111129866	40
LOC111129961	40
LOC111130180	40
LOC111131636	40
LOC111132235	40
LOC111133472	40
LOC111135403	40
LOC111136092	40
LOC111136449	40
LOC111138009	40
LOC111138277	40
LOC111100754	39
LOC111103988	39
LOC111104268	39
LOC111104410	39
LOC111105035	39
LOC111108235	39
LOC111109103	39
LOC111109234	39
LOC111110009	39
LOC111117189	39
LOC111117608	39
LOC111118037	39
LOC111119402	39
LOC111119647	39
LOC111120104	39
LOC111120541	39
LOC111120781	39
LOC111120993	39
LOC111121237	39
LOC111121349	39
LOC111124670	39
LOC111125211	39
LOC111125501	39
LOC111126220	39
LOC111126471	39
LOC111129829	39
LOC111130572	39
LOC111130638	39
LOC111131321	39
LOC111131506	39
LOC111132178	39
LOC111132338	39
LOC111133241	39
LOC111133947	39
LOC111133950	39
LOC111133986	39
LOC111134184	39
LOC111134508	39
LOC111134520	39
LOC111135293	39
LOC111135640	39
LOC111137236	39
LOC111137766	39
LOC111138414	39
LOC111100869	38
LOC111106311	38
LOC111107285	38
LOC111108287	38
LOC111108522	38
LOC111109251	38
LOC111109285	38
LOC111110332	38
LOC111111324	38
LOC111114558	38
LOC111114978	38
LOC111115153	38
LOC111117733	38
LOC111117774	38
LOC111118030	38
LOC111118324	38
LOC111118337	38
LOC111119066	38
LOC111119565	38
LOC111120124	38
LOC111120125	38
LOC111120139	38
LOC111122703	38
LOC111122969	38
LOC111123460	38
LOC111123907	38
LOC111123999	38
LOC111124703	38
LOC111128561	38
LOC111129316	38
LOC111129879	38
LOC111130331	38
LOC111130612	38
LOC111131012	38
LOC111132167	38
LOC111132786	38
LOC111132917	38
LOC111133030	38
LOC111134003	38
LOC111135350	38
LOC111135682	38
LOC111135746	38
LOC111136242	38
LOC111136751	38
LOC111136867	38
LOC111137354	38
LOC111137934	38
LOC111100604	37
LOC111100683	37
LOC111101795	37
LOC111102384	37
LOC111104127	37
LOC111104153	37
LOC111105936	37
LOC111106534	37
LOC111107240	37
LOC111108044	37
LOC111113381	37
LOC111114843	37
LOC111115124	37
LOC111117862	37
LOC111118374	37
LOC111118541	37
LOC111118907	37
LOC111119207	37
LOC111119393	37
LOC111120615	37
LOC111121007	37
LOC111121603	37
LOC111122173	37
LOC111122737	37
LOC111123572	37
LOC111124566	37
LOC111125104	37
LOC111125519	37
LOC111125833	37
LOC111127105	37
LOC111127499	37
LOC111127724	37
LOC111128318	37
LOC111129090	37
LOC111129092	37
LOC111129129	37
LOC111129985	37
LOC111133210	37
LOC111133357	37
LOC111133782	37
LOC111134592	37
LOC111135770	37
LOC111135783	37
LOC111135946	37
LOC111136444	37
LOC111136516	37
LOC111137193	37
LOC111138013	37
LOC111138275	37
LOC111099071	36
LOC111099580	36
LOC111099584	36
LOC111101848	36
LOC111102878	36
LOC111108379	36
LOC111112216	36
LOC111114855	36
LOC111119373	36
LOC111119397	36
LOC111119515	36
LOC111120695	36
LOC111120820	36
LOC111121118	36
LOC111123665	36
LOC111123724	36
LOC111124483	36
LOC111124701	36
LOC111125169	36
LOC111125522	36
LOC111125867	36
LOC111126038	36
LOC111126039	36
LOC111126222	36
LOC111126417	36
LOC111129593	36
LOC111130065	36
LOC111130992	36
LOC111131437	36
LOC111131610	36
LOC111132124	36
LOC111133091	36
LOC111133369	36
LOC111134386	36
LOC111134659	36
LOC111135247	36
LOC111135477	36
LOC111136054	36
LOC111136090	36
LOC111137455	36
LOC111138443	36
LOC111100575	35
LOC111100888	35
LOC111101030	35
LOC111102843	35
LOC111103404	35
LOC111103445	35
LOC111103866	35
LOC111105170	35
LOC111105807	35
LOC111110571	35
LOC111112369	35
LOC111113221	35
LOC111114240	35
LOC111114583	35
LOC111117471	35
LOC111118442	35
LOC111118643	35
LOC111118841	35
LOC111121096	35
LOC111121158	35
LOC111122551	35
LOC111123535	35
LOC111123625	35
LOC111124577	35
LOC111124758	35
LOC111126052	35
LOC111128334	35
LOC111128738	35
LOC111129195	35
LOC111131277	35
LOC111132381	35
LOC111133651	35
LOC111134462	35
LOC111135279	35
LOC111135645	35
LOC111135994	35
LOC111136099	35
LOC111136491	35
LOC111137529	35
LOC111138026	35
LOC111138142	35
LOC111138239	35
LOC111099147	34
LOC111099729	34
LOC111100436	34
LOC111101097	34
LOC111101533	34
LOC111102336	34
LOC111103403	34
LOC111104326	34
LOC111105754	34
LOC111109650	34
LOC111111282	34
LOC111111934	34
LOC111114680	34
LOC111114986	34
LOC111115720	34
LOC111119440	34
LOC111119865	34
LOC111121117	34
LOC111122340	34
LOC111122773	34
LOC111123546	34
LOC111123750	34
LOC111126836	34
LOC111128787	34
LOC111128941	34
LOC111129522	34
LOC111129868	34
LOC111130566	34
LOC111130654	34
LOC111131374	34
LOC111131483	34
LOC111133530	34
LOC111133865	34
LOC111133909	34
LOC111135009	34
LOC111135237	34
LOC111135685	34
LOC111135734	34
LOC111136591	34
LOC111099063	33
LOC111100714	33
LOC111103910	33
LOC111104361	33
LOC111105728	33
LOC111106809	33
LOC111109663	33
LOC111110205	33
LOC111113720	33
LOC111118012	33
LOC111119139	33
LOC111119748	33
LOC111121408	33
LOC111122139	33
LOC111122893	33
LOC111123263	33
LOC111123291	33
LOC111124500	33
LOC111125199	33
LOC111125201	33
LOC111128097	33
LOC111128221	33
LOC111128501	33
LOC111130904	33
LOC111131232	33
LOC111131838	33
LOC111134181	33
LOC111134425	33
LOC111135132	33
LOC111135389	33
LOC111135460	33
LOC111135899	33
LOC111136402	33
LOC111136651	33
LOC111136704	33
LOC111137383	33
LOC111099183	32
LOC111100362	32
LOC111100376	32
LOC111103326	32
LOC111104753	32
LOC111104818	32
LOC111106458	32
LOC111106464	32
LOC111108055	32
LOC111111605	32
LOC111112662	32
LOC111116260	32
LOC111119396	32
LOC111120684	32
LOC111122847	32
LOC111123088	32
LOC111123813	32
LOC111123970	32
LOC111125117	32
LOC111128076	32
LOC111130048	32
LOC111130842	32
LOC111133404	32
LOC111133510	32
LOC111133960	32
LOC111134614	32
LOC111134683	32
LOC111134838	32
LOC111134840	32
LOC111136250	32
LOC111136382	32
LOC111136415	32
LOC111137574	32
LOC111137825	32
LOC111099218	31
LOC111100902	31
LOC111104401	31
LOC111106217	31
LOC111106801	31
LOC111107096	31
LOC111110082	31
LOC111112733	31
LOC111113036	31
LOC111115300	31
LOC111118220	31
LOC111118471	31
LOC111118658	31
LOC111120030	31
LOC111120891	31
LOC111120957	31
LOC111121044	31
LOC111121274	31
LOC111122837	31
LOC111124744	31
LOC111125567	31
LOC111128608	31
LOC111129305	31
LOC111132132	31
LOC111133500	31
LOC111134642	31
LOC111134706	31
LOC111134906	31
LOC111134936	31
LOC111135149	31
LOC111135761	31
LOC111137094	31
LOC111137683	31
LOC111099105	30
LOC111099496	30
LOC111100595	30
LOC111101237	30
LOC111104084	30
LOC111104169	30
LOC111104713	30
LOC111106331	30
LOC111107189	30
LOC111107463	30
LOC111107476	30
LOC111108351	30
LOC111108358	30
LOC111109745	30
LOC111111264	30
LOC111113199	30
LOC111114505	30
LOC111114868	30
LOC111115433	30
LOC111115747	30
LOC111119091	30
LOC111119134	30
LOC111119689	30
LOC111119982	30
LOC111120422	30
LOC111120683	30
LOC111121397	30
LOC111124021	30
LOC111126197	30
LOC111126383	30
LOC111127278	30
LOC111127813	30
LOC111128213	30
LOC111129141	30
LOC111130072	30
LOC111130272	30
LOC111130343	30
LOC111130709	30
LOC111130939	30
LOC111131533	30
LOC111133163	30
LOC111134186	30
LOC111135336	30
LOC111135727	30
LOC111135903	30
LOC111136505	30
LOC111138006	30
LOC111103915	29
LOC111104292	29
LOC111106049	29
LOC111107608	29
LOC111108569	29
LOC111114174	29
LOC111115597	29
LOC111116309	29
LOC111119310	29
LOC111119535	29
LOC111119653	29
LOC111120074	29
LOC111120114	29
LOC111121146	29
LOC111121371	29
LOC111123210	29
LOC111123260	29
LOC111124527	29
LOC111125080	29
LOC111125372	29
LOC111125444	29
LOC111125623	29
LOC111125976	29
LOC111127916	29
LOC111127928	29
LOC111128315	29
LOC111128420	29
LOC111129291	29
LOC111129934	29
LOC111129999	29
LOC111130054	29
LOC111130501	29
LOC111130580	29
LOC111130613	29
LOC111131333	29
LOC111132144	29
LOC111132820	29
LOC111133197	29
LOC111133594	29
LOC111133781	29
LOC111135694	29
LOC111135828	29
LOC111137482	29
LOC111137519	29
LOC111137647	29
LOC111099803	28
LOC111100596	28
LOC111101228	28
LOC111101505	28
LOC111101763	28
LOC111102600	28
LOC111103905	28
LOC111104244	28
LOC111105305	28
LOC111107584	28
LOC111108256	28
LOC111108257	28
LOC111108439	28
LOC111108855	28
LOC111109594	28
LOC111110086	28
LOC111110591	28
LOC111111739	28
LOC111112344	28
LOC111112553	28
LOC111112881	28
LOC111115008	28
LOC111118389	28
LOC111118542	28
LOC111119427	28
LOC111119431	28
LOC111120235	28
LOC111121016	28
LOC111121610	28
LOC111124747	28
LOC111125575	28
LOC111126280	28
LOC111126518	28
LOC111126803	28
LOC111128347	28
LOC111128578	28
LOC111129181	28
LOC111130068	28
LOC111130364	28
LOC111131010	28
LOC111132566	28
LOC111133010	28
LOC111133499	28
LOC111133797	28
LOC111134414	28
LOC111134737	28
LOC111135116	28
LOC111135803	28
LOC111135819	28
LOC111137406	28
LOC111138108	28
LOC111099502	27
LOC111099870	27
LOC111100424	27
LOC111100581	27
LOC111106438	27
LOC111108786	27
LOC111110869	27
LOC111112961	27
LOC111114451	27
LOC111117027	27
LOC111118453	27
LOC111120004	27
LOC111120033	27
LOC111120492	27
LOC111120735	27
LOC111120975	27
LOC111121099	27
LOC111122048	27
LOC111123891	27
LOC111124389	27
LOC111125131	27
LOC111125325	27
LOC111125677	27
LOC111125974	27
LOC111128661	27
LOC111128797	27
LOC111129938	27
LOC111130322	27
LOC111130615	27
LOC111130633	27
LOC111130847	27
LOC111130902	27
LOC111131492	27
LOC111132009	27
LOC111132068	27
LOC111132836	27
LOC111133148	27
LOC111134544	27
LOC111134682	27
LOC111134796	27
LOC111134837	27
LOC111134953	27
LOC111135084	27
LOC111135086	27
LOC111135632	27
LOC111135764	27
LOC111136937	27
LOC111137122	27
LOC111137432	27
LOC111138041	27
LOC111138047	27
LOC111138159	27
LOC111138305	27
LOC111099196	26
LOC111100510	26
LOC111103557	26
LOC111103579	26
LOC111103592	26
LOC111104108	26
LOC111107422	26
LOC111108312	26
LOC111110039	26
LOC111110435	26
LOC111110619	26
LOC111111498	26
LOC111112130	26
LOC111114498	26
LOC111114806	26
LOC111115612	26
LOC111118211	26
LOC111118482	26
LOC111119314	26
LOC111120186	26
LOC111120676	26
LOC111120850	26
LOC111121747	26
LOC111122929	26
LOC111123601	26
LOC111124618	26
LOC111124692	26
LOC111125118	26
LOC111125946	26
LOC111126155	26
LOC111129018	26
LOC111129520	26
LOC111129675	26
LOC111130474	26
LOC111130637	26
LOC111130767	26
LOC111135757	26
LOC111135858	26
LOC111136102	26
LOC111136141	26
LOC111136758	26
LOC111136945	26
LOC111137141	26
LOC111137168	26
LOC111138367	26
LOC111101041	25
LOC111103388	25
LOC111106076	25
LOC111106207	25
LOC111108171	25
LOC111108199	25
LOC111108515	25
LOC111110014	25
LOC111110030	25
LOC111111174	25
LOC111112253	25
LOC111112348	25
LOC111113055	25
LOC111113398	25
LOC111114010	25
LOC111118604	25
LOC111119827	25
LOC111121058	25
LOC111121737	25
LOC111122836	25
LOC111123500	25
LOC111123966	25
LOC111124139	25
LOC111124284	25
LOC111124676	25
LOC111124955	25
LOC111125638	25
LOC111126209	25
LOC111126357	25
LOC111126780	25
LOC111128037	25
LOC111128103	25
LOC111128622	25
LOC111128798	25
LOC111129320	25
LOC111129681	25
LOC111129843	25
LOC111129897	25
LOC111130105	25
LOC111130358	25
LOC111131058	25
LOC111131459	25
LOC111132122	25
LOC111133477	25
LOC111133954	25
LOC111134076	25
LOC111134103	25
LOC111134247	25
LOC111134665	25
LOC111134724	25
LOC111135112	25
LOC111135138	25
LOC111135308	25
LOC111135430	25
LOC111135488	25
LOC111135598	25
LOC111135700	25
LOC111135721	25
LOC111135863	25
LOC111135869	25
LOC111136052	25
LOC111136713	25
LOC111137118	25
LOC111137341	25
LOC111138482	25
LOC111100154	24
LOC111101169	24
LOC111103167	24
LOC111103799	24
LOC111106504	24
LOC111108342	24
LOC111108798	24
LOC111109732	24
LOC111110631	24
LOC111111357	24
LOC111118302	24
LOC111119205	24
LOC111119371	24
LOC111119390	24
LOC111119538	24
LOC111119693	24
LOC111119712	24
LOC111120138	24
LOC111120899	24
LOC111121347	24
LOC111121400	24
LOC111121754	24
LOC111121836	24
LOC111123204	24
LOC111123710	24
LOC111124652	24
LOC111124848	24
LOC111125517	24
LOC111125973	24
LOC111126129	24
LOC111126227	24
LOC111127234	24
LOC111127555	24
LOC111127953	24
LOC111128906	24
LOC111130220	24
LOC111130956	24
LOC111131029	24
LOC111131099	24
LOC111132058	24
LOC111133731	24
LOC111134473	24
LOC111135186	24
LOC111135585	24
LOC111135980	24
LOC111136377	24
LOC111137585	24
LOC111138441	24
LOC111099446	23
LOC111099522	23
LOC111100044	23
LOC111100875	23
LOC111101440	23
LOC111102357	23
LOC111103288	23
LOC111104168	23
LOC111104419	23
LOC111105816	23
LOC111107728	23
LOC111108043	23
LOC111108609	23
LOC111108878	23
LOC111110487	23
LOC111111392	23
LOC111111568	23
LOC111112596	23
LOC111112909	23
LOC111113071	23
LOC111113165	23
LOC111115087	23
LOC111115718	23
LOC111117406	23
LOC111118497	23
LOC111119022	23
LOC111119487	23
LOC111119553	23
LOC111119746	23
LOC111119813	23
LOC111120652	23
LOC111120696	23
LOC111121262	23
LOC111121540	23
LOC111121589	23
LOC111121635	23
LOC111124551	23
LOC111124588	23
LOC111125090	23
LOC111125190	23
LOC111126134	23
LOC111127827	23
LOC111128552	23
LOC111129280	23
LOC111129351	23
LOC111129556	23
LOC111129862	23
LOC111129865	23
LOC111130427	23
LOC111130533	23
LOC111130647	23
LOC111130950	23
LOC111131230	23
LOC111132069	23
LOC111132309	23
LOC111132383	23
LOC111132530	23
LOC111132576	23
LOC111133017	23
LOC111133041	23
LOC111133388	23
LOC111134069	23
LOC111134350	23
LOC111135290	23
LOC111135401	23
LOC111136048	23
LOC111136594	23
LOC111136706	23
LOC111136887	23
LOC111136953	23
LOC111137181	23
LOC111137182	23
LOC111137417	23
LOC111138126	23
LOC111138463	23
LOC111099115	22
LOC111099511	22
LOC111100477	22
LOC111101050	22
LOC111101819	22
LOC111102183	22
LOC111105529	22
LOC111107234	22
LOC111109620	22
LOC111110421	22
LOC111112947	22
LOC111114242	22
LOC111114696	22
LOC111115926	22
LOC111116102	22
LOC111119328	22
LOC111119704	22
LOC111119769	22
LOC111119830	22
LOC111119940	22
LOC111120092	22
LOC111120142	22
LOC111120675	22
LOC111120798	22
LOC111122535	22
LOC111122811	22
LOC111122995	22
LOC111123207	22
LOC111123748	22
LOC111123837	22
LOC111123850	22
LOC111123901	22
LOC111124265	22
LOC111124699	22
LOC111125807	22
LOC111127936	22
LOC111128184	22
LOC111129158	22
LOC111129284	22
LOC111129591	22
LOC111129792	22
LOC111130568	22
LOC111130652	22
LOC111131160	22
LOC111132479	22
LOC111133033	22
LOC111133174	22
LOC111134337	22
LOC111134810	22
LOC111135318	22
LOC111135323	22
LOC111135419	22
LOC111135889	22
LOC111136727	22
LOC111099585	21
LOC111100273	21
LOC111100723	21
LOC111103061	21
LOC111103629	21
LOC111105967	21
LOC111108184	21
LOC111108767	21
LOC111109854	21
LOC111112599	21
LOC111112605	21
LOC111113040	21
LOC111114203	21
LOC111114904	21
LOC111115422	21
LOC111115726	21
LOC111115944	21
LOC111116042	21
LOC111117044	21
LOC111117389	21
LOC111118089	21
LOC111118139	21
LOC111118444	21
LOC111119114	21
LOC111119157	21
LOC111119527	21
LOC111120770	21
LOC111120855	21
LOC111120907	21
LOC111121097	21
LOC111121130	21
LOC111121217	21
LOC111121294	21
LOC111122059	21
LOC111122162	21
LOC111122985	21
LOC111123101	21
LOC111123421	21
LOC111124106	21
LOC111124549	21
LOC111124917	21
LOC111125011	21
LOC111125464	21
LOC111125986	21
LOC111126215	21
LOC111127323	21
LOC111127513	21
LOC111128248	21
LOC111128435	21
LOC111128864	21
LOC111129919	21
LOC111130071	21
LOC111130073	21
LOC111130354	21
LOC111130694	21
LOC111130908	21
LOC111130929	21
LOC111131591	21
LOC111131837	21
LOC111131845	21
LOC111132139	21
LOC111132955	21
LOC111133051	21
LOC111134341	21
LOC111134594	21
LOC111134728	21
LOC111134770	21
LOC111134859	21
LOC111135557	21
LOC111135797	21
LOC111136139	21
LOC111136167	21
LOC111136321	21
LOC111137641	21
LOC111138039	21
LOC111138348	21
LOC111138488	21
LOC111099427	20
LOC111100187	20
LOC111100625	20
LOC111100645	20
LOC111100802	20
LOC111101512	20
LOC111102805	20
LOC111103611	20
LOC111106426	20
LOC111107048	20
LOC111107779	20
LOC111109464	20
LOC111109481	20
LOC111109564	20
LOC111112842	20
LOC111115920	20
LOC111118110	20
LOC111118943	20
LOC111119013	20
LOC111119187	20
LOC111119225	20
LOC111119231	20
LOC111119322	20
LOC111120164	20
LOC111120703	20
LOC111121018	20
LOC111121380	20
LOC111121719	20
LOC111122291	20
LOC111122316	20
LOC111122994	20
LOC111123975	20
LOC111124391	20
LOC111124899	20
LOC111126125	20
LOC111126314	20
LOC111126564	20
LOC111127094	20
LOC111127126	20
LOC111127217	20
LOC111127318	20
LOC111127906	20
LOC111127929	20
LOC111128212	20
LOC111128721	20
LOC111129644	20
LOC111129734	20
LOC111129877	20
LOC111130167	20
LOC111130181	20
LOC111130277	20
LOC111130538	20
LOC111130875	20
LOC111131031	20
LOC111131170	20
LOC111131406	20
LOC111132232	20
LOC111132341	20
LOC111133341	20
LOC111133592	20
LOC111135069	20
LOC111135236	20
LOC111135950	20
LOC111135972	20
LOC111136368	20
LOC111136507	20
LOC111136509	20
LOC111136571	20
LOC111136604	20
LOC111136897	20
LOC111138012	20
LOC111138233	20
LOC111099300	19
LOC111099854	19
LOC111100339	19
LOC111100547	19
LOC111101223	19
LOC111102676	19
LOC111103873	19
LOC111106189	19
LOC111107222	19
LOC111108534	19
LOC111110381	19
LOC111111296	19
LOC111112572	19
LOC111112952	19
LOC111114902	19
LOC111116379	19
LOC111116427	19
LOC111116844	19
LOC111117059	19
LOC111117364	19
LOC111117969	19
LOC111119555	19
LOC111119909	19
LOC111120066	19
LOC111120889	19
LOC111121273	19
LOC111121279	19
LOC111121902	19
LOC111122524	19
LOC111122833	19
LOC111123988	19
LOC111124390	19
LOC111124726	19
LOC111125060	19
LOC111125280	19
LOC111125815	19
LOC111126156	19
LOC111127779	19
LOC111127986	19
LOC111129339	19
LOC111130425	19
LOC111130963	19
LOC111131171	19
LOC111131654	19
LOC111132481	19
LOC111133170	19
LOC111133504	19
LOC111133716	19
LOC111134392	19
LOC111134692	19
LOC111135243	19
LOC111135254	19
LOC111135668	19
LOC111135873	19
LOC111136400	19
LOC111136406	19
LOC111137764	19
LOC111137890	19
LOC111138268	19
LOC111138520	19
LOC111099375	18
LOC111100386	18
LOC111100540	18
LOC111100866	18
LOC111101216	18
LOC111102262	18
LOC111103307	18
LOC111103965	18
LOC111104518	18
LOC111105857	18
LOC111108202	18
LOC111108425	18
LOC111108443	18
LOC111110128	18
LOC111112886	18
LOC111113162	18
LOC111113299	18
LOC111113328	18
LOC111113756	18
LOC111113788	18
LOC111114075	18
LOC111114929	18
LOC111117220	18
LOC111117632	18
LOC111118260	18
LOC111118509	18
LOC111119027	18
LOC111119105	18
LOC111119163	18
LOC111119804	18
LOC111120753	18
LOC111121490	18
LOC111122293	18
LOC111122689	18
LOC111123240	18
LOC111123744	18
LOC111123747	18
LOC111124614	18
LOC111124802	18
LOC111125534	18
LOC111125847	18
LOC111125853	18
LOC111125868	18
LOC111126127	18
LOC111126381	18
LOC111126525	18
LOC111127228	18
LOC111127814	18
LOC111127886	18
LOC111128327	18
LOC111128361	18
LOC111129300	18
LOC111129413	18
LOC111129670	18
LOC111129959	18
LOC111130350	18
LOC111130794	18
LOC111131676	18
LOC111132055	18
LOC111132088	18
LOC111133006	18
LOC111133036	18
LOC111133890	18
LOC111133973	18
LOC111134863	18
LOC111134944	18
LOC111134997	18
LOC111135094	18
LOC111135165	18
LOC111135498	18
LOC111135589	18
LOC111136328	18
LOC111136958	18
LOC111138311	18
LOC111138403	18
LOC111099217	17
LOC111099770	17
LOC111100090	17
LOC111101731	17
LOC111103224	17
LOC111103309	17
LOC111103668	17
LOC111104133	17
LOC111104694	17
LOC111106954	17
LOC111107404	17
LOC111107587	17
LOC111109110	17
LOC111109254	17
LOC111109459	17
LOC111109472	17
LOC111109659	17
LOC111109660	17
LOC111109839	17
LOC111110360	17
LOC111112113	17
LOC111112330	17
LOC111112585	17
LOC111113116	17
LOC111115050	17
LOC111115184	17
LOC111115505	17
LOC111115600	17
LOC111115710	17
LOC111115769	17
LOC111116988	17
LOC111117452	17
LOC111118438	17
LOC111118999	17
LOC111119648	17
LOC111119743	17
LOC111120447	17
LOC111120787	17
LOC111120790	17
LOC111120875	17
LOC111121050	17
LOC111121544	17
LOC111121666	17
LOC111121914	17
LOC111122494	17
LOC111122861	17
LOC111122869	17
LOC111124662	17
LOC111125097	17
LOC111125310	17
LOC111125571	17
LOC111126450	17
LOC111126611	17
LOC111127124	17
LOC111128105	17
LOC111128176	17
LOC111128650	17
LOC111128669	17
LOC111128833	17
LOC111129005	17
LOC111129133	17
LOC111129304	17
LOC111129446	17
LOC111129535	17
LOC111129874	17
LOC111130001	17
LOC111130025	17
LOC111130055	17
LOC111131050	17
LOC111131518	17
LOC111131597	17
LOC111132125	17
LOC111132406	17
LOC111134275	17
LOC111134478	17
LOC111134540	17
LOC111134575	17
LOC111134736	17
LOC111134892	17
LOC111135406	17
LOC111135431	17
LOC111135670	17
LOC111135832	17
LOC111136089	17
LOC111136119	17
LOC111136731	17
LOC111136794	17
LOC111137237	17
LOC111137365	17
LOC111137536	17
LOC111138113	17
LOC111138315	17
LOC111099067	16
LOC111099552	16
LOC111100350	16
LOC111100870	16
LOC111100881	16
LOC111101123	16
LOC111103144	16
LOC111103449	16
LOC111103452	16
LOC111103499	16
LOC111104131	16
LOC111104358	16
LOC111105527	16
LOC111106142	16
LOC111106316	16
LOC111107270	16
LOC111108145	16
LOC111108840	16
LOC111111485	16
LOC111112126	16
LOC111112578	16
LOC111113929	16
LOC111114520	16
LOC111117730	16
LOC111117986	16
LOC111118026	16
LOC111118913	16
LOC111118992	16
LOC111119216	16
LOC111119430	16
LOC111119469	16
LOC111119568	16
LOC111119948	16
LOC111120054	16
LOC111120722	16
LOC111120903	16
LOC111121091	16
LOC111121280	16
LOC111121435	16
LOC111122030	16
LOC111122120	16
LOC111122581	16
LOC111122662	16
LOC111122963	16
LOC111123976	16
LOC111124322	16
LOC111124631	16
LOC111124698	16
LOC111124829	16
LOC111124992	16
LOC111125113	16
LOC111125331	16
LOC111125393	16
LOC111125458	16
LOC111125668	16
LOC111125895	16
LOC111126204	16
LOC111126402	16
LOC111126835	16
LOC111127664	16
LOC111127891	16
LOC111128235	16
LOC111128837	16
LOC111128949	16
LOC111129526	16
LOC111129810	16
LOC111130473	16
LOC111132893	16
LOC111133509	16
LOC111134187	16
LOC111134441	16
LOC111134463	16
LOC111134568	16
LOC111135082	16
LOC111136003	16
LOC111136430	16
LOC111136663	16
LOC111137305	16
LOC111137722	16
LOC111138081	16
LOC111138123	16
LOC111138184	16
LOC111099219	15
LOC111101212	15
LOC111102275	15
LOC111103836	15
LOC111104058	15
LOC111106659	15
LOC111107290	15
LOC111108252	15
LOC111108480	15
LOC111110192	15
LOC111110413	15
LOC111110658	15
LOC111110784	15
LOC111110828	15
LOC111111017	15
LOC111111599	15
LOC111111918	15
LOC111112006	15
LOC111112399	15
LOC111112918	15
LOC111112989	15
LOC111113248	15
LOC111113390	15
LOC111113768	15
LOC111114657	15
LOC111116101	15
LOC111119115	15
LOC111119812	15
LOC111120083	15
LOC111120130	15
LOC111120701	15
LOC111120906	15
LOC111121051	15
LOC111121177	15
LOC111122904	15
LOC111123272	15
LOC111124634	15
LOC111124640	15
LOC111125426	15
LOC111125491	15
LOC111125922	15
LOC111125978	15
LOC111126336	15
LOC111126874	15
LOC111127226	15
LOC111127316	15
LOC111127576	15
LOC111127848	15
LOC111127975	15
LOC111129117	15
LOC111129303	15
LOC111130302	15
LOC111130344	15
LOC111130423	15
LOC111130926	15
LOC111130951	15
LOC111131340	15
LOC111131826	15
LOC111131872	15
LOC111132081	15
LOC111133062	15
LOC111133070	15
LOC111133284	15
LOC111133939	15
LOC111133992	15
LOC111134709	15
LOC111135363	15
LOC111135967	15
LOC111136124	15
LOC111136146	15
LOC111136200	15
LOC111136220	15
LOC111136606	15
LOC111137074	15
LOC111137326	15
LOC111138053	15
LOC111138129	15
LOC111138216	15
LOC111099047	14
LOC111101039	14
LOC111101043	14
LOC111102943	14
LOC111103846	14
LOC111104224	14
LOC111104396	14
LOC111106800	14
LOC111106874	14
LOC111107427	14
LOC111108281	14
LOC111108647	14
LOC111109147	14
LOC111109425	14
LOC111110636	14
LOC111110726	14
LOC111112841	14
LOC111113833	14
LOC111114114	14
LOC111114134	14
LOC111116418	14
LOC111117669	14
LOC111117766	14
LOC111117852	14
LOC111117882	14
LOC111118654	14
LOC111119161	14
LOC111119218	14
LOC111119261	14
LOC111119360	14
LOC111119621	14
LOC111119683	14
LOC111119708	14
LOC111120500	14
LOC111120721	14
LOC111120902	14
LOC111121211	14
LOC111121266	14
LOC111121919	14
LOC111123890	14
LOC111123927	14
LOC111124264	14
LOC111124908	14
LOC111125173	14
LOC111125421	14
LOC111125502	14
LOC111125956	14
LOC111126049	14
LOC111126051	14
LOC111126300	14
LOC111128459	14
LOC111129015	14
LOC111129047	14
LOC111129498	14
LOC111129960	14
LOC111129966	14
LOC111129971	14
LOC111130082	14
LOC111130314	14
LOC111130600	14
LOC111130756	14
LOC111130901	14
LOC111131041	14
LOC111131650	14
LOC111131869	14
LOC111132095	14
LOC111132960	14
LOC111132985	14
LOC111133379	14
LOC111133482	14
LOC111133827	14
LOC111134411	14
LOC111134583	14
LOC111134965	14
LOC111135218	14
LOC111135696	14
LOC111136126	14
LOC111136261	14
LOC111136620	14
LOC111136784	14
LOC111136814	14
LOC111137590	14
LOC111137981	14
LOC111138095	14
LOC111138290	14
LOC111138366	14
LOC111138445	14
LOC111101879	13
LOC111103954	13
LOC111104135	13
LOC111106299	13
LOC111106985	13
LOC111107119	13
LOC111107130	13
LOC111107136	13
LOC111108185	13
LOC111108304	13
LOC111109502	13
LOC111109520	13
LOC111110043	13
LOC111110077	13
LOC111110551	13
LOC111112029	13
LOC111112706	13
LOC111113027	13
LOC111113914	13
LOC111114143	13
LOC111114407	13
LOC111117020	13
LOC111117315	13
LOC111117450	13
LOC111117492	13
LOC111117689	13
LOC111117820	13
LOC111118748	13
LOC111118880	13
LOC111118959	13
LOC111119240	13
LOC111119366	13
LOC111119400	13
LOC111119659	13
LOC111119864	13
LOC111119984	13
LOC111120008	13
LOC111120022	13
LOC111120035	13
LOC111120050	13
LOC111120345	13
LOC111120918	13
LOC111121210	13
LOC111121310	13
LOC111121751	13
LOC111122988	13
LOC111123002	13
LOC111123348	13
LOC111123417	13
LOC111123452	13
LOC111123909	13
LOC111124302	13
LOC111124667	13
LOC111124988	13
LOC111125032	13
LOC111125122	13
LOC111125239	13
LOC111125288	13
LOC111125420	13
LOC111125442	13
LOC111125649	13
LOC111125975	13
LOC111126081	13
LOC111127553	13
LOC111128013	13
LOC111128016	13
LOC111128930	13
LOC111129019	13
LOC111129691	13
LOC111130242	13
LOC111130418	13
LOC111130519	13
LOC111131342	13
LOC111131427	13
LOC111131502	13
LOC111131790	13
LOC111133026	13
LOC111133069	13
LOC111133701	13
LOC111133817	13
LOC111134081	13
LOC111134580	13
LOC111134633	13
LOC111135329	13
LOC111135364	13
LOC111135394	13
LOC111135740	13
LOC111135755	13
LOC111135891	13
LOC111136122	13
LOC111136186	13
LOC111136296	13
LOC111136609	13
LOC111136837	13
LOC111137541	13
LOC111137723	13
LOC111137927	13
LOC111138044	13
LOC111099437	12
LOC111099470	12
LOC111099713	12
LOC111099735	12
LOC111099975	12
LOC111100165	12
LOC111100327	12
LOC111100880	12
LOC111100897	12
LOC111101088	12
LOC111101349	12
LOC111101703	12
LOC111101972	12
LOC111102233	12
LOC111102610	12
LOC111102758	12
LOC111102987	12
LOC111103284	12
LOC111103902	12
LOC111103963	12
LOC111104167	12
LOC111104269	12
LOC111104904	12
LOC111105176	12
LOC111105220	12
LOC111106619	12
LOC111107259	12
LOC111108180	12
LOC111108336	12
LOC111108649	12
LOC111109633	12
LOC111109675	12
LOC111109757	12
LOC111110041	12
LOC111110288	12
LOC111110475	12
LOC111111321	12
LOC111111487	12
LOC111111666	12
LOC111112485	12
LOC111112736	12
LOC111114859	12
LOC111115227	12
LOC111115621	12
LOC111116168	12
LOC111116459	12
LOC111117570	12
LOC111118241	12
LOC111118367	12
LOC111118431	12
LOC111118507	12
LOC111119125	12
LOC111119255	12
LOC111120474	12
LOC111120601	12
LOC111120623	12
LOC111120681	12
LOC111120856	12
LOC111120962	12
LOC111121011	12
LOC111121119	12
LOC111121604	12
LOC111122141	12
LOC111122432	12
LOC111122786	12
LOC111123074	12
LOC111123582	12
LOC111124853	12
LOC111124928	12
LOC111125713	12
LOC111125769	12
LOC111126237	12
LOC111126568	12
LOC111126761	12
LOC111127592	12
LOC111127899	12
LOC111128203	12
LOC111128424	12
LOC111128835	12
LOC111129066	12
LOC111129997	12
LOC111130067	12
LOC111130074	12
LOC111130880	12
LOC111130934	12
LOC111131381	12
LOC111131819	12
LOC111132075	12
LOC111132103	12
LOC111132159	12
LOC111132209	12
LOC111132459	12
LOC111133078	12
LOC111133318	12
LOC111133641	12
LOC111133777	12
LOC111133801	12
LOC111134045	12
LOC111134203	12
LOC111134524	12
LOC111134691	12
LOC111134749	12
LOC111134766	12
LOC111134769	12
LOC111134791	12
LOC111134795	12
LOC111135199	12
LOC111135388	12
LOC111135417	12
LOC111135418	12
LOC111135912	12
LOC111136150	12
LOC111136322	12
LOC111136535	12
LOC111136586	12
LOC111136669	12
LOC111137072	12
LOC111137265	12
LOC111137833	12
LOC111137861	12
LOC111137936	12
LOC111099471	11
LOC111099797	11
LOC111100600	11
LOC111101249	11
LOC111102613	11
LOC111102814	11
LOC111104456	11
LOC111104514	11
LOC111106301	11
LOC111106421	11
LOC111106473	11
LOC111106699	11
LOC111107014	11
LOC111107103	11
LOC111107138	11
LOC111107200	11
LOC111107238	11
LOC111107307	11
LOC111107578	11
LOC111107913	11
LOC111109562	11
LOC111109968	11
LOC111110860	11
LOC111111095	11
LOC111112563	11
LOC111112734	11
LOC111113039	11
LOC111113325	11
LOC111114609	11
LOC111114626	11
LOC111114744	11
LOC111115327	11
LOC111116124	11
LOC111116308	11
LOC111117705	11
LOC111117872	11
LOC111118301	11
LOC111118333	11
LOC111118479	11
LOC111118823	11
LOC111118911	11
LOC111119204	11
LOC111119744	11
LOC111119854	11
LOC111120228	11
LOC111120513	11
LOC111120732	11
LOC111120835	11
LOC111121730	11
LOC111121893	11
LOC111122273	11
LOC111122371	11
LOC111122517	11
LOC111123103	11
LOC111123314	11
LOC111123614	11
LOC111123615	11
LOC111123691	11
LOC111123820	11
LOC111123831	11
LOC111123892	11
LOC111124002	11
LOC111124173	11
LOC111124351	11
LOC111124358	11
LOC111124528	11
LOC111124731	11
LOC111124932	11
LOC111125377	11
LOC111125811	11
LOC111125906	11
LOC111125911	11
LOC111126366	11
LOC111126576	11
LOC111126828	11
LOC111127011	11
LOC111128031	11
LOC111128057	11
LOC111128337	11
LOC111128675	11
LOC111128933	11
LOC111129169	11
LOC111129415	11
LOC111129844	11
LOC111130063	11
LOC111130150	11
LOC111130293	11
LOC111130310	11
LOC111131304	11
LOC111132057	11
LOC111132741	11
LOC111132956	11
LOC111132957	11
LOC111133244	11
LOC111133262	11
LOC111133382	11
LOC111133445	11
LOC111133538	11
LOC111133737	11
LOC111133759	11
LOC111133851	11
LOC111134038	11
LOC111134048	11
LOC111134059	11
LOC111134397	11
LOC111134497	11
LOC111134616	11
LOC111134792	11
LOC111134882	11
LOC111135354	11
LOC111135369	11
LOC111135413	11
LOC111135452	11
LOC111135714	11
LOC111135739	11
LOC111135947	11
LOC111136140	11
LOC111136304	11
LOC111136450	11
LOC111136667	11
LOC111137058	11
LOC111137821	11
LOC111137986	11
LOC111138076	11
LOC111138141	11
LOC111099120	10
LOC111099717	10
LOC111099882	10
LOC111100347	10
LOC111100383	10
LOC111100851	10
LOC111101832	10
LOC111102125	10
LOC111102474	10
LOC111102515	10
LOC111102753	10
LOC111103297	10
LOC111104398	10
LOC111106358	10
LOC111106496	10
LOC111106648	10
LOC111106650	10
LOC111107066	10
LOC111107173	10
LOC111108029	10
LOC111108517	10
LOC111108597	10
LOC111108756	10
LOC111109638	10
LOC111110244	10
LOC111110393	10
LOC111111290	10
LOC111111758	10
LOC111112865	10
LOC111113022	10
LOC111113212	10
LOC111113357	10
LOC111115104	10
LOC111115123	10
LOC111115795	10
LOC111115962	10
LOC111116776	10
LOC111116791	10
LOC111117354	10
LOC111117769	10
LOC111117924	10
LOC111117955	10
LOC111118002	10
LOC111118200	10
LOC111118316	10
LOC111118384	10
LOC111118667	10
LOC111119044	10
LOC111119108	10
LOC111119192	10
LOC111119234	10
LOC111119282	10
LOC111119331	10
LOC111120738	10
LOC111120905	10
LOC111121639	10
LOC111121708	10
LOC111121715	10
LOC111121770	10
LOC111122194	10
LOC111122446	10
LOC111122694	10
LOC111122695	10
LOC111123311	10
LOC111123815	10
LOC111124155	10
LOC111124310	10
LOC111124556	10
LOC111124617	10
LOC111124649	10
LOC111124715	10
LOC111125034	10
LOC111125148	10
LOC111125592	10
LOC111125726	10
LOC111125755	10
LOC111125918	10
LOC111125941	10
LOC111126162	10
LOC111126338	10
LOC111126461	10
LOC111126641	10
LOC111126767	10
LOC111127411	10
LOC111127874	10
LOC111128134	10
LOC111128346	10
LOC111128359	10
LOC111128718	10
LOC111128770	10
LOC111129063	10
LOC111129189	10
LOC111129313	10
LOC111129791	10
LOC111129916	10
LOC111129945	10
LOC111129967	10
LOC111130086	10
LOC111130282	10
LOC111130563	10
LOC111130621	10
LOC111130672	10
LOC111130970	10
LOC111131637	10
LOC111131805	10
LOC111132556	10
LOC111132822	10
LOC111132894	10
LOC111132999	10
LOC111133147	10
LOC111133285	10
LOC111133610	10
LOC111133779	10
LOC111133812	10
LOC111134167	10
LOC111134325	10
LOC111134446	10
LOC111134663	10
LOC111134793	10
LOC111135135	10
LOC111135153	10
LOC111135159	10
LOC111135240	10
LOC111135410	10
LOC111135440	10
LOC111135451	10
LOC111135474	10
LOC111135570	10
LOC111135578	10
LOC111135949	10
LOC111136013	10
LOC111136128	10
LOC111136376	10
LOC111136389	10
LOC111136521	10
LOC111137005	10
LOC111137009	10
LOC111137027	10
LOC111137272	10
LOC111137898	10
LOC111099598	9
LOC111100344	9
LOC111102828	9
LOC111103796	9
LOC111103858	9
LOC111104055	9
LOC111104323	9
LOC111104345	9
LOC111104381	9
LOC111105449	9
LOC111105866	9
LOC111106293	9
LOC111106450	9
LOC111106654	9
LOC111106702	9
LOC111106797	9
LOC111107281	9
LOC111107415	9
LOC111107766	9
LOC111107912	9
LOC111108128	9
LOC111108298	9
LOC111108438	9
LOC111108723	9
LOC111109095	9
LOC111109506	9
LOC111110331	9
LOC111110372	9
LOC111110958	9
LOC111112749	9
LOC111112938	9
LOC111113273	9
LOC111113369	9
LOC111113945	9
LOC111114632	9
LOC111114694	9
LOC111114836	9
LOC111114928	9
LOC111115907	9
LOC111115955	9
LOC111116764	9
LOC111117421	9
LOC111117989	9
LOC111118025	9
LOC111118232	9
LOC111118267	9
LOC111118272	9
LOC111118385	9
LOC111118600	9
LOC111118790	9
LOC111118870	9
LOC111118945	9
LOC111118965	9
LOC111119196	9
LOC111119212	9
LOC111119391	9
LOC111119560	9
LOC111119592	9
LOC111119655	9
LOC111119751	9
LOC111119880	9
LOC111119907	9
LOC111119995	9
LOC111120159	9
LOC111120320	9
LOC111120473	9
LOC111120691	9
LOC111120723	9
LOC111120767	9
LOC111120877	9
LOC111121173	9
LOC111121398	9
LOC111121568	9
LOC111122179	9
LOC111122198	9
LOC111122982	9
LOC111123242	9
LOC111123536	9
LOC111123558	9
LOC111124019	9
LOC111124280	9
LOC111124406	9
LOC111124484	9
LOC111124498	9
LOC111124531	9
LOC111124612	9
LOC111124860	9
LOC111125385	9
LOC111125431	9
LOC111125597	9
LOC111125674	9
LOC111125884	9
LOC111126157	9
LOC111126508	9
LOC111127147	9
LOC111127890	9
LOC111127939	9
LOC111128059	9
LOC111128066	9
LOC111128980	9
LOC111129122	9
LOC111129190	9
LOC111129474	9
LOC111129511	9
LOC111130031	9
LOC111130352	9
LOC111130535	9
LOC111130883	9
LOC111130925	9
LOC111130967	9
LOC111131113	9
LOC111131186	9
LOC111131259	9
LOC111131303	9
LOC111131720	9
LOC111131795	9
LOC111132661	9
LOC111132787	9
LOC111132909	9
LOC111133144	9
LOC111133171	9
LOC111133474	9
LOC111133556	9
LOC111133665	9
LOC111133689	9
LOC111133727	9
LOC111133842	9
LOC111133958	9
LOC111134394	9
LOC111134785	9
LOC111134905	9
LOC111135133	9
LOC111135255	9
LOC111135405	9
LOC111135574	9
LOC111135718	9
LOC111135845	9
LOC111136202	9
LOC111136203	9
LOC111136587	9
LOC111136682	9
LOC111136722	9
LOC111136775	9
LOC111136802	9
LOC111136839	9
LOC111137106	9
LOC111137562	9
LOC111137685	9
LOC111138145	9
LOC111138302	9
LOC111138369	9
LOC111099192	8
LOC111100288	8
LOC111100512	8
LOC111100611	8
LOC111100790	8
LOC111100878	8
LOC111101268	8
LOC111101568	8
LOC111102641	8
LOC111103072	8
LOC111103990	8
LOC111104007	8
LOC111104066	8
LOC111104189	8
LOC111104644	8
LOC111105460	8
LOC111105980	8
LOC111106524	8
LOC111106822	8
LOC111106861	8
LOC111107332	8
LOC111108111	8
LOC111108343	8
LOC111108441	8
LOC111109272	8
LOC111109469	8
LOC111109822	8
LOC111110191	8
LOC111110222	8
LOC111110623	8
LOC111111795	8
LOC111111975	8
LOC111112731	8
LOC111114824	8
LOC111114901	8
LOC111115072	8
LOC111115341	8
LOC111117711	8
LOC111118345	8
LOC111118485	8
LOC111118606	8
LOC111119308	8
LOC111119333	8
LOC111120478	8
LOC111120618	8
LOC111120727	8
LOC111120938	8
LOC111121234	8
LOC111121307	8
LOC111121315	8
LOC111121511	8
LOC111122078	8
LOC111122107	8
LOC111122278	8
LOC111122428	8
LOC111122507	8
LOC111122539	8
LOC111122558	8
LOC111122584	8
LOC111122823	8
LOC111122903	8
LOC111123133	8
LOC111123455	8
LOC111123469	8
LOC111123521	8
LOC111123778	8
LOC111123957	8
LOC111123983	8
LOC111124017	8
LOC111124168	8
LOC111124956	8
LOC111125002	8
LOC111125076	8
LOC111125099	8
LOC111125147	8
LOC111125255	8
LOC111125468	8
LOC111125568	8
LOC111125621	8
LOC111125629	8
LOC111125751	8
LOC111125905	8
LOC111125999	8
LOC111126164	8
LOC111126240	8
LOC111126418	8
LOC111126631	8
LOC111126750	8
LOC111127090	8
LOC111127463	8
LOC111127510	8
LOC111128123	8
LOC111128189	8
LOC111128227	8
LOC111128499	8
LOC111128725	8
LOC111128759	8
LOC111128902	8
LOC111129083	8
LOC111129160	8
LOC111129173	8
LOC111129180	8
LOC111129715	8
LOC111129823	8
LOC111129910	8
LOC111130024	8
LOC111130040	8
LOC111130642	8
LOC111130682	8
LOC111131154	8
LOC111132873	8
LOC111133168	8
LOC111133232	8
LOC111133574	8
LOC111133575	8
LOC111133822	8
LOC111133949	8
LOC111134293	8
LOC111134306	8
LOC111134536	8
LOC111134605	8
LOC111134634	8
LOC111134681	8
LOC111134741	8
LOC111134742	8
LOC111134818	8
LOC111134943	8
LOC111135098	8
LOC111135140	8
LOC111135221	8
LOC111135342	8
LOC111135365	8
LOC111135671	8
LOC111135703	8
LOC111135935	8
LOC111136151	8
LOC111136164	8
LOC111136209	8
LOC111136541	8
LOC111136602	8
LOC111136868	8
LOC111136922	8
LOC111136923	8
LOC111136983	8
LOC111137036	8
LOC111137216	8
LOC111137572	8
LOC111138185	8
LOC111138314	8
LOC111138506	8
LOC111099194	7
LOC111099701	7
LOC111099737	7
LOC111100556	7
LOC111100798	7
LOC111101021	7
LOC111101067	7
LOC111101529	7
LOC111101605	7
LOC111102238	7
LOC111103448	7
LOC111103558	7
LOC111103584	7
LOC111103630	7
LOC111103810	7
LOC111103827	7
LOC111104075	7
LOC111104191	7
LOC111104654	7
LOC111104695	7
LOC111106300	7
LOC111106353	7
LOC111107088	7
LOC111107423	7
LOC111107670	7
LOC111108691	7
LOC111108839	7
LOC111109511	7
LOC111109600	7
LOC111110197	7
LOC111110347	7
LOC111110350	7
LOC111110786	7
LOC111111299	7
LOC111112096	7
LOC111112178	7
LOC111112643	7
LOC111112701	7
LOC111113404	7
LOC111114550	7
LOC111114613	7
LOC111114728	7
LOC111115441	7
LOC111115672	7
LOC111115844	7
LOC111116989	7
LOC111117946	7
LOC111118342	7
LOC111118835	7
LOC111118868	7
LOC111118904	7
LOC111119014	7
LOC111119220	7
LOC111119838	7
LOC111119868	7
LOC111119991	7
LOC111120049	7
LOC111120678	7
LOC111120892	7
LOC111121049	7
LOC111121134	7
LOC111121716	7
LOC111121913	7
LOC111122289	7
LOC111122411	7
LOC111123406	7
LOC111124172	7
LOC111124244	7
LOC111124404	7
LOC111124650	7
LOC111125536	7
LOC111125538	7
LOC111125622	7
LOC111125634	7
LOC111125661	7
LOC111125663	7
LOC111125793	7
LOC111125864	7
LOC111125891	7
LOC111126254	7
LOC111126432	7
LOC111126487	7
LOC111126772	7
LOC111126911	7
LOC111126942	7
LOC111127293	7
LOC111127309	7
LOC111127446	7
LOC111127607	7
LOC111129312	7
LOC111129735	7
LOC111129828	7
LOC111129846	7
LOC111129994	7
LOC111130091	7
LOC111130270	7
LOC111130387	7
LOC111130487	7
LOC111130718	7
LOC111130945	7
LOC111131163	7
LOC111131227	7
LOC111131586	7
LOC111132119	7
LOC111132344	7
LOC111132865	7
LOC111132922	7
LOC111132966	7
LOC111132997	7
LOC111134238	7
LOC111134359	7
LOC111134405	7
LOC111134855	7
LOC111135000	7
LOC111135119	7
LOC111135122	7
LOC111135340	7
LOC111135381	7
LOC111135706	7
LOC111135821	7
LOC111135830	7
LOC111135868	7
LOC111135992	7
LOC111136106	7
LOC111136206	7
LOC111136221	7
LOC111136317	7
LOC111136448	7
LOC111136723	7
LOC111136739	7
LOC111136801	7
LOC111136866	7
LOC111136949	7
LOC111137015	7
LOC111137029	7
LOC111137126	7
LOC111137130	7
LOC111137140	7
LOC111137150	7
LOC111137157	7
LOC111137162	7
LOC111137290	7
LOC111137357	7
LOC111137510	7
LOC111137800	7
LOC111137836	7
LOC111137921	7
LOC111137959	7
LOC111138119	7
LOC111138303	7
LOC111138308	7
LOC111138472	7
LOC111099477	6
LOC111099983	6
LOC111100230	6
LOC111100402	6
LOC111100583	6
LOC111100715	6
LOC111101257	6
LOC111101772	6
LOC111101943	6
LOC111102230	6
LOC111103516	6
LOC111103593	6
LOC111103744	6
LOC111103921	6
LOC111104267	6
LOC111104302	6
LOC111104676	6
LOC111104864	6
LOC111106083	6
LOC111106579	6
LOC111107057	6
LOC111107373	6
LOC111107792	6
LOC111108189	6
LOC111108248	6
LOC111108353	6
LOC111108433	6
LOC111108477	6
LOC111108478	6
LOC111109591	6
LOC111109622	6
LOC111110418	6
LOC111111076	6
LOC111111269	6
LOC111111323	6
LOC111111343	6
LOC111111571	6
LOC111111855	6
LOC111112099	6
LOC111112335	6
LOC111112352	6
LOC111112654	6
LOC111112655	6
LOC111113322	6
LOC111114061	6
LOC111114113	6
LOC111114829	6
LOC111115426	6
LOC111115784	6
LOC111116159	6
LOC111116349	6
LOC111116569	6
LOC111116683	6
LOC111116870	6
LOC111117147	6
LOC111117238	6
LOC111117359	6
LOC111117760	6
LOC111117947	6
LOC111118003	6
LOC111118005	6
LOC111118282	6
LOC111118386	6
LOC111118587	6
LOC111118588	6
LOC111118981	6
LOC111119182	6
LOC111119336	6
LOC111119533	6
LOC111119831	6
LOC111119910	6
LOC111120392	6
LOC111120782	6
LOC111120972	6
LOC111121020	6
LOC111121306	6
LOC111121368	6
LOC111121436	6
LOC111121558	6
LOC111121659	6
LOC111121947	6
LOC111122168	6
LOC111122350	6
LOC111122640	6
LOC111122653	6
LOC111122663	6
LOC111122739	6
LOC111122794	6
LOC111122896	6
LOC111123209	6
LOC111123333	6
LOC111123498	6
LOC111123858	6
LOC111124359	6
LOC111124803	6
LOC111125035	6
LOC111125074	6
LOC111125289	6
LOC111125300	6
LOC111125578	6
LOC111126455	6
LOC111127001	6
LOC111127007	6
LOC111127109	6
LOC111127146	6
LOC111127326	6
LOC111127341	6
LOC111127494	6
LOC111127571	6
LOC111127669	6
LOC111127723	6
LOC111127922	6
LOC111128029	6
LOC111128073	6
LOC111128198	6
LOC111128582	6
LOC111128592	6
LOC111128867	6
LOC111129139	6
LOC111129346	6
LOC111129380	6
LOC111129607	6
LOC111129858	6
LOC111129899	6
LOC111130058	6
LOC111130668	6
LOC111130877	6
LOC111131026	6
LOC111131101	6
LOC111131384	6
LOC111131759	6
LOC111132096	6
LOC111132442	6
LOC111132665	6
LOC111132875	6
LOC111133119	6
LOC111133672	6
LOC111133948	6
LOC111134089	6
LOC111134336	6
LOC111134427	6
LOC111134442	6
LOC111134444	6
LOC111134502	6
LOC111134533	6
LOC111134546	6
LOC111134579	6
LOC111134721	6
LOC111134767	6
LOC111134945	6
LOC111135182	6
LOC111135327	6
LOC111135333	6
LOC111135386	6
LOC111135400	6
LOC111135404	6
LOC111135472	6
LOC111135524	6
LOC111135541	6
LOC111136307	6
LOC111136391	6
LOC111136466	6
LOC111136570	6
LOC111136831	6
LOC111136921	6
LOC111137056	6
LOC111137316	6
LOC111137450	6
LOC111137553	6
LOC111138114	6
LOC111138120	6
LOC111138138	6
LOC111138140	6
LOC111138319	6
LOC111138340	6
LOC111138351	6
LOC111138502	6
LOC111138513	6
LOC111099050	5
LOC111099103	5
LOC111099343	5
LOC111099596	5
LOC111100287	5
LOC111100382	5
LOC111100393	5
LOC111100628	5
LOC111100940	5
LOC111101017	5
LOC111101548	5
LOC111101827	5
LOC111102146	5
LOC111102335	5
LOC111103581	5
LOC111103628	5
LOC111103739	5
LOC111103823	5
LOC111103869	5
LOC111103982	5
LOC111104063	5
LOC111104100	5
LOC111104199	5
LOC111104629	5
LOC111104835	5
LOC111105029	5
LOC111105240	5
LOC111105446	5
LOC111105897	5
LOC111105915	5
LOC111105929	5
LOC111106127	5
LOC111106173	5
LOC111106257	5
LOC111107070	5
LOC111107277	5
LOC111107406	5
LOC111107573	5
LOC111107911	5
LOC111107992	5
LOC111108081	5
LOC111108216	5
LOC111108238	5
LOC111108407	5
LOC111108415	5
LOC111109117	5
LOC111109131	5
LOC111109224	5
LOC111109690	5
LOC111109796	5
LOC111110811	5
LOC111111291	5
LOC111111336	5
LOC111111628	5
LOC111111646	5
LOC111112484	5
LOC111112498	5
LOC111112526	5
LOC111112653	5
LOC111113046	5
LOC111113054	5
LOC111113066	5
LOC111113079	5
LOC111113125	5
LOC111113188	5
LOC111113388	5
LOC111113584	5
LOC111114212	5
LOC111114452	5
LOC111114644	5
LOC111116577	5
LOC111116595	5
LOC111116970	5
LOC111117018	5
LOC111117093	5
LOC111117287	5
LOC111118144	5
LOC111118923	5
LOC111118948	5
LOC111119106	5
LOC111119250	5
LOC111119467	5
LOC111119519	5
LOC111119727	5
LOC111119870	5
LOC111119916	5
LOC111120121	5
LOC111120489	5
LOC111120536	5
LOC111120617	5
LOC111120643	5
LOC111120744	5
LOC111120869	5
LOC111120978	5
LOC111121122	5
LOC111121376	5
LOC111121447	5
LOC111121857	5
LOC111122066	5
LOC111122099	5
LOC111122185	5
LOC111122329	5
LOC111122333	5
LOC111122347	5
LOC111122429	5
LOC111122683	5
LOC111123068	5
LOC111123125	5
LOC111123297	5
LOC111123301	5
LOC111123371	5
LOC111123425	5
LOC111123590	5
LOC111123641	5
LOC111123773	5
LOC111124011	5
LOC111124372	5
LOC111124523	5
LOC111124543	5
LOC111124590	5
LOC111124724	5
LOC111124759	5
LOC111124916	5
LOC111124958	5
LOC111124990	5
LOC111125012	5
LOC111125038	5
LOC111125149	5
LOC111125205	5
LOC111125210	5
LOC111125463	5
LOC111125479	5
LOC111125516	5
LOC111125554	5
LOC111125780	5
LOC111125788	5
LOC111125791	5
LOC111125988	5
LOC111126082	5
LOC111126090	5
LOC111126353	5
LOC111126433	5
LOC111126494	5
LOC111126804	5
LOC111126875	5
LOC111127085	5
LOC111127164	5
LOC111127169	5
LOC111127224	5
LOC111127466	5
LOC111127752	5
LOC111127888	5
LOC111128065	5
LOC111128302	5
LOC111128687	5
LOC111128753	5
LOC111129073	5
LOC111129212	5
LOC111129377	5
LOC111129568	5
LOC111129809	5
LOC111129816	5
LOC111130041	5
LOC111130298	5
LOC111130334	5
LOC111130383	5
LOC111130417	5
LOC111130512	5
LOC111130938	5
LOC111131376	5
LOC111131667	5
LOC111131685	5
LOC111131768	5
LOC111131788	5
LOC111132102	5
LOC111132206	5
LOC111132265	5
LOC111132866	5
LOC111132883	5
LOC111132939	5
LOC111133206	5
LOC111133228	5
LOC111133565	5
LOC111133656	5
LOC111134684	5
LOC111134688	5
LOC111134716	5
LOC111135123	5
LOC111135137	5
LOC111135177	5
LOC111135213	5
LOC111135275	5
LOC111135428	5
LOC111135544	5
LOC111135649	5
LOC111135886	5
LOC111135999	5
LOC111136019	5
LOC111136062	5
LOC111136375	5
LOC111136434	5
LOC111136467	5
LOC111136607	5
LOC111136655	5
LOC111136658	5
LOC111136672	5
LOC111136732	5
LOC111136873	5
LOC111136960	5
LOC111137153	5
LOC111137165	5
LOC111137551	5
LOC111137814	5
LOC111138049	5
LOC111138070	5
LOC111138104	5
LOC111138205	5
LOC111138289	5
LOC111099109	4
LOC111099200	4
LOC111099631	4
LOC111100363	4
LOC111100557	4
LOC111100559	4
LOC111100792	4
LOC111100877	4
LOC111101060	4
LOC111101068	4
LOC111101110	4
LOC111101497	4
LOC111101813	4
LOC111101890	4
LOC111102337	4
LOC111102495	4
LOC111102669	4
LOC111102809	4
LOC111103306	4
LOC111103379	4
LOC111103430	4
LOC111103474	4
LOC111103991	4
LOC111103996	4
LOC111104061	4
LOC111104112	4
LOC111104123	4
LOC111104139	4
LOC111104157	4
LOC111104316	4
LOC111104416	4
LOC111104643	4
LOC111104657	4
LOC111104805	4
LOC111105590	4
LOC111106061	4
LOC111106164	4
LOC111106444	4
LOC111106452	4
LOC111106953	4
LOC111107250	4
LOC111107511	4
LOC111107566	4
LOC111107815	4
LOC111107827	4
LOC111107832	4
LOC111107910	4
LOC111108167	4
LOC111108567	4
LOC111108600	4
LOC111108814	4
LOC111108901	4
LOC111109061	4
LOC111109533	4
LOC111109576	4
LOC111109664	4
LOC111110198	4
LOC111110409	4
LOC111110557	4
LOC111110664	4
LOC111110720	4
LOC111111091	4
LOC111111179	4
LOC111111609	4
LOC111111621	4
LOC111111709	4
LOC111112011	4
LOC111112014	4
LOC111112024	4
LOC111112304	4
LOC111112413	4
LOC111112558	4
LOC111112955	4
LOC111112987	4
LOC111113215	4
LOC111114111	4
LOC111114567	4
LOC111114887	4
LOC111114895	4
LOC111115437	4
LOC111115841	4
LOC111115879	4
LOC111116420	4
LOC111116535	4
LOC111118063	4
LOC111118132	4
LOC111118150	4
LOC111118323	4
LOC111118963	4
LOC111119145	4
LOC111119332	4
LOC111119511	4
LOC111119687	4
LOC111119828	4
LOC111119852	4
LOC111120006	4
LOC111120105	4
LOC111120160	4
LOC111120188	4
LOC111120302	4
LOC111120461	4
LOC111120486	4
LOC111120567	4
LOC111120717	4
LOC111120762	4
LOC111120766	4
LOC111120793	4
LOC111120851	4
LOC111120886	4
LOC111121008	4
LOC111121029	4
LOC111121168	4
LOC111121296	4
LOC111121712	4
LOC111121790	4
LOC111121924	4
LOC111122190	4
LOC111122260	4
LOC111122413	4
LOC111122537	4
LOC111122641	4
LOC111123091	4
LOC111123098	4
LOC111123267	4
LOC111123278	4
LOC111123362	4
LOC111123401	4
LOC111123684	4
LOC111123905	4
LOC111123960	4
LOC111124518	4
LOC111124575	4
LOC111124639	4
LOC111124989	4
LOC111125025	4
LOC111125051	4
LOC111125308	4
LOC111125544	4
LOC111125718	4
LOC111125754	4
LOC111125881	4
LOC111125966	4
LOC111126047	4
LOC111126053	4
LOC111126412	4
LOC111126424	4
LOC111126516	4
LOC111126555	4
LOC111126663	4
LOC111126735	4
LOC111126778	4
LOC111126799	4
LOC111126979	4
LOC111127220	4
LOC111127424	4
LOC111127488	4
LOC111127550	4
LOC111127585	4
LOC111127644	4
LOC111127862	4
LOC111127914	4
LOC111128124	4
LOC111128157	4
LOC111128188	4
LOC111128265	4
LOC111128436	4
LOC111128536	4
LOC111128711	4
LOC111128742	4
LOC111128784	4
LOC111128972	4
LOC111128997	4
LOC111129017	4
LOC111129166	4
LOC111129294	4
LOC111129419	4
LOC111129875	4
LOC111129880	4
LOC111129893	4
LOC111130085	4
LOC111130098	4
LOC111130240	4
LOC111130412	4
LOC111130545	4
LOC111130696	4
LOC111130828	4
LOC111130944	4
LOC111131120	4
LOC111131397	4
LOC111131563	4
LOC111131615	4
LOC111131726	4
LOC111132092	4
LOC111132193	4
LOC111132319	4
LOC111132349	4
LOC111132450	4
LOC111132492	4
LOC111132745	4
LOC111132862	4
LOC111133212	4
LOC111133224	4
LOC111133253	4
LOC111133489	4
LOC111133561	4
LOC111133711	4
LOC111133741	4
LOC111134061	4
LOC111134063	4
LOC111134366	4
LOC111134437	4
LOC111134457	4
LOC111134459	4
LOC111134518	4
LOC111134641	4
LOC111134646	4
LOC111134686	4
LOC111134772	4
LOC111134999	4
LOC111135001	4
LOC111135088	4
LOC111135093	4
LOC111135256	4
LOC111135393	4
LOC111135551	4
LOC111135604	4
LOC111135635	4
LOC111135731	4
LOC111135779	4
LOC111135850	4
LOC111135867	4
LOC111135931	4
LOC111135966	4
LOC111136058	4
LOC111136245	4
LOC111136414	4
LOC111136494	4
LOC111136576	4
LOC111136768	4
LOC111137007	4
LOC111137393	4
LOC111137459	4
LOC111137623	4
LOC111137785	4
LOC111138031	4
LOC111138065	4
LOC111138223	4
LOC111138476	4
LOC111099062	3
LOC111099623	3
LOC111099625	3
LOC111099781	3
LOC111099941	3
LOC111099980	3
LOC111100192	3
LOC111100239	3
LOC111100375	3
LOC111100430	3
LOC111100498	3
LOC111100513	3
LOC111100514	3
LOC111100544	3
LOC111100641	3
LOC111100684	3
LOC111100699	3
LOC111101047	3
LOC111101095	3
LOC111101267	3
LOC111101424	3
LOC111101488	3
LOC111101648	3
LOC111101726	3
LOC111102061	3
LOC111102290	3
LOC111103287	3
LOC111103310	3
LOC111103314	3
LOC111103466	3
LOC111103530	3
LOC111103909	3
LOC111103992	3
LOC111104101	3
LOC111104126	3
LOC111104164	3
LOC111104252	3
LOC111105241	3
LOC111105304	3
LOC111105457	3
LOC111105629	3
LOC111106097	3
LOC111106354	3
LOC111106378	3
LOC111106455	3
LOC111106532	3
LOC111107035	3
LOC111107104	3
LOC111107111	3
LOC111107272	3
LOC111107273	3
LOC111107512	3
LOC111107513	3
LOC111107514	3
LOC111107545	3
LOC111107727	3
LOC111107854	3
LOC111107881	3
LOC111108010	3
LOC111108217	3
LOC111108352	3
LOC111108481	3
LOC111108496	3
LOC111108639	3
LOC111108659	3
LOC111108782	3
LOC111108991	3
LOC111109747	3
LOC111110033	3
LOC111110098	3
LOC111110269	3
LOC111110307	3
LOC111110431	3
LOC111110500	3
LOC111110542	3
LOC111110560	3
LOC111110637	3
LOC111111047	3
LOC111111213	3
LOC111111377	3
LOC111111424	3
LOC111111651	3
LOC111112260	3
LOC111112503	3
LOC111112565	3
LOC111112667	3
LOC111112828	3
LOC111113326	3
LOC111113363	3
LOC111113394	3
LOC111113997	3
LOC111114293	3
LOC111114473	3
LOC111114966	3
LOC111115121	3
LOC111115343	3
LOC111115421	3
LOC111115497	3
LOC111115741	3
LOC111116130	3
LOC111116134	3
LOC111116364	3
LOC111116630	3
LOC111116730	3
LOC111116765	3
LOC111116783	3
LOC111116912	3
LOC111116965	3
LOC111117646	3
LOC111117647	3
LOC111117880	3
LOC111117996	3
LOC111118053	3
LOC111118071	3
LOC111118105	3
LOC111118340	3
LOC111118357	3
LOC111118415	3
LOC111118459	3
LOC111118493	3
LOC111118596	3
LOC111118597	3
LOC111118898	3
LOC111118973	3
LOC111118977	3
LOC111119009	3
LOC111119015	3
LOC111119084	3
LOC111119147	3
LOC111119152	3
LOC111119166	3
LOC111119214	3
LOC111119319	3
LOC111119338	3
LOC111119388	3
LOC111119518	3
LOC111119562	3
LOC111119656	3
LOC111119660	3
LOC111119802	3
LOC111120051	3
LOC111120063	3
LOC111120068	3
LOC111120078	3
LOC111120311	3
LOC111120313	3
LOC111120508	3
LOC111120522	3
LOC111120637	3
LOC111120639	3
LOC111120663	3
LOC111120752	3
LOC111120776	3
LOC111120884	3
LOC111121090	3
LOC111121289	3
LOC111121605	3
LOC111121860	3
LOC111121928	3
LOC111122096	3
LOC111122118	3
LOC111122348	3
LOC111122503	3
LOC111122707	3
LOC111122759	3
LOC111122887	3
LOC111123056	3
LOC111123181	3
LOC111123245	3
LOC111123586	3
LOC111123797	3
LOC111123807	3
LOC111123849	3
LOC111123900	3
LOC111123923	3
LOC111123939	3
LOC111123954	3
LOC111123958	3
LOC111124105	3
LOC111124165	3
LOC111124379	3
LOC111124441	3
LOC111124751	3
LOC111124770	3
LOC111124943	3
LOC111125070	3
LOC111125115	3
LOC111125232	3
LOC111125284	3
LOC111125329	3
LOC111125369	3
LOC111125487	3
LOC111125666	3
LOC111125761	3
LOC111125835	3
LOC111125948	3
LOC111126001	3
LOC111126118	3
LOC111126241	3
LOC111126370	3
LOC111126401	3
LOC111126496	3
LOC111126543	3
LOC111126798	3
LOC111127005	3
LOC111127022	3
LOC111127025	3
LOC111127057	3
LOC111127145	3
LOC111127320	3
LOC111127785	3
LOC111127799	3
LOC111127842	3
LOC111127933	3
LOC111127967	3
LOC111128090	3
LOC111128122	3
LOC111128329	3
LOC111128543	3
LOC111128563	3
LOC111128710	3
LOC111128747	3
LOC111128896	3
LOC111128952	3
LOC111128977	3
LOC111128982	3
LOC111128996	3
LOC111129114	3
LOC111129142	3
LOC111129592	3
LOC111129842	3
LOC111129870	3
LOC111129988	3
LOC111129995	3
LOC111130106	3
LOC111130225	3
LOC111130353	3
LOC111130906	3
LOC111130915	3
LOC111130928	3
LOC111130937	3
LOC111131300	3
LOC111131674	3
LOC111131707	3
LOC111131773	3
LOC111131822	3
LOC111132215	3
LOC111132376	3
LOC111132495	3
LOC111132667	3
LOC111132971	3
LOC111133031	3
LOC111133084	3
LOC111133149	3
LOC111133199	3
LOC111133219	3
LOC111133425	3
LOC111133695	3
LOC111134109	3
LOC111134151	3
LOC111134192	3
LOC111134376	3
LOC111134377	3
LOC111134409	3
LOC111134426	3
LOC111134490	3
LOC111134560	3
LOC111134608	3
LOC111134804	3
LOC111134825	3
LOC111134869	3
LOC111135049	3
LOC111135108	3
LOC111135191	3
LOC111135196	3
LOC111135310	3
LOC111135538	3
LOC111135539	3
LOC111135558	3
LOC111135593	3
LOC111135693	3
LOC111135699	3
LOC111135753	3
LOC111135833	3
LOC111135936	3
LOC111135963	3
LOC111135969	3
LOC111136091	3
LOC111136419	3
LOC111136585	3
LOC111136776	3
LOC111137101	3
LOC111137114	3
LOC111137467	3
LOC111137566	3
LOC111137576	3
LOC111137622	3
LOC111137822	3
LOC111137976	3
LOC111137998	3
LOC111138042	3
LOC111138082	3
LOC111138167	3
LOC111138173	3
LOC111138304	3
LOC111138318	3
LOC111099040	2
LOC111099060	2
LOC111099095	2
LOC111099108	2
LOC111099481	2
LOC111099533	2
LOC111099539	2
LOC111099567	2
LOC111099589	2
LOC111099664	2
LOC111099715	2
LOC111099855	2
LOC111100043	2
LOC111100253	2
LOC111100277	2
LOC111100311	2
LOC111100323	2
LOC111100359	2
LOC111100392	2
LOC111100492	2
LOC111100601	2
LOC111100857	2
LOC111100986	2
LOC111101090	2
LOC111101162	2
LOC111101215	2
LOC111101403	2
LOC111101410	2
LOC111101588	2
LOC111101737	2
LOC111101806	2
LOC111101857	2
LOC111102159	2
LOC111102171	2
LOC111102350	2
LOC111102579	2
LOC111102759	2
LOC111102820	2
LOC111102897	2
LOC111103032	2
LOC111103246	2
LOC111103500	2
LOC111103503	2
LOC111103568	2
LOC111103590	2
LOC111103594	2
LOC111103596	2
LOC111103614	2
LOC111103618	2
LOC111103740	2
LOC111103824	2
LOC111103870	2
LOC111103916	2
LOC111103962	2
LOC111104022	2
LOC111104114	2
LOC111104154	2
LOC111104489	2
LOC111104545	2
LOC111104575	2
LOC111104688	2
LOC111104689	2
LOC111104696	2
LOC111104702	2
LOC111104783	2
LOC111105030	2
LOC111105324	2
LOC111105366	2
LOC111105741	2
LOC111105824	2
LOC111105925	2
LOC111106186	2
LOC111106457	2
LOC111106509	2
LOC111106539	2
LOC111106753	2
LOC111106775	2
LOC111106777	2
LOC111106949	2
LOC111107078	2
LOC111107288	2
LOC111107394	2
LOC111107411	2
LOC111107481	2
LOC111107515	2
LOC111107543	2
LOC111107627	2
LOC111107722	2
LOC111107814	2
LOC111107909	2
LOC111108001	2
LOC111108142	2
LOC111108176	2
LOC111108228	2
LOC111108266	2
LOC111108314	2
LOC111108348	2
LOC111108385	2
LOC111108395	2
LOC111108724	2
LOC111108783	2
LOC111108959	2
LOC111109282	2
LOC111109397	2
LOC111109410	2
LOC111109596	2
LOC111109730	2
LOC111109766	2
LOC111109994	2
LOC111110011	2
LOC111110012	2
LOC111110021	2
LOC111110417	2
LOC111110545	2
LOC111110747	2
LOC111110979	2
LOC111111024	2
LOC111111058	2
LOC111111251	2
LOC111111274	2
LOC111111297	2
LOC111111351	2
LOC111111376	2
LOC111111569	2
LOC111111889	2
LOC111112008	2
LOC111112161	2
LOC111112400	2
LOC111112476	2
LOC111112477	2
LOC111112513	2
LOC111112560	2
LOC111112618	2
LOC111112808	2
LOC111112963	2
LOC111112964	2
LOC111113098	2
LOC111113121	2
LOC111113296	2
LOC111113317	2
LOC111113323	2
LOC111113350	2
LOC111113391	2
LOC111113603	2
LOC111113700	2
LOC111114684	2
LOC111114713	2
LOC111114908	2
LOC111115095	2
LOC111115126	2
LOC111115501	2
LOC111115965	2
LOC111116150	2
LOC111116400	2
LOC111116807	2
LOC111116948	2
LOC111117024	2
LOC111117033	2
LOC111117133	2
LOC111117330	2
LOC111117386	2
LOC111117403	2
LOC111117414	2
LOC111117475	2
LOC111117480	2
LOC111117506	2
LOC111117650	2
LOC111117672	2
LOC111118060	2
LOC111118141	2
LOC111118179	2
LOC111118192	2
LOC111118226	2
LOC111118269	2
LOC111118271	2
LOC111118473	2
LOC111118623	2
LOC111118666	2
LOC111118912	2
LOC111118918	2
LOC111119104	2
LOC111119162	2
LOC111119176	2
LOC111119178	2
LOC111119287	2
LOC111119292	2
LOC111119600	2
LOC111119634	2
LOC111119694	2
LOC111119711	2
LOC111119729	2
LOC111119915	2
LOC111119949	2
LOC111120011	2
LOC111120058	2
LOC111120065	2
LOC111120106	2
LOC111120129	2
LOC111120226	2
LOC111120376	2
LOC111120393	2
LOC111120467	2
LOC111120563	2
LOC111120847	2
LOC111120852	2
LOC111120867	2
LOC111120881	2
LOC111120924	2
LOC111120961	2
LOC111121000	2
LOC111121025	2
LOC111121100	2
LOC111121104	2
LOC111121133	2
LOC111121259	2
LOC111121293	2
LOC111121318	2
LOC111121355	2
LOC111121393	2
LOC111121418	2
LOC111121448	2
LOC111121477	2
LOC111121480	2
LOC111121483	2
LOC111121710	2
LOC111121741	2
LOC111121791	2
LOC111121822	2
LOC111121838	2
LOC111121867	2
LOC111121910	2
LOC111122056	2
LOC111122057	2
LOC111122062	2
LOC111122124	2
LOC111122331	2
LOC111122749	2
LOC111122785	2
LOC111122854	2
LOC111122922	2
LOC111122984	2
LOC111123031	2
LOC111123084	2
LOC111123153	2
LOC111123202	2
LOC111123220	2
LOC111123236	2
LOC111123399	2
LOC111123412	2
LOC111123729	2
LOC111123825	2
LOC111123828	2
LOC111123916	2
LOC111123986	2
LOC111124084	2
LOC111124399	2
LOC111124471	2
LOC111124558	2
LOC111124586	2
LOC111124594	2
LOC111124598	2
LOC111124658	2
LOC111124702	2
LOC111124761	2
LOC111124859	2
LOC111124942	2
LOC111125061	2
LOC111125176	2
LOC111125237	2
LOC111125262	2
LOC111125352	2
LOC111125456	2
LOC111125541	2
LOC111125643	2
LOC111125721	2
LOC111125963	2
LOC111126059	2
LOC111126185	2
LOC111126385	2
LOC111126605	2
LOC111126624	2
LOC111126670	2
LOC111126917	2
LOC111126996	2
LOC111127232	2
LOC111127311	2
LOC111127395	2
LOC111127443	2
LOC111127509	2
LOC111127595	2
LOC111127844	2
LOC111127889	2
LOC111127935	2
LOC111128149	2
LOC111128153	2
LOC111128328	2
LOC111128521	2
LOC111128599	2
LOC111128642	2
LOC111128772	2
LOC111128838	2
LOC111128885	2
LOC111128990	2
LOC111129198	2
LOC111129218	2
LOC111129231	2
LOC111129238	2
LOC111129250	2
LOC111129271	2
LOC111129292	2
LOC111129299	2
LOC111129385	2
LOC111129397	2
LOC111129539	2
LOC111129561	2
LOC111129601	2
LOC111129664	2
LOC111129781	2
LOC111129796	2
LOC111129798	2
LOC111129826	2
LOC111129836	2
LOC111129907	2
LOC111129962	2
LOC111129975	2
LOC111130056	2
LOC111130250	2
LOC111130332	2
LOC111130365	2
LOC111130569	2
LOC111130571	2
LOC111130592	2
LOC111130593	2
LOC111130603	2
LOC111130667	2
LOC111130742	2
LOC111130870	2
LOC111130931	2
LOC111130988	2
LOC111130997	2
LOC111131124	2
LOC111131176	2
LOC111131435	2
LOC111131580	2
LOC111131696	2
LOC111131704	2
LOC111131750	2
LOC111131775	2
LOC111131875	2
LOC111132054	2
LOC111132097	2
LOC111132128	2
LOC111132146	2
LOC111132151	2
LOC111132220	2
LOC111132419	2
LOC111132438	2
LOC111132497	2
LOC111132504	2
LOC111132579	2
LOC111132834	2
LOC111132975	2
LOC111133126	2
LOC111133129	2
LOC111133152	2
LOC111133154	2
LOC111133164	2
LOC111133433	2
LOC111133467	2
LOC111133563	2
LOC111133709	2
LOC111133729	2
LOC111133792	2
LOC111133911	2
LOC111133922	2
LOC111133970	2
LOC111133982	2
LOC111133998	2
LOC111134355	2
LOC111134398	2
LOC111134420	2
LOC111134625	2
LOC111134630	2
LOC111134705	2
LOC111134710	2
LOC111134756	2
LOC111134850	2
LOC111134851	2
LOC111134879	2
LOC111134903	2
LOC111135037	2
LOC111135120	2
LOC111135145	2
LOC111135251	2
LOC111135281	2
LOC111135332	2
LOC111135346	2
LOC111135351	2
LOC111135392	2
LOC111135526	2
LOC111135547	2
LOC111135560	2
LOC111135621	2
LOC111135687	2
LOC111135724	2
LOC111135829	2
LOC111135841	2
LOC111135892	2
LOC111135968	2
LOC111136051	2
LOC111136071	2
LOC111136095	2
LOC111136109	2
LOC111136156	2
LOC111136175	2
LOC111136197	2
LOC111136248	2
LOC111136407	2
LOC111136453	2
LOC111136468	2
LOC111136550	2
LOC111136619	2
LOC111136678	2
LOC111136777	2
LOC111136888	2
LOC111136929	2
LOC111137042	2
LOC111137047	2
LOC111137145	2
LOC111137239	2
LOC111137242	2
LOC111137399	2
LOC111137484	2
LOC111137543	2
LOC111137629	2
LOC111137666	2
LOC111137970	2
LOC111138003	2
LOC111138181	2
LOC111138384	2
LOC111138412	2
LOC111138500	2
LOC111099073	1
LOC111099101	1
LOC111099106	1
LOC111099110	1
LOC111099123	1
LOC111099172	1
LOC111099174	1
LOC111099175	1
LOC111099209	1
LOC111099211	1
LOC111099212	1
LOC111099226	1
LOC111099327	1
LOC111099426	1
LOC111099443	1
LOC111099489	1
LOC111099490	1
LOC111099509	1
LOC111099519	1
LOC111099604	1
LOC111099613	1
LOC111099693	1
LOC111099795	1
LOC111099846	1
LOC111099857	1
LOC111099873	1
LOC111099918	1
LOC111099967	1
LOC111099994	1
LOC111100011	1
LOC111100029	1
LOC111100321	1
LOC111100367	1
LOC111100478	1
LOC111100542	1
LOC111100546	1
LOC111100569	1
LOC111100578	1
LOC111100582	1
LOC111100613	1
LOC111100638	1
LOC111100724	1
LOC111100739	1
LOC111100747	1
LOC111100765	1
LOC111100805	1
LOC111100973	1
LOC111100996	1
LOC111101054	1
LOC111101091	1
LOC111101111	1
LOC111101185	1
LOC111101238	1
LOC111101316	1
LOC111101532	1
LOC111101549	1
LOC111101550	1
LOC111101743	1
LOC111101884	1
LOC111101889	1
LOC111101918	1
LOC111101996	1
LOC111102113	1
LOC111102138	1
LOC111102249	1
LOC111102251	1
LOC111102258	1
LOC111102306	1
LOC111102426	1
LOC111102465	1
LOC111102475	1
LOC111102480	1
LOC111102556	1
LOC111102578	1
LOC111102675	1
LOC111102678	1
LOC111102713	1
LOC111102743	1
LOC111102827	1
LOC111102874	1
LOC111102970	1
LOC111103021	1
LOC111103225	1
LOC111103356	1
LOC111103366	1
LOC111103375	1
LOC111103378	1
LOC111103389	1
LOC111103394	1
LOC111103427	1
LOC111103534	1
LOC111103564	1
LOC111103625	1
LOC111103680	1
LOC111103707	1
LOC111103765	1
LOC111103778	1
LOC111103816	1
LOC111103820	1
LOC111103891	1
LOC111103912	1
LOC111103922	1
LOC111103960	1
LOC111103976	1
LOC111104044	1
LOC111104118	1
LOC111104143	1
LOC111104247	1
LOC111104435	1
LOC111104595	1
LOC111104633	1
LOC111104670	1
LOC111104784	1
LOC111104878	1
LOC111105066	1
LOC111105158	1
LOC111105250	1
LOC111105251	1
LOC111105437	1
LOC111105509	1
LOC111105515	1
LOC111105544	1
LOC111105686	1
LOC111105753	1
LOC111105762	1
LOC111105839	1
LOC111105847	1
LOC111105904	1
LOC111105909	1
LOC111106031	1
LOC111106055	1
LOC111106119	1
LOC111106355	1
LOC111106479	1
LOC111106521	1
LOC111106770	1
LOC111107046	1
LOC111107113	1
LOC111107124	1
LOC111107174	1
LOC111107188	1
LOC111107204	1
LOC111107212	1
LOC111107260	1
LOC111107279	1
LOC111107324	1
LOC111107430	1
LOC111107518	1
LOC111107565	1
LOC111107609	1
LOC111107855	1
LOC111107987	1
LOC111108022	1
LOC111108057	1
LOC111108061	1
LOC111108089	1
LOC111108151	1
LOC111108179	1
LOC111108274	1
LOC111108322	1
LOC111108355	1
LOC111108410	1
LOC111108475	1
LOC111108503	1
LOC111108519	1
LOC111108699	1
LOC111108755	1
LOC111108835	1
LOC111108971	1
LOC111109132	1
LOC111109188	1
LOC111109428	1
LOC111109471	1
LOC111109483	1
LOC111109552	1
LOC111109740	1
LOC111109748	1
LOC111109831	1
LOC111109836	1
LOC111109946	1
LOC111109952	1
LOC111109989	1
LOC111110053	1
LOC111110083	1
LOC111110195	1
LOC111110258	1
LOC111110314	1
LOC111110330	1
LOC111110454	1
LOC111110494	1
LOC111110590	1
LOC111110750	1
LOC111110789	1
LOC111110824	1
LOC111110826	1
LOC111110920	1
LOC111110954	1
LOC111110957	1
LOC111111118	1
LOC111111216	1
LOC111111295	1
LOC111111322	1
LOC111111378	1
LOC111111461	1
LOC111111554	1
LOC111111557	1
LOC111111613	1
LOC111111615	1
LOC111111872	1
LOC111111945	1
LOC111112129	1
LOC111112179	1
LOC111112206	1
LOC111112232	1
LOC111112301	1
LOC111112303	1
LOC111112418	1
LOC111112613	1
LOC111112623	1
LOC111112682	1
LOC111112703	1
LOC111112770	1
LOC111112779	1
LOC111112791	1
LOC111112794	1
LOC111112839	1
LOC111113080	1
LOC111113090	1
LOC111113091	1
LOC111113092	1
LOC111113173	1
LOC111113177	1
LOC111113186	1
LOC111113195	1
LOC111113196	1
LOC111113203	1
LOC111113262	1
LOC111113298	1
LOC111113370	1
LOC111113386	1
LOC111113399	1
LOC111113426	1
LOC111113434	1
LOC111113469	1
LOC111113635	1
LOC111113887	1
LOC111114232	1
LOC111114474	1
LOC111114547	1
LOC111114554	1
LOC111114854	1
LOC111114893	1
LOC111115068	1
LOC111115135	1
LOC111115230	1
LOC111115278	1
LOC111115357	1
LOC111115365	1
LOC111115416	1
LOC111115446	1
LOC111115487	1
LOC111115506	1
LOC111115535	1
LOC111115551	1
LOC111115637	1
LOC111115707	1
LOC111115715	1
LOC111115773	1
LOC111115824	1
LOC111115871	1
LOC111115908	1
LOC111115975	1
LOC111116137	1
LOC111116321	1
LOC111116351	1
LOC111116366	1
LOC111116394	1
LOC111116441	1
LOC111116469	1
LOC111116485	1
LOC111116787	1
LOC111116914	1
LOC111117065	1
LOC111117073	1
LOC111117074	1
LOC111117115	1
LOC111117129	1
LOC111117178	1
LOC111117314	1
LOC111117356	1
LOC111117393	1
LOC111117417	1
LOC111117436	1
LOC111117438	1
LOC111117551	1
LOC111117607	1
LOC111117697	1
LOC111117928	1
LOC111118014	1
LOC111118055	1
LOC111118056	1
LOC111118091	1
LOC111118092	1
LOC111118096	1
LOC111118140	1
LOC111118185	1
LOC111118244	1
LOC111118311	1
LOC111118417	1
LOC111118452	1
LOC111118477	1
LOC111118483	1
LOC111118550	1
LOC111118610	1
LOC111118809	1
LOC111118882	1
LOC111118887	1
LOC111118964	1
LOC111118970	1
LOC111118972	1
LOC111119019	1
LOC111119117	1
LOC111119188	1
LOC111119189	1
LOC111119226	1
LOC111119284	1
LOC111119294	1
LOC111119347	1
LOC111119361	1
LOC111119412	1
LOC111119422	1
LOC111119465	1
LOC111119490	1
LOC111119493	1
LOC111119528	1
LOC111119756	1
LOC111119791	1
LOC111119818	1
LOC111119822	1
LOC111119946	1
LOC111120077	1
LOC111120082	1
LOC111120094	1
LOC111120115	1
LOC111120118	1
LOC111120216	1
LOC111120266	1
LOC111120326	1
LOC111120475	1
LOC111120484	1
LOC111120550	1
LOC111120551	1
LOC111120588	1
LOC111120621	1
LOC111120640	1
LOC111120659	1
LOC111120682	1
LOC111120690	1
LOC111120713	1
LOC111120726	1
LOC111120743	1
LOC111120768	1
LOC111120800	1
LOC111120801	1
LOC111120827	1
LOC111120860	1
LOC111120885	1
LOC111120909	1
LOC111120960	1
LOC111120983	1
LOC111121003	1
LOC111121012	1
LOC111121026	1
LOC111121030	1
LOC111121056	1
LOC111121059	1
LOC111121128	1
LOC111121157	1
LOC111121159	1
LOC111121184	1
LOC111121268	1
LOC111121297	1
LOC111121392	1
LOC111121395	1
LOC111121420	1
LOC111121443	1
LOC111121530	1
LOC111121536	1
LOC111121567	1
LOC111121590	1
LOC111121613	1
LOC111121674	1
LOC111121707	1
LOC111121709	1
LOC111121717	1
LOC111121734	1
LOC111121772	1
LOC111121832	1
LOC111121884	1
LOC111121889	1
LOC111121912	1
LOC111121926	1
LOC111121994	1
LOC111122222	1
LOC111122334	1
LOC111122377	1
LOC111122382	1
LOC111122416	1
LOC111122423	1
LOC111122450	1
LOC111122562	1
LOC111122585	1
LOC111122599	1
LOC111122722	1
LOC111122832	1
LOC111123026	1
LOC111123123	1
LOC111123168	1
LOC111123214	1
LOC111123223	1
LOC111123256	1
LOC111123270	1
LOC111123296	1
LOC111123379	1
LOC111123431	1
LOC111123434	1
LOC111123491	1
LOC111123588	1
LOC111123598	1
LOC111123648	1
LOC111123664	1
LOC111123702	1
LOC111123817	1
LOC111123840	1
LOC111123868	1
LOC111123879	1
LOC111123894	1
LOC111123898	1
LOC111123910	1
LOC111123924	1
LOC111123973	1
LOC111123985	1
LOC111124005	1
LOC111124016	1
LOC111124146	1
LOC111124247	1
LOC111124304	1
LOC111124329	1
LOC111124415	1
LOC111124445	1
LOC111124637	1
LOC111124641	1
LOC111124643	1
LOC111124657	1
LOC111124695	1
LOC111124707	1
LOC111124727	1
LOC111124728	1
LOC111124742	1
LOC111124797	1
LOC111124809	1
LOC111124847	1
LOC111124851	1
LOC111124863	1
LOC111124912	1
LOC111125019	1
LOC111125065	1
LOC111125071	1
LOC111125084	1
LOC111125100	1
LOC111125130	1
LOC111125204	1
LOC111125299	1
LOC111125318	1
LOC111125373	1
LOC111125375	1
LOC111125391	1
LOC111125433	1
LOC111125438	1
LOC111125451	1
LOC111125473	1
LOC111125474	1
LOC111125483	1
LOC111125528	1
LOC111125543	1
LOC111125545	1
LOC111125553	1
LOC111125555	1
LOC111125599	1
LOC111125615	1
LOC111125631	1
LOC111125662	1
LOC111125689	1
LOC111125697	1
LOC111125740	1
LOC111125746	1
LOC111125809	1
LOC111125816	1
LOC111125848	1
LOC111125852	1
LOC111125878	1
LOC111125907	1
LOC111125950	1
LOC111125958	1
LOC111126007	1
LOC111126023	1
LOC111126037	1
LOC111126043	1
LOC111126111	1
LOC111126154	1
LOC111126214	1
LOC111126218	1
LOC111126231	1
LOC111126289	1
LOC111126296	1
LOC111126337	1
LOC111126376	1
LOC111126408	1
LOC111126410	1
LOC111126513	1
LOC111126529	1
LOC111126617	1
LOC111126632	1
LOC111126633	1
LOC111126660	1
LOC111126793	1
LOC111126847	1
LOC111126905	1
LOC111126981	1
LOC111127006	1
LOC111127107	1
LOC111127173	1
LOC111127179	1
LOC111127200	1
LOC111127298	1
LOC111127314	1
LOC111127324	1
LOC111127350	1
LOC111127369	1
LOC111127427	1
LOC111127448	1
LOC111127562	1
LOC111127646	1
LOC111127662	1
LOC111127768	1
LOC111127879	1
LOC111127949	1
LOC111127969	1
LOC111128035	1
LOC111128088	1
LOC111128121	1
LOC111128125	1
LOC111128132	1
LOC111128211	1
LOC111128236	1
LOC111128258	1
LOC111128292	1
LOC111128309	1
LOC111128323	1
LOC111128433	1
LOC111128464	1
LOC111128549	1
LOC111128558	1
LOC111128559	1
LOC111128683	1
LOC111128714	1
LOC111128734	1
LOC111128755	1
LOC111128863	1
LOC111128870	1
LOC111128926	1
LOC111128943	1
LOC111128968	1
LOC111128985	1
LOC111129011	1
LOC111129064	1
LOC111129080	1
LOC111129103	1
LOC111129115	1
LOC111129165	1
LOC111129186	1
LOC111129188	1
LOC111129202	1
LOC111129215	1
LOC111129256	1
LOC111129264	1
LOC111129265	1
LOC111129306	1
LOC111129323	1
LOC111129345	1
LOC111129357	1
LOC111129376	1
LOC111129399	1
LOC111129464	1
LOC111129532	1
LOC111129580	1
LOC111129614	1
LOC111129720	1
LOC111129762	1
LOC111129835	1
LOC111129847	1
LOC111129851	1
LOC111129855	1
LOC111129859	1
LOC111129941	1
LOC111129949	1
LOC111129986	1
LOC111130017	1
LOC111130018	1
LOC111130121	1
LOC111130156	1
LOC111130213	1
LOC111130235	1
LOC111130287	1
LOC111130301	1
LOC111130305	1
LOC111130309	1
LOC111130325	1
LOC111130374	1
LOC111130399	1
LOC111130400	1
LOC111130405	1
LOC111130438	1
LOC111130467	1
LOC111130470	1
LOC111130472	1
LOC111130500	1
LOC111130537	1
LOC111130553	1
LOC111130584	1
LOC111130639	1
LOC111130653	1
LOC111130727	1
LOC111130738	1
LOC111130761	1
LOC111130774	1
LOC111130837	1
LOC111130865	1
LOC111130989	1
LOC111131085	1
LOC111131093	1
LOC111131174	1
LOC111131208	1
LOC111131209	1
LOC111131226	1
LOC111131266	1
LOC111131592	1
LOC111131602	1
LOC111131641	1
LOC111131745	1
LOC111131751	1
LOC111131753	1
LOC111131799	1
LOC111131863	1
LOC111132036	1
LOC111132038	1
LOC111132083	1
LOC111132090	1
LOC111132149	1
LOC111132183	1
LOC111132185	1
LOC111132216	1
LOC111132335	1
LOC111132439	1
LOC111132484	1
LOC111132499	1
LOC111132600	1
LOC111132626	1
LOC111132629	1
LOC111132853	1
LOC111132860	1
LOC111133039	1
LOC111133131	1
LOC111133242	1
LOC111133335	1
LOC111133354	1
LOC111133383	1
LOC111133422	1
LOC111133426	1
LOC111133485	1
LOC111133497	1
LOC111133522	1
LOC111133558	1
LOC111133585	1
LOC111133604	1
LOC111133674	1
LOC111133678	1
LOC111133740	1
LOC111133749	1
LOC111133767	1
LOC111133806	1
LOC111133905	1
LOC111134093	1
LOC111134131	1
LOC111134244	1
LOC111134248	1
LOC111134301	1
LOC111134321	1
LOC111134324	1
LOC111134354	1
LOC111134418	1
LOC111134424	1
LOC111134440	1
LOC111134514	1
LOC111134537	1
LOC111134570	1
LOC111134734	1
LOC111134754	1
LOC111134834	1
LOC111134888	1
LOC111134899	1
LOC111134966	1
LOC111135027	1
LOC111135117	1
LOC111135118	1
LOC111135148	1
LOC111135156	1
LOC111135198	1
LOC111135226	1
LOC111135227	1
LOC111135230	1
LOC111135276	1
LOC111135286	1
LOC111135337	1
LOC111135339	1
LOC111135371	1
LOC111135426	1
LOC111135443	1
LOC111135492	1
LOC111135493	1
LOC111135536	1
LOC111135548	1
LOC111135564	1
LOC111135569	1
LOC111135582	1
LOC111135654	1
LOC111135697	1
LOC111135701	1
LOC111135738	1
LOC111135825	1
LOC111135915	1
LOC111135925	1
LOC111136004	1
LOC111136021	1
LOC111136057	1
LOC111136133	1
LOC111136223	1
LOC111136258	1
LOC111136390	1
LOC111136397	1
LOC111136399	1
LOC111136476	1
LOC111136488	1
LOC111136526	1
LOC111136573	1
LOC111136702	1
LOC111136871	1
LOC111136898	1
LOC111136940	1
LOC111136951	1
LOC111136972	1
LOC111136974	1
LOC111137014	1
LOC111137023	1
LOC111137053	1
LOC111137059	1
LOC111137085	1
LOC111137142	1
LOC111137171	1
LOC111137288	1
LOC111137333	1
LOC111137375	1
LOC111137391	1
LOC111137410	1
LOC111137412	1
LOC111137504	1
LOC111137535	1
LOC111137580	1
LOC111137684	1
LOC111137875	1
LOC111137896	1
LOC111137911	1
LOC111137990	1
LOC111138050	1
LOC111138109	1
LOC111138122	1
LOC111138177	1
LOC111138192	1
LOC111138237	1
LOC111138250	1
LOC111138378	1
LOC111138389	1
LOC111138423	1
LOC111138490	1
