mrna_id	n_lncRNAs	GeneID	Symbol	description	type_of_gene	match_type
LOC111107689	1525	NA	NA	NA	NA	NA
LOC111103610	1522	111103610	LOC111103610	uncharacterized LOC111103610	protein-coding	Symbol
LOC111132339	1516	111132339	LOC111132339	uncharacterized LOC111132339	protein-coding	Symbol
LOC111111320	1514	111111320	LOC111111320	heat shock 70 kDa protein 12A-like	protein-coding	Symbol
LOC111105683	1512	111105683	LOC111105683	uncharacterized LOC111105683	protein-coding	Symbol
LOC111126813	1512	111126813	LOC111126813	heat shock 70 kDa protein 12A-like	protein-coding	Symbol
LOC111127923	1510	111127923	LOC111127923	high-affinity choline transporter 1-like	protein-coding	Symbol
LOC111106094	1508	NA	NA	NA	NA	NA
LOC111122566	1507	111122566	LOC111122566	protein O-mannosyl-transferase TMTC1-like	protein-coding	Symbol
LOC111132218	1506	111132218	LOC111132218	uncharacterized LOC111132218	protein-coding	Symbol
LOC111132345	1506	NA	NA	NA	NA	NA
LOC111109495	1504	NA	NA	NA	NA	NA
LOC111111792	1503	NA	NA	NA	NA	NA
LOC111112351	1501	NA	NA	NA	NA	NA
LOC111119012	1501	111119012	LOC111119012	scavenger receptor cysteine-rich domain-containing protein DMBT1-like	protein-coding	Symbol
LOC111120185	1501	NA	NA	NA	NA	NA
LOC111120747	1501	111120747	LOC111120747	transient receptor potential cation channel subfamily A member 1-like	protein-coding	Symbol
LOC111122921	1501	111122921	LOC111122921	uncharacterized LOC111122921	protein-coding	Symbol
LOC111132884	1500	111132884	LOC111132884	chordin-like	protein-coding	Symbol
LOC111104812	1499	111104812	LOC111104812	uncharacterized LOC111104812	protein-coding	Symbol
LOC111124328	1499	NA	NA	NA	NA	NA
LOC111120620	1498	111120620	LOC111120620	glutamate receptor ionotropic, NMDA 2B-like	protein-coding	Symbol
LOC111109230	1496	NA	NA	NA	NA	NA
LOC111110575	1496	NA	NA	NA	NA	NA
LOC111122679	1496	111122679	LOC111122679	uncharacterized LOC111122679	protein-coding	Symbol
LOC111128601	1495	NA	NA	NA	NA	NA
LOC111111289	1494	NA	NA	NA	NA	NA
LOC111132623	1494	111132623	LOC111132623	inositol 1,4,5-trisphosphate-gated calcium channel ITPR2-like	protein-coding	Symbol
LOC111136947	1494	111136947	LOC111136947	neuroligin-4, X-linked-like	protein-coding	Symbol
LOC111129560	1493	NA	NA	NA	NA	NA
LOC111118716	1491	NA	NA	NA	NA	NA
LOC111120136	1491	111120136	LOC111120136	contactin-3-like	protein-coding	Symbol
LOC111121580	1491	111121580	LOC111121580	uncharacterized LOC111121580	protein-coding	Symbol
LOC111123036	1491	NA	NA	NA	NA	NA
LOC111132789	1491	111132789	LOC111132789	uncharacterized LOC111132789	protein-coding	Symbol
LOC111109298	1490	NA	NA	NA	NA	NA
LOC111109370	1489	NA	NA	NA	NA	NA
LOC111128657	1489	111128657	LOC111128657	uncharacterized LOC111128657	protein-coding	Symbol
LOC111128732	1488	111128732	LOC111128732	uncharacterized LOC111128732	protein-coding	Symbol
LOC111107536	1486	111107536	LOC111107536	cadherin EGF LAG seven-pass G-type receptor 2-like	protein-coding	Symbol
LOC111122586	1484	111122586	LOC111122586	uncharacterized LOC111122586	ncRNA	Symbol
LOC111122089	1483	111122089	LOC111122089	cell surface hyaluronidase-like	protein-coding	Symbol
LOC111128774	1483	111128774	LOC111128774	cell surface hyaluronidase CEMIP2-like	protein-coding	Symbol
LOC111120814	1481	111120814	LOC111120814	uncharacterized LOC111120814	protein-coding	Symbol
LOC111109007	1480	NA	NA	NA	NA	NA
LOC111136699	1480	111136699	LOC111136699	neuroligin-4, Y-linked-like	protein-coding	Symbol
LOC111130434	1479	111130434	LOC111130434	voltage-gated delayed rectifier potassium channel KCNH1-like	protein-coding	Symbol
LOC111108808	1477	111108808	LOC111108808	toll-like receptor 1	protein-coding	Symbol
LOC111136116	1477	111136116	LOC111136116	uncharacterized LOC111136116	protein-coding	Symbol
LOC111122008	1476	111122008	LOC111122008	short transient receptor potential channel 7-like	protein-coding	Symbol
LOC111103774	1475	NA	NA	NA	NA	NA
LOC111107775	1475	111107775	LOC111107775	uncharacterized LOC111107775	protein-coding	Symbol
LOC111118062	1475	NA	NA	NA	NA	NA
LOC111125683	1474	NA	NA	NA	NA	NA
LOC111120646	1473	111120646	LOC111120646	cilia- and flagella-associated protein 337-like	protein-coding	Symbol
LOC111112478	1472	111112478	LOC111112478	uncharacterized LOC111112478	protein-coding	Symbol
LOC111113791	1472	NA	NA	NA	NA	NA
LOC111127840	1471	111127840	LOC111127840	uncharacterized LOC111127840	protein-coding	Symbol
LOC111113324	1470	111113324	LOC111113324	uncharacterized LOC111113324	protein-coding	Symbol
LOC111107264	1469	111107264	LOC111107264	uncharacterized LOC111107264	protein-coding	Symbol
LOC111110495	1469	111110495	LOC111110495	beta-1,3-galactosyltransferase 5-like	protein-coding	Symbol
LOC111115753	1469	NA	NA	NA	NA	NA
LOC111121950	1469	NA	NA	NA	NA	NA
LOC111123717	1469	111123717	LOC111123717	uncharacterized LOC111123717	ncRNA	Symbol
LOC111123822	1469	111123822	LOC111123822	uncharacterized LOC111123822	protein-coding	Symbol
LOC111119301	1468	111119301	LOC111119301	uncharacterized LOC111119301	protein-coding	Symbol
LOC111122138	1468	111122138	LOC111122138	delphilin-like	protein-coding	Symbol
LOC111124300	1468	111124300	LOC111124300	uncharacterized LOC111124300	protein-coding	Symbol
LOC111100025	1467	111100025	LOC111100025	A disintegrin and metalloproteinase with thrombospondin motifs 18-like	protein-coding	Symbol
LOC111133093	1467	111133093	LOC111133093	uncharacterized LOC111133093	protein-coding	Symbol
LOC111105682	1466	111105682	LOC111105682	uncharacterized LOC111105682	protein-coding	Symbol
LOC111131739	1466	111131739	LOC111131739	transmembrane protein 179B-like	protein-coding	Symbol
LOC111099418	1465	NA	NA	NA	NA	NA
LOC111108603	1464	111108603	LOC111108603	uncharacterized LOC111108603	protein-coding	Symbol
LOC111116234	1463	NA	NA	NA	NA	NA
LOC111133868	1463	111133868	LOC111133868	protocadherin-23-like	protein-coding	Symbol
LOC111109148	1462	NA	NA	NA	NA	NA
LOC111109176	1462	111109176	LOC111109176	uncharacterized LOC111109176	protein-coding	Symbol
LOC111113936	1462	NA	NA	NA	NA	NA
LOC111118817	1462	111118817	LOC111118817	uncharacterized LOC111118817	protein-coding	Symbol
LOC111135463	1462	111135463	LOC111135463	uncharacterized LOC111135463	protein-coding	Symbol
LOC111112322	1461	NA	NA	NA	NA	NA
LOC111120254	1461	NA	NA	NA	NA	NA
LOC111120448	1461	NA	NA	NA	NA	NA
LOC111124199	1461	NA	NA	NA	NA	NA
LOC111116848	1460	111116848	LOC111116848	uncharacterized LOC111116848	protein-coding	Symbol
LOC111129709	1460	111129709	LOC111129709	uncharacterized LOC111129709	protein-coding	Symbol
LOC111119542	1459	111119542	LOC111119542	uncharacterized LOC111119542	protein-coding	Symbol
LOC111105325	1458	111105325	LOC111105325	uncharacterized LOC111105325	protein-coding	Symbol
LOC111125720	1458	111125720	LOC111125720	von Willebrand factor D and EGF domain-containing protein-like	protein-coding	Symbol
LOC111128465	1458	111128465	LOC111128465	BDNF/NT-3 growth factors receptor-like	protein-coding	Symbol
LOC111131254	1458	111131254	LOC111131254	uncharacterized LOC111131254	protein-coding	Symbol
LOC111124346	1457	NA	NA	NA	NA	NA
LOC111114170	1455	111114170	LOC111114170	cubilin-like	protein-coding	Symbol
LOC111131306	1454	111131306	LOC111131306	ectonucleoside triphosphate diphosphohydrolase 1-like	protein-coding	Symbol
LOC111108341	1450	111108341	LOC111108341	uncharacterized LOC111108341	protein-coding	Symbol
LOC111120616	1450	111120616	LOC111120616	polycystin-1-like	protein-coding	Symbol
LOC111123956	1449	111123956	LOC111123956	uncharacterized LOC111123956	protein-coding	Symbol
LOC111128733	1449	111128733	LOC111128733	uncharacterized LOC111128733	protein-coding	Symbol
LOC111099151	1448	111099151	LOC111099151	dual 3',5'-cyclic-AMP and -GMP phosphodiesterase 11A-like	protein-coding	Symbol
LOC111134137	1448	111134137	LOC111134137	uncharacterized LOC111134137	protein-coding	Symbol
LOC111108340	1447	111108340	LOC111108340	uncharacterized LOC111108340	protein-coding	Symbol
LOC111109074	1447	NA	NA	NA	NA	NA
LOC111133547	1447	111133547	LOC111133547	receptor for retinol uptake stra6-like	protein-coding	Symbol
LOC111104208	1446	NA	NA	NA	NA	NA
LOC111125430	1446	111125430	LOC111125430	uncharacterized LOC111125430	protein-coding	Symbol
LOC111109177	1445	111109177	LOC111109177	uncharacterized LOC111109177	protein-coding	Symbol
LOC111127101	1445	NA	NA	NA	NA	NA
LOC111130256	1445	111130256	LOC111130256	acetylcholine receptor subunit beta-like 1	protein-coding	Symbol
LOC111101953	1444	NA	NA	NA	NA	NA
LOC111119566	1443	111119566	LOC111119566	uncharacterized LOC111119566	protein-coding	Symbol
LOC111106598	1442	111106598	LOC111106598	uncharacterized LOC111106598	protein-coding	Symbol
LOC111106860	1442	NA	NA	NA	NA	NA
LOC111113959	1442	NA	NA	NA	NA	NA
LOC111099450	1440	111099450	LOC111099450	uncharacterized LOC111099450	protein-coding	Symbol
LOC111113189	1439	111113189	LOC111113189	uncharacterized LOC111113189	protein-coding	Symbol
LOC111108110	1437	111108110	LOC111108110	calcium-activated chloride channel regulator 1-like	protein-coding	Symbol
LOC111118229	1437	111118229	LOC111118229	uncharacterized LOC111118229	protein-coding	Symbol
LOC111112483	1436	111112483	LOC111112483	uncharacterized LOC111112483	pseudo	Symbol
LOC111118881	1436	111118881	LOC111118881	uncharacterized LOC111118881	protein-coding	Symbol
LOC111119080	1436	111119080	LOC111119080	uncharacterized LOC111119080	protein-coding	Symbol
LOC111132784	1435	NA	NA	NA	NA	NA
LOC111100946	1433	NA	NA	NA	NA	NA
LOC111128763	1433	111128763	LOC111128763	uncharacterized LOC111128763	protein-coding	Symbol
LOC111132219	1433	111132219	LOC111132219	uncharacterized LOC111132219	protein-coding	Symbol
LOC111132887	1433	111132887	LOC111132887	uncharacterized LOC111132887	protein-coding	Symbol
LOC111123258	1432	111123258	LOC111123258	uncharacterized LOC111123258	protein-coding	Symbol
LOC111123554	1432	111123554	LOC111123554	serine/threonine-protein phosphatase with EF-hands 1-like	protein-coding	Symbol
LOC111128690	1432	111128690	LOC111128690	uncharacterized LOC111128690	protein-coding	Symbol
LOC111114317	1431	NA	NA	NA	NA	NA
LOC111119997	1430	111119997	LOC111119997	uncharacterized LOC111119997	protein-coding	Symbol
LOC111135831	1430	111135831	LOC111135831	putative transporter YutK	protein-coding	Symbol
LOC111118160	1429	111118160	LOC111118160	uncharacterized LOC111118160	protein-coding	Symbol
LOC111106522	1428	111106522	LOC111106522	uncharacterized LOC111106522	protein-coding	Symbol
LOC111108854	1428	NA	NA	NA	NA	NA
LOC111113888	1428	NA	NA	NA	NA	NA
LOC111121507	1428	NA	NA	NA	NA	NA
LOC111132110	1428	111132110	LOC111132110	multidrug resistance-associated protein 1-like	protein-coding	Symbol
LOC111119173	1427	111119173	LOC111119173	uncharacterized LOC111119173	protein-coding	Symbol
LOC111128950	1427	111128950	LOC111128950	uncharacterized LOC111128950	protein-coding	Symbol
LOC111105252	1426	111105252	LOC111105252	uncharacterized LOC111105252	protein-coding	Symbol
LOC111118732	1425	111118732	LOC111118732	meiosis inhibitor protein 1-like	protein-coding	Symbol
LOC111125953	1425	111125953	LOC111125953	receptor-type tyrosine-protein phosphatase alpha-like	protein-coding	Symbol
LOC111124194	1424	111124194	LOC111124194	contactin-5-like	protein-coding	Symbol
LOC111118111	1423	111118111	LOC111118111	uncharacterized LOC111118111	protein-coding	Symbol
LOC111132569	1423	111132569	LOC111132569	SCO-spondin-like	protein-coding	Symbol
LOC111134403	1423	111134403	LOC111134403	uncharacterized LOC111134403	protein-coding	Symbol
LOC111115708	1422	111115708	LOC111115708	uncharacterized LOC111115708	protein-coding	Symbol
LOC111130525	1422	111130525	LOC111130525	uncharacterized LOC111130525	protein-coding	Symbol
LOC111117727	1421	111117727	LOC111117727	uncharacterized LOC111117727	protein-coding	Symbol
LOC111121935	1421	111121935	LOC111121935	uncharacterized LOC111121935	protein-coding	Symbol
LOC111101620	1420	111101620	LOC111101620	uncharacterized LOC111101620	protein-coding	Symbol
LOC111111740	1420	111111740	LOC111111740	sodium-dependent glucose transporter 1A-like	protein-coding	Symbol
LOC111114021	1419	111114021	LOC111114021	glycylpeptide N-tetradecanoyltransferase 2-like	protein-coding	Symbol
LOC111114716	1419	NA	NA	NA	NA	NA
LOC111130721	1419	NA	NA	NA	NA	NA
LOC111108874	1418	NA	NA	NA	NA	NA
LOC111111009	1418	NA	NA	NA	NA	NA
LOC111112300	1418	111112300	LOC111112300	receptor-type tyrosine-protein phosphatase epsilon-like	protein-coding	Symbol
LOC111129010	1418	111129010	LOC111129010	uncharacterized LOC111129010	protein-coding	Symbol
LOC111129057	1418	111129057	LOC111129057	serine/threonine-protein kinase BRSK2-like	protein-coding	Symbol
LOC111130027	1418	111130027	LOC111130027	adhesion G-protein coupled receptor V1-like	protein-coding	Symbol
LOC111125944	1417	111125944	LOC111125944	uncharacterized LOC111125944	protein-coding	Symbol
LOC111113850	1416	111113850	LOC111113850	uncharacterized LOC111113850	protein-coding	Symbol
LOC111132529	1416	111132529	LOC111132529	transmembrane protein 26-like	protein-coding	Symbol
LOC111134217	1416	111134217	LOC111134217	WD repeat-containing protein 11-like	protein-coding	Symbol
LOC111104069	1415	NA	NA	NA	NA	NA
LOC111124266	1415	NA	NA	NA	NA	NA
LOC111129554	1415	111129554	LOC111129554	uncharacterized LOC111129554	protein-coding	Symbol
LOC111134955	1415	111134955	LOC111134955	mucolipin-3-like	protein-coding	Symbol
LOC111125717	1414	NA	NA	NA	NA	NA
LOC111133229	1414	111133229	LOC111133229	kinesin-like protein KIF12	protein-coding	Symbol
LOC111123972	1413	111123972	LOC111123972	E3 ubiquitin-protein ligase TRIM56-like	protein-coding	Symbol
LOC111119607	1412	111119607	LOC111119607	allatostatin-A receptor-like	protein-coding	Symbol
LOC111120348	1412	111120348	LOC111120348	uncharacterized LOC111120348	protein-coding	Symbol
LOC111112656	1411	NA	NA	NA	NA	NA
LOC111114141	1411	111114141	LOC111114141	uncharacterized LOC111114141	pseudo	Symbol
LOC111126720	1411	111126720	LOC111126720	uncharacterized LOC111126720	protein-coding	Symbol
LOC111104547	1409	NA	NA	NA	NA	NA
LOC111112691	1409	NA	NA	NA	NA	NA
LOC111113172	1409	111113172	LOC111113172	death domain-containing protein 1-like	protein-coding	Symbol
LOC111135334	1409	111135334	LOC111135334	steroid 17-alpha-hydroxylase/17,20 lyase-like	protein-coding	Symbol
LOC111114747	1408	111114747	LOC111114747	uncharacterized LOC111114747	protein-coding	Symbol
LOC111130991	1408	111130991	LOC111130991	uncharacterized LOC111130991	protein-coding	Symbol
LOC111134239	1408	111134239	LOC111134239	basic immunoglobulin-like variable motif-containing protein	protein-coding	Symbol
LOC111108887	1407	111108887	LOC111108887	uncharacterized LOC111108887	protein-coding	Symbol
LOC111119200	1407	NA	NA	NA	NA	NA
LOC111128730	1407	111128730	LOC111128730	uncharacterized LOC111128730	protein-coding	Symbol
LOC111131329	1407	NA	NA	NA	NA	NA
LOC111123442	1406	111123442	LOC111123442	uncharacterized LOC111123442	ncRNA	Symbol
LOC111101969	1405	111101969	LOC111101969	uncharacterized LOC111101969	protein-coding	Symbol
LOC111128678	1405	111128678	LOC111128678	uncharacterized LOC111128678	protein-coding	Symbol
LOC111132461	1405	NA	NA	NA	NA	NA
LOC111136892	1405	111136892	LOC111136892	monocarboxylate transporter 12-B-like	protein-coding	Symbol
LOC111101893	1404	111101893	LOC111101893	uncharacterized LOC111101893	protein-coding	Symbol
LOC111123602	1404	NA	NA	NA	NA	NA
LOC111129263	1404	111129263	LOC111129263	acid-sensing ion channel 4-like	protein-coding	Symbol
LOC111108361	1403	111108361	LOC111108361	FMRFamide receptor-like	protein-coding	Symbol
LOC111120298	1403	NA	NA	NA	NA	NA
LOC111135843	1403	111135843	LOC111135843	neuronal acetylcholine receptor subunit alpha-10-like	protein-coding	Symbol
LOC111119692	1402	111119692	LOC111119692	coiled-coil domain-containing protein 33-like	protein-coding	Symbol
LOC111137184	1402	111137184	LOC111137184	uncharacterized LOC111137184	protein-coding	Symbol
LOC111103695	1401	NA	NA	NA	NA	NA
LOC111106618	1400	111106618	LOC111106618	protein pigeon-like	protein-coding	Symbol
LOC111123859	1400	111123859	LOC111123859	uncharacterized LOC111123859	protein-coding	Symbol
LOC111134604	1400	111134604	LOC111134604	uncharacterized LOC111134604	protein-coding	Symbol
LOC111136039	1399	111136039	LOC111136039	serine/threonine-protein phosphatase PP1-gamma catalytic subunit B	protein-coding	Symbol
LOC111100586	1398	111100586	LOC111100586	chitin synthase chs-2-like	protein-coding	Symbol
LOC111101170	1398	111101170	LOC111101170	uncharacterized LOC111101170	protein-coding	Symbol
LOC111106019	1397	111106019	LOC111106019	uncharacterized LOC111106019	protein-coding	Symbol
LOC111120020	1397	111120020	LOC111120020	polycystin family receptor for egg jelly-like	protein-coding	Symbol
LOC111106665	1396	NA	NA	NA	NA	NA
LOC111123440	1394	NA	NA	NA	NA	NA
LOC111108204	1393	111108204	LOC111108204	uncharacterized LOC111108204	protein-coding	Symbol
LOC111110884	1392	NA	NA	NA	NA	NA
LOC111114361	1392	NA	NA	NA	NA	NA
LOC111122130	1392	111122130	LOC111122130	polycystin family receptor for egg jelly-like	protein-coding	Symbol
LOC111134678	1392	111134678	LOC111134678	uncharacterized LOC111134678	protein-coding	Symbol
LOC111136638	1392	111136638	LOC111136638	echinoderm microtubule-associated protein-like 2	protein-coding	Symbol
LOC111107804	1391	111107804	LOC111107804	uncharacterized LOC111107804	protein-coding	Symbol
LOC111114937	1391	NA	NA	NA	NA	NA
LOC111118373	1390	111118373	LOC111118373	uncharacterized LOC111118373	protein-coding	Symbol
LOC111120665	1390	111120665	LOC111120665	SCO-spondin-like	protein-coding	Symbol
LOC111099917	1388	111099917	LOC111099917	uncharacterized LOC111099917	protein-coding	Symbol
LOC111104147	1388	111104147	LOC111104147	uncharacterized LOC111104147	protein-coding	Symbol
LOC111109067	1388	NA	NA	NA	NA	NA
LOC111116333	1388	111116333	LOC111116333	3'-5' RNA nuclease TATDN2-like	protein-coding	Symbol
LOC111118861	1388	NA	NA	NA	NA	NA
LOC111124055	1388	111124055	LOC111124055	uncharacterized LOC111124055	protein-coding	Symbol
LOC111129820	1388	111129820	LOC111129820	serine/arginine-rich splicing factor 4-like	protein-coding	Symbol
LOC111134562	1388	111134562	LOC111134562	deacetylase Oant_2987-like	protein-coding	Symbol
LOC111131377	1387	111131377	LOC111131377	MAM and LDL-receptor class A domain-containing protein 1-like	protein-coding	Symbol
LOC111107995	1386	111107995	LOC111107995	serine/threonine-protein kinase pim-3-like	protein-coding	Symbol
LOC111111606	1384	111111606	LOC111111606	adipokinetic hormone/corazonin-related peptide receptor variant I-like	protein-coding	Symbol
LOC111102821	1383	111102821	LOC111102821	uncharacterized LOC111102821	protein-coding	Symbol
LOC111119780	1383	111119780	LOC111119780	uncharacterized LOC111119780	protein-coding	Symbol
LOC111127024	1383	111127024	LOC111127024	uncharacterized LOC111127024	protein-coding	Symbol
LOC111130384	1383	111130384	LOC111130384	lachesin-like	protein-coding	Symbol
LOC111132826	1383	111132826	LOC111132826	A disintegrin and metalloproteinase with thrombospondin motifs 18-like	protein-coding	Symbol
LOC111133607	1383	111133607	LOC111133607	E3 ubiquitin-protein ligase znrf2-like	protein-coding	Symbol
LOC111135173	1383	111135173	LOC111135173	ceramide glucosyltransferase-like	protein-coding	Symbol
LOC111101951	1382	111101951	LOC111101951	uncharacterized LOC111101951	pseudo	Symbol
LOC111102476	1382	NA	NA	NA	NA	NA
LOC111109044	1382	NA	NA	NA	NA	NA
LOC111109258	1382	111109258	LOC111109258	uncharacterized LOC111109258	protein-coding	Symbol
LOC111122939	1382	NA	NA	NA	NA	NA
LOC111123374	1382	111123374	LOC111123374	uncharacterized LOC111123374	protein-coding	Symbol
LOC111123969	1382	111123969	LOC111123969	solute carrier family 25 member 43-like	protein-coding	Symbol
LOC111133367	1382	111133367	LOC111133367	uncharacterized LOC111133367	ncRNA	Symbol
LOC111109146	1381	NA	NA	NA	NA	NA
LOC111113572	1381	111113572	LOC111113572	uncharacterized LOC111113572	protein-coding	Symbol
LOC111119123	1381	111119123	LOC111119123	histone H3.3A	protein-coding	Symbol
LOC111131279	1381	111131279	LOC111131279	integrase/recombinase xerD homolog	protein-coding	Symbol
LOC111132891	1381	111132891	LOC111132891	uncharacterized LOC111132891	protein-coding	Symbol
LOC111135411	1381	111135411	LOC111135411	E3 ubiquitin-protein ligase MYLIP-like	protein-coding	Symbol
LOC111138390	1381	111138390	LOC111138390	uncharacterized LOC111138390	protein-coding	Symbol
LOC111108039	1380	NA	NA	NA	NA	NA
LOC111124428	1379	111124428	LOC111124428	uncharacterized LOC111124428	protein-coding	Symbol
LOC111125350	1379	111125350	LOC111125350	uncharacterized LOC111125350	protein-coding	Symbol
LOC111127161	1379	111127161	LOC111127161	low-density lipoprotein receptor-related protein 2-like	protein-coding	Symbol
LOC111129360	1378	NA	NA	NA	NA	NA
LOC111136077	1378	111136077	LOC111136077	uncharacterized LOC111136077	protein-coding	Symbol
LOC111129693	1377	111129693	LOC111129693	regulating synaptic membrane exocytosis protein 2-like	protein-coding	Symbol
LOC111126163	1376	111126163	LOC111126163	histone H2A-like	protein-coding	Symbol
LOC111133657	1376	111133657	LOC111133657	large neutral amino acids transporter small subunit 2-like	protein-coding	Symbol
LOC111129309	1375	111129309	LOC111129309	uncharacterized LOC111129309	protein-coding	Symbol
LOC111104317	1374	111104317	LOC111104317	uncharacterized LOC111104317	pseudo	Symbol
LOC111107740	1374	NA	NA	NA	NA	NA
LOC111131125	1374	111131125	LOC111131125	uncharacterized LOC111131125	pseudo	Symbol
LOC111101634	1371	NA	NA	NA	NA	NA
LOC111112582	1371	111112582	LOC111112582	uncharacterized LOC111112582	protein-coding	Symbol
LOC111132595	1371	111132595	LOC111132595	uncharacterized LOC111132595	protein-coding	Symbol
LOC111109354	1370	NA	NA	NA	NA	NA
LOC111119850	1370	111119850	LOC111119850	lysosomal alpha-mannosidase-like	protein-coding	Symbol
LOC111106235	1369	111106235	LOC111106235	uncharacterized LOC111106235	protein-coding	Symbol
LOC111102082	1368	NA	NA	NA	NA	NA
LOC111106891	1368	111106891	LOC111106891	uncharacterized LOC111106891	pseudo	Symbol
LOC111125762	1368	NA	NA	NA	NA	NA
LOC111126226	1368	111126226	LOC111126226	high mobility group protein DSP1-like	protein-coding	Symbol
LOC111133302	1368	111133302	LOC111133302	uncharacterized LOC111133302	protein-coding	Symbol
LOC111112116	1367	NA	NA	NA	NA	NA
LOC111112803	1367	111112803	LOC111112803	uncharacterized LOC111112803	protein-coding	Symbol
LOC111120346	1367	111120346	LOC111120346	uncharacterized LOC111120346	protein-coding	Symbol
LOC111134146	1367	111134146	LOC111134146	cdc42 homolog	protein-coding	Symbol
ATP6	1365	NA	NA	NA	NA	NA
LOC111103502	1365	111103502	LOC111103502	SIN3-HDAC complex-associated factor-like	protein-coding	Symbol
LOC111109159	1365	111109159	LOC111109159	uncharacterized LOC111109159	protein-coding	Symbol
LOC111114568	1365	111114568	LOC111114568	uncharacterized LOC111114568	protein-coding	Symbol
LOC111107554	1364	111107554	LOC111107554	uncharacterized LOC111107554	protein-coding	Symbol
LOC111118729	1364	111118729	LOC111118729	uncharacterized LOC111118729	protein-coding	Symbol
LOC111119217	1364	111119217	LOC111119217	uncharacterized LOC111119217	protein-coding	Symbol
LOC111136440	1364	111136440	LOC111136440	serine/arginine-rich splicing factor 1A-like	protein-coding	Symbol
LOC111124133	1363	111124133	LOC111124133	uncharacterized LOC111124133	protein-coding	Symbol
LOC111099969	1362	NA	NA	NA	NA	NA
LOC111120702	1362	111120702	LOC111120702	UPAR/Ly6 domain-containing protein crok-like	protein-coding	Symbol
LOC111124111	1362	111124111	LOC111124111	collagen alpha-3(VI) chain-like	protein-coding	Symbol
LOC111127841	1362	111127841	LOC111127841	SCO-spondin-like	protein-coding	Symbol
LOC111134947	1362	111134947	LOC111134947	gastric triacylglycerol lipase-like	protein-coding	Symbol
LOC111101736	1361	111101736	LOC111101736	uncharacterized LOC111101736	protein-coding	Symbol
LOC111116449	1361	NA	NA	NA	NA	NA
LOC111121835	1361	111121835	LOC111121835	histone H2A	protein-coding	Symbol
LOC111123989	1361	111123989	LOC111123989	uncharacterized LOC111123989	protein-coding	Symbol
LOC111124929	1361	111124929	LOC111124929	glycogen synthase kinase-3 beta-like	protein-coding	Symbol
LOC111125773	1361	111125773	LOC111125773	protein tyrosine phosphatase type IVA 2-like	protein-coding	Symbol
LOC111128282	1361	111128282	LOC111128282	alpha-mannosidase 2-like	protein-coding	Symbol
LOC111128951	1361	111128951	LOC111128951	histone H2A	protein-coding	Symbol
LOC111137294	1361	111137294	LOC111137294	uncharacterized LOC111137294	protein-coding	Symbol
LOC111100630	1360	111100630	LOC111100630	putative sodium/potassium-transporting ATPase subunit beta-3	protein-coding	Symbol
LOC111100985	1360	111100985	LOC111100985	uncharacterized LOC111100985	protein-coding	Symbol
LOC111108187	1360	111108187	LOC111108187	chromobox protein homolog 1-like	protein-coding	Symbol
LOC111111398	1360	NA	NA	NA	NA	NA
LOC111122860	1360	111122860	LOC111122860	G2/mitotic-specific cyclin-A-like	protein-coding	Symbol
LOC111124059	1360	111124059	LOC111124059	uncharacterized LOC111124059	protein-coding	Symbol
LOC111136938	1360	111136938	LOC111136938	guanine nucleotide-binding protein subunit beta	protein-coding	Symbol
LOC111100158	1359	111100158	LOC111100158	polyubiquitin-like	protein-coding	Symbol
LOC111103885	1359	111103885	LOC111103885	chloride intracellular channel Clic-like	protein-coding	Symbol
LOC111103570	1358	111103570	LOC111103570	uncharacterized LOC111103570	protein-coding	Symbol
LOC111126056	1358	111126056	LOC111126056	uncharacterized LOC111126056	protein-coding	Symbol
LOC111127026	1358	111127026	LOC111127026	bromodomain-containing protein 2-like	protein-coding	Symbol
LOC111123982	1357	111123982	LOC111123982	ATP-binding cassette sub-family C member 4-like	protein-coding	Symbol
LOC111100423	1356	111100423	LOC111100423	organic cation transporter protein-like	protein-coding	Symbol
LOC111125150	1356	111125150	LOC111125150	uncharacterized LOC111125150	protein-coding	Symbol
LOC111131007	1356	111131007	LOC111131007	YTH domain-containing family protein 1-like	protein-coding	Symbol
LOC111124375	1355	111124375	LOC111124375	guanylate cyclase soluble subunit alpha-2-like	protein-coding	Symbol
LOC111129699	1355	NA	NA	NA	NA	NA
LOC111136907	1355	111136907	LOC111136907	uncharacterized LOC111136907	protein-coding	Symbol
LOC111108064	1354	111108064	LOC111108064	potassium voltage-gated channel protein Shal-like	protein-coding	Symbol
LOC111112790	1354	111112790	LOC111112790	protein white-like	protein-coding	Symbol
LOC111125574	1354	111125574	LOC111125574	small ubiquitin-related modifier 2-like	protein-coding	Symbol
LOC111112436	1353	NA	NA	NA	NA	NA
LOC111123708	1353	NA	NA	NA	NA	NA
LOC111123709	1353	NA	NA	NA	NA	NA
LOC111114779	1352	111114779	LOC111114779	protein white-like	protein-coding	Symbol
LOC111116710	1352	111116710	LOC111116710	glutamyl aminopeptidase-like	protein-coding	Symbol
LOC111120380	1352	NA	NA	NA	NA	NA
LOC111120490	1352	111120490	LOC111120490	uncharacterized LOC111120490	protein-coding	Symbol
LOC111130961	1352	111130961	LOC111130961	protein madd-4-like	protein-coding	Symbol
LOC111131322	1352	NA	NA	NA	NA	NA
LOC111106178	1351	111106178	LOC111106178	uncharacterized LOC111106178	protein-coding	Symbol
LOC111106215	1351	111106215	LOC111106215	G-protein coupled receptor GRL101-like	protein-coding	Symbol
LOC111109391	1351	111109391	LOC111109391	uncharacterized LOC111109391	protein-coding	Symbol
LOC111132226	1351	NA	NA	NA	NA	NA
LOC111100167	1350	NA	NA	NA	NA	NA
LOC111111285	1350	111111285	LOC111111285	uncharacterized LOC111111285	protein-coding	Symbol
LOC111122251	1350	NA	NA	NA	NA	NA
LOC111125142	1350	111125142	LOC111125142	phospholipid scramblase 2-like	protein-coding	Symbol
LOC111126182	1348	111126182	LOC111126182	uncharacterized LOC111126182	protein-coding	Symbol
LOC111101659	1347	111101659	LOC111101659	uncharacterized LOC111101659	protein-coding	Symbol
LOC111108489	1346	111108489	LOC111108489	uncharacterized LOC111108489	protein-coding	Symbol
LOC111126186	1346	111126186	LOC111126186	ATP-dependent RNA helicase me31b-like	protein-coding	Symbol
LOC111100901	1345	111100901	LOC111100901	uncharacterized LOC111100901	protein-coding	Symbol
LOC111106632	1345	111106632	LOC111106632	uncharacterized LOC111106632	protein-coding	Symbol
LOC111106741	1344	111106741	LOC111106741	uncharacterized LOC111106741	protein-coding	Symbol
LOC111123211	1344	111123211	LOC111123211	CREB-binding protein-like	protein-coding	Symbol
LOC111126558	1344	111126558	LOC111126558	aldo-keto reductase 1B-like	protein-coding	Symbol
LOC111103821	1343	111103821	LOC111103821	uncharacterized LOC111103821	protein-coding	Symbol
LOC111125940	1343	111125940	LOC111125940	uncharacterized LOC111125940	protein-coding	Symbol
LOC111120603	1342	111120603	LOC111120603	cytohesin-1-like	protein-coding	Symbol
LOC111122102	1342	111122102	LOC111122102	serine/arginine-rich splicing factor 2-like	protein-coding	Symbol
LOC111123703	1342	111123703	LOC111123703	uncharacterized LOC111123703	protein-coding	Symbol
LOC111109065	1341	NA	NA	NA	NA	NA
LOC111109257	1341	NA	NA	NA	NA	NA
LOC111110178	1341	111110178	LOC111110178	uncharacterized LOC111110178	protein-coding	Symbol
LOC111111074	1341	111111074	LOC111111074	uncharacterized LOC111111074	protein-coding	Symbol
LOC111123492	1341	111123492	LOC111123492	pre-B-cell leukemia transcription factor 1-like	protein-coding	Symbol
LOC111125384	1341	111125384	LOC111125384	uncharacterized LOC111125384	protein-coding	Symbol
LOC111129559	1341	NA	NA	NA	NA	NA
LOC111114037	1340	111114037	LOC111114037	uncharacterized LOC111114037	protein-coding	Symbol
LOC111120394	1340	111120394	LOC111120394	pyrethroid hydrolase Ces2e-like	protein-coding	Symbol
LOC111117149	1339	NA	NA	NA	NA	NA
LOC111120512	1339	111120512	LOC111120512	lethal(2) giant larvae protein homolog 1-like	protein-coding	Symbol
LOC111101914	1337	NA	NA	NA	NA	NA
LOC111119302	1337	111119302	LOC111119302	uncharacterized LOC111119302	protein-coding	Symbol
LOC111135072	1337	111135072	LOC111135072	uncharacterized LOC111135072	protein-coding	Symbol
LOC111121840	1336	NA	NA	NA	NA	NA
LOC111129478	1336	NA	NA	NA	NA	NA
LOC111103882	1335	111103882	LOC111103882	uncharacterized LOC111103882	protein-coding	Symbol
LOC111112846	1335	111112846	LOC111112846	semaphorin-2A-like	protein-coding	Symbol
LOC111114158	1335	111114158	LOC111114158	uncharacterized LOC111114158	protein-coding	Symbol
LOC111120658	1335	NA	NA	NA	NA	NA
LOC111125461	1335	NA	NA	NA	NA	NA
LOC111125275	1334	111125275	LOC111125275	collagen alpha-3(VI) chain-like	protein-coding	Symbol
LOC111130142	1334	111130142	LOC111130142	limbic system-associated membrane protein-like	protein-coding	Symbol
LOC111131491	1334	111131491	LOC111131491	uncharacterized LOC111131491	protein-coding	Symbol
LOC111136849	1334	111136849	LOC111136849	small conductance calcium-activated potassium channel protein-like	protein-coding	Symbol
LOC111137776	1334	111137776	LOC111137776	arylacetamide deacetylase-like	protein-coding	Symbol
ND5	1334	NA	NA	NA	NA	NA
LOC111113934	1333	NA	NA	NA	NA	NA
LOC111128355	1332	NA	NA	NA	NA	NA
LOC111135878	1332	111135878	LOC111135878	ras and EF-hand domain-containing protein homolog	protein-coding	Symbol
LOC111136981	1332	111136981	LOC111136981	uncharacterized LOC111136981	protein-coding	Symbol
ND6	1332	NA	NA	NA	NA	NA
LOC111108093	1331	111108093	LOC111108093	uncharacterized LOC111108093	protein-coding	Symbol
LOC111122502	1331	111122502	LOC111122502	splicing factor U2AF 26 kDa subunit-like	protein-coding	Symbol
LOC111137483	1331	111137483	LOC111137483	T-complex protein 1 subunit epsilon-like	protein-coding	Symbol
LOC111107933	1329	111107933	LOC111107933	uncharacterized LOC111107933	protein-coding	Symbol
LOC111113270	1329	111113270	LOC111113270	ADP-ribosylation factor-like protein 5B	protein-coding	Symbol
LOC111115259	1329	111115259	LOC111115259	uncharacterized LOC111115259	protein-coding	Symbol
LOC111122301	1329	111122301	LOC111122301	uncharacterized LOC111122301	protein-coding	Symbol
LOC111135820	1329	111135820	LOC111135820	C-C chemokine receptor type 1-like	protein-coding	Symbol
LOC111128699	1328	111128699	LOC111128699	14-3-3 protein zeta-like	protein-coding	Symbol
LOC111133281	1328	111133281	LOC111133281	uncharacterized LOC111133281	protein-coding	Symbol
LOC111136085	1328	111136085	LOC111136085	CCR4-NOT transcription complex subunit 4-like	protein-coding	Symbol
LOC111136279	1328	NA	NA	NA	NA	NA
LOC111138510	1328	111138510	LOC111138510	gigaxonin-like	protein-coding	Symbol
ND2	1328	NA	NA	NA	NA	NA
COX2	1327	NA	NA	NA	NA	NA
LOC111102992	1327	NA	NA	NA	NA	NA
LOC111108285	1327	111108285	LOC111108285	uncharacterized LOC111108285	protein-coding	Symbol
LOC111108521	1327	111108521	LOC111108521	guanine nucleotide-binding protein G(i) subunit alpha	protein-coding	Symbol
LOC111116098	1327	NA	NA	NA	NA	NA
LOC111124609	1327	111124609	LOC111124609	low-density lipoprotein receptor-related protein 6-like	protein-coding	Symbol
LOC111125644	1327	NA	NA	NA	NA	NA
LOC111130431	1327	111130431	LOC111130431	proteasome subunit alpha type-3-like	protein-coding	Symbol
LOC111136337	1327	NA	NA	NA	NA	NA
LOC111138336	1327	111138336	LOC111138336	uncharacterized LOC111138336	protein-coding	Symbol
LOC111137680	1326	111137680	LOC111137680	uncharacterized LOC111137680	protein-coding	Symbol
CYTB	1325	NA	NA	NA	NA	NA
LOC111118188	1325	111118188	LOC111118188	monocyte to macrophage differentiation factor 2-like	protein-coding	Symbol
LOC111119650	1325	111119650	LOC111119650	casein kinase I-like	protein-coding	Symbol
LOC111120526	1325	111120526	LOC111120526	polycystin family receptor for egg jelly-like	protein-coding	Symbol
LOC111120661	1325	111120661	LOC111120661	MOB kinase activator 1B	protein-coding	Symbol
LOC111125982	1325	111125982	LOC111125982	CCR4-NOT transcription complex subunit 7-like	protein-coding	Symbol
LOC111135167	1325	NA	NA	NA	NA	NA
LOC111135231	1325	111135231	LOC111135231	serine/threonine-protein kinase NLK-like	protein-coding	Symbol
LOC111106614	1324	111106614	LOC111106614	interferon-induced protein 44-like	protein-coding	Symbol
LOC111107407	1324	111107407	LOC111107407	uncharacterized LOC111107407	protein-coding	Symbol
LOC111113174	1324	111113174	LOC111113174	UBX domain-containing protein 11-like	protein-coding	Symbol
LOC111119774	1324	NA	NA	NA	NA	NA
LOC111124427	1324	111124427	LOC111124427	uncharacterized LOC111124427	protein-coding	Symbol
LOC111135901	1324	111135901	LOC111135901	sodium-dependent dopamine transporter-like	protein-coding	Symbol
LOC111127912	1323	111127912	LOC111127912	proteasome subunit alpha type-6-like	protein-coding	Symbol
LOC111112867	1322	111112867	LOC111112867	uncharacterized LOC111112867	protein-coding	Symbol
LOC111124307	1321	NA	NA	NA	NA	NA
LOC111135380	1321	111135380	LOC111135380	serine/threonine-protein phosphatase 4 regulatory subunit 1-like	protein-coding	Symbol
LOC111135948	1321	111135948	LOC111135948	uncharacterized LOC111135948	protein-coding	Symbol
LOC111136560	1321	111136560	LOC111136560	T-complex protein 1 subunit zeta-like	protein-coding	Symbol
LOC111105133	1320	111105133	LOC111105133	eIF5-mimic protein 2-like	protein-coding	Symbol
LOC111114142	1320	111114142	LOC111114142	uncharacterized LOC111114142	pseudo	Symbol
LOC111102060	1319	111102060	LOC111102060	uncharacterized LOC111102060	pseudo	Symbol
LOC111106637	1319	NA	NA	NA	NA	NA
LOC111119298	1319	111119298	LOC111119298	apolipoprotein(a)-like	protein-coding	Symbol
LOC111132423	1319	NA	NA	NA	NA	NA
LOC111114941	1318	NA	NA	NA	NA	NA
LOC111121515	1318	111121515	LOC111121515	NADH dehydrogenase [ubiquinone] 1 beta subcomplex subunit 7-like	protein-coding	Symbol
LOC111124239	1318	111124239	LOC111124239	polycystin family receptor for egg jelly-like	protein-coding	Symbol
LOC111109211	1317	111109211	LOC111109211	uncharacterized LOC111109211	pseudo	Symbol
LOC111121837	1317	111121837	LOC111121837	histone H2B pseudogene	pseudo	Symbol
LOC111113421	1316	111113421	LOC111113421	uncharacterized LOC111113421	protein-coding	Symbol
LOC111129431	1316	111129431	LOC111129431	ferroportin-like	protein-coding	Symbol
LOC111132502	1316	111132502	LOC111132502	uncharacterized LOC111132502	protein-coding	Symbol
LOC111135552	1316	111135552	LOC111135552	terminal nucleotidyltransferase 4B-like	protein-coding	Symbol
LOC111124635	1315	111124635	LOC111124635	uncharacterized LOC111124635	protein-coding	Symbol
LOC111100665	1314	111100665	LOC111100665	uncharacterized LOC111100665	pseudo	Symbol
LOC111105060	1314	NA	NA	NA	NA	NA
LOC111127563	1314	111127563	LOC111127563	lathosterol oxidase-like	protein-coding	Symbol
LOC111134629	1314	111134629	LOC111134629	ras-like GTP-binding protein Rho1	protein-coding	Symbol
LOC111125507	1313	111125507	LOC111125507	spliceosome RNA helicase DDX39B	protein-coding	Symbol
LOC111135006	1313	111135006	LOC111135006	casein kinase II subunit alpha-like	protein-coding	Symbol
LOC111099461	1312	111099461	LOC111099461	solute carrier family 49 member A3-like	protein-coding	Symbol
LOC111105168	1312	NA	NA	NA	NA	NA
LOC111119090	1312	111119090	LOC111119090	ubiquitin-conjugating enzyme E2 S-like	protein-coding	Symbol
LOC111124015	1312	111124015	LOC111124015	uncharacterized LOC111124015	protein-coding	Symbol
LOC111129089	1312	NA	NA	NA	NA	NA
LOC111129841	1312	111129841	LOC111129841	heat shock protein HSP 90-beta-like	protein-coding	Symbol
LOC111104867	1311	111104867	LOC111104867	uncharacterized LOC111104867	protein-coding	Symbol
LOC111118935	1311	NA	NA	NA	NA	NA
LOC111116490	1310	NA	NA	NA	NA	NA
LOC111120648	1309	111120648	LOC111120648	KH domain-containing, RNA-binding, signal transduction-associated protein 2-like	protein-coding	Symbol
LOC111122652	1309	111122652	LOC111122652	endothelial differentiation-related factor 1 homolog	protein-coding	Symbol
LOC111134015	1309	111134015	LOC111134015	putative ATP-dependent DNA helicase HFM1	protein-coding	Symbol
LOC111111442	1308	111111442	LOC111111442	ceramide synthase 5-like	protein-coding	Symbol
LOC111118182	1308	NA	NA	NA	NA	NA
LOC111133428	1308	111133428	LOC111133428	proteasome subunit beta type-6-like	protein-coding	Symbol
ND4L	1308	NA	NA	NA	NA	NA
LOC111108423	1306	111108423	LOC111108423	dolichyl-diphosphooligosaccharide--protein glycosyltransferase subunit 1-like	protein-coding	Symbol
LOC111125193	1306	NA	NA	NA	NA	NA
LOC111131447	1306	111131447	LOC111131447	uncharacterized LOC111131447	protein-coding	Symbol
LOC111107488	1305	111107488	LOC111107488	RNA-binding protein 1-like	protein-coding	Symbol
LOC111113931	1305	NA	NA	NA	NA	NA
LOC111103890	1304	111103890	LOC111103890	uncharacterized LOC111103890	protein-coding	Symbol
LOC111127110	1304	111127110	LOC111127110	uncharacterized LOC111127110	protein-coding	Symbol
LOC111135004	1304	111135004	LOC111135004	uncharacterized LOC111135004	protein-coding	Symbol
LOC111110604	1303	111110604	LOC111110604	3-[(3aS,4S,7aS)-7a-methyl-1,5-dioxo-octahydro-1H-inden-4-yl]propanoyl:CoA ligase-like	protein-coding	Symbol
LOC111120965	1303	111120965	LOC111120965	cytochrome c oxidase assembly protein COX19-like	protein-coding	Symbol
COX1	1302	NA	NA	NA	NA	NA
LOC111103377	1302	111103377	LOC111103377	serine/threonine-protein phosphatase 6 regulatory subunit 3-like	protein-coding	Symbol
LOC111113941	1302	NA	NA	NA	NA	NA
LOC111129692	1302	NA	NA	NA	NA	NA
LOC111133751	1302	111133751	LOC111133751	translationally-controlled tumor protein homolog	protein-coding	Symbol
LOC111134198	1302	111134198	LOC111134198	uncharacterized LOC111134198	protein-coding	Symbol
LOC111136105	1302	111136105	LOC111136105	acetylcholinesterase-like	protein-coding	Symbol
LOC111136861	1302	111136861	LOC111136861	uncharacterized LOC111136861	protein-coding	Symbol
LOC111120984	1301	111120984	LOC111120984	protein mago nashi homolog 2	protein-coding	Symbol
LOC111112730	1300	111112730	LOC111112730	ras GTPase-activating-like protein IQGAP1	protein-coding	Symbol
LOC111117586	1300	NA	NA	NA	NA	NA
LOC111118921	1300	111118921	LOC111118921	uncharacterized LOC111118921	protein-coding	Symbol
LOC111130850	1300	111130850	LOC111130850	protein max-like	protein-coding	Symbol
LOC111130852	1300	NA	NA	NA	NA	NA
LOC111100132	1299	NA	NA	NA	NA	NA
LOC111101941	1299	NA	NA	NA	NA	NA
LOC111106649	1299	111106649	LOC111106649	protein BTG2-like	protein-coding	Symbol
LOC111108982	1299	111108982	LOC111108982	uncharacterized LOC111108982	protein-coding	Symbol
LOC111114588	1299	111114588	LOC111114588	uncharacterized LOC111114588	protein-coding	Symbol
LOC111114627	1299	111114627	LOC111114627	rho-related protein racA-like	protein-coding	Symbol
LOC111118611	1299	111118611	LOC111118611	cytochrome b-c1 complex subunit 6, mitochondrial-like	protein-coding	Symbol
LOC111121934	1299	111121934	LOC111121934	uncharacterized LOC111121934	protein-coding	Symbol
LOC111129837	1299	NA	NA	NA	NA	NA
LOC111130212	1299	NA	NA	NA	NA	NA
LOC111109677	1298	NA	NA	NA	NA	NA
LOC111128999	1298	111128999	LOC111128999	uncharacterized LOC111128999	protein-coding	Symbol
LOC111130138	1298	111130138	LOC111130138	insulin-like peptide receptor	protein-coding	Symbol
LOC111100740	1297	111100740	LOC111100740	uncharacterized LOC111100740	protein-coding	Symbol
LOC111123003	1297	111123003	LOC111123003	catenin beta-like	protein-coding	Symbol
LOC111105429	1296	111105429	LOC111105429	eukaryotic translation initiation factor 1A-like	protein-coding	Symbol
LOC111109066	1296	111109066	LOC111109066	uncharacterized LOC111109066	protein-coding	Symbol
LOC111120999	1296	111120999	LOC111120999	proteasome subunit beta type-2-like	protein-coding	Symbol
LOC111122884	1296	111122884	LOC111122884	uncharacterized LOC111122884	protein-coding	Symbol
LOC111127996	1296	NA	NA	NA	NA	NA
LOC111129259	1296	111129259	LOC111129259	uncharacterized LOC111129259	protein-coding	Symbol
LOC111103250	1295	111103250	LOC111103250	isocitrate dehydrogenase [NADP], mitochondrial-like	protein-coding	Symbol
LOC111111315	1295	111111315	LOC111111315	uncharacterized LOC111111315	pseudo	Symbol
LOC111122665	1295	111122665	LOC111122665	uncharacterized LOC111122665	protein-coding	Symbol
LOC111130684	1295	111130684	LOC111130684	solute carrier organic anion transporter family member 4A1-like	protein-coding	Symbol
LOC111135183	1295	111135183	LOC111135183	uncharacterized LOC111135183	protein-coding	Symbol
LOC111135437	1295	111135437	LOC111135437	uncharacterized LOC111135437	protein-coding	Symbol
LOC111135600	1295	111135600	LOC111135600	programmed cell death protein 4-like	protein-coding	Symbol
LOC111136715	1295	111136715	LOC111136715	uncharacterized LOC111136715	ncRNA	Symbol
LOC111107555	1294	111107555	LOC111107555	uncharacterized LOC111107555	protein-coding	Symbol
LOC111124875	1294	111124875	LOC111124875	frizzled-2-like	protein-coding	Symbol
LOC111125560	1294	111125560	LOC111125560	uncharacterized LOC111125560	protein-coding	Symbol
LOC111131418	1294	111131418	LOC111131418	putative G-protein coupled receptor 139	protein-coding	Symbol
LOC111130858	1293	111130858	LOC111130858	uncharacterized LOC111130858	protein-coding	Symbol
LOC111135361	1293	111135361	LOC111135361	ribosomal protein S6 kinase beta-1-like	protein-coding	Symbol
LOC111137770	1293	111137770	LOC111137770	uncharacterized LOC111137770	protein-coding	Symbol
LOC111112625	1292	NA	NA	NA	NA	NA
LOC111136924	1292	NA	NA	NA	NA	NA
ND4	1292	NA	NA	NA	NA	NA
LOC111111306	1291	NA	NA	NA	NA	NA
LOC111113171	1291	111113171	LOC111113171	protein arginine N-methyltransferase 1-like	protein-coding	Symbol
LOC111115523	1291	111115523	LOC111115523	uncharacterized LOC111115523	protein-coding	Symbol
LOC111135178	1291	NA	NA	NA	NA	NA
LOC111135208	1291	111135208	LOC111135208	C-terminal-binding protein-like	protein-coding	Symbol
LOC111137900	1291	111137900	LOC111137900	clathrin heavy chain 1	protein-coding	Symbol
LOC111138499	1291	111138499	LOC111138499	uncharacterized LOC111138499	protein-coding	Symbol
LOC111114599	1290	111114599	LOC111114599	3-oxo-5-alpha-steroid 4-dehydrogenase 1-like	protein-coding	Symbol
LOC111136118	1290	111136118	LOC111136118	protein LSM14 homolog B-like	protein-coding	Symbol
LOC111126083	1289	111126083	LOC111126083	GA-binding protein alpha chain-like	protein-coding	Symbol
LOC111127188	1289	NA	NA	NA	NA	NA
LOC111119270	1288	111119270	LOC111119270	serine/threonine-protein phosphatase 2A catalytic subunit	protein-coding	Symbol
LOC111124991	1288	111124991	LOC111124991	N-alpha-acetyltransferase 15, NatA auxiliary subunit-like	protein-coding	Symbol
LOC111126369	1288	111126369	LOC111126369	uncharacterized LOC111126369	protein-coding	Symbol
LOC111138191	1288	111138191	LOC111138191	uncharacterized LOC111138191	protein-coding	Symbol
LOC111100193	1287	111100193	LOC111100193	uncharacterized LOC111100193	protein-coding	Symbol
LOC111101924	1287	NA	NA	NA	NA	NA
LOC111106317	1287	111106317	LOC111106317	ER membrane protein complex subunit 3-like	protein-coding	Symbol
LOC111109149	1287	NA	NA	NA	NA	NA
LOC111118876	1287	111118876	LOC111118876	uncharacterized LOC111118876	protein-coding	Symbol
LOC111131028	1287	111131028	LOC111131028	advillin-like	protein-coding	Symbol
LOC111118183	1286	NA	NA	NA	NA	NA
LOC111119254	1286	111119254	LOC111119254	phosphatidylinositol 3,4,5-trisphosphate 3-phosphatase and dual-specificity protein phosphatase PTEN-like	protein-coding	Symbol
LOC111128209	1286	111128209	LOC111128209	MAP/microtubule affinity-regulating kinase 3-like	protein-coding	Symbol
LOC111136284	1286	111136284	LOC111136284	PHD finger protein 20-like protein 1	protein-coding	Symbol
LOC111137634	1286	111137634	LOC111137634	uncharacterized LOC111137634	protein-coding	Symbol
LOC111124078	1285	111124078	LOC111124078	transforming growth factor-beta-induced protein ig-h3-like	pseudo	Symbol
LOC111138014	1285	111138014	LOC111138014	translocon-associated protein subunit alpha-like	protein-coding	Symbol
LOC111110677	1284	111110677	LOC111110677	homeodomain-interacting protein kinase 2-like	protein-coding	Symbol
LOC111119153	1284	111119153	LOC111119153	rho GDP-dissociation inhibitor 1-like	protein-coding	Symbol
LOC111129006	1284	111129006	LOC111129006	calcium-independent protein kinase C-like	protein-coding	Symbol
LOC111129998	1284	111129998	LOC111129998	ubiquitin-like modifier-activating enzyme 1	protein-coding	Symbol
LOC111130267	1284	111130267	LOC111130267	uncharacterized LOC111130267	protein-coding	Symbol
LOC111132646	1284	111132646	LOC111132646	uncharacterized LOC111132646	protein-coding	Symbol
LOC111119190	1283	111119190	LOC111119190	ornithine decarboxylase-like	protein-coding	Symbol
LOC111120238	1283	NA	NA	NA	NA	NA
LOC111131153	1283	111131153	LOC111131153	T-complex protein 1 subunit delta-like	protein-coding	Symbol
LOC111131555	1283	111131555	LOC111131555	unconventional myosin-IXa-like	protein-coding	Symbol
LOC111133503	1283	111133503	LOC111133503	glutathione S-transferase 3, mitochondrial-like	protein-coding	Symbol
LOC111134375	1283	111134375	LOC111134375	polyadenylate-binding protein 2-B-like	protein-coding	Symbol
LOC111135673	1283	111135673	LOC111135673	uncharacterized LOC111135673	protein-coding	Symbol
LOC111125850	1282	111125850	LOC111125850	carnosine synthase 1	protein-coding	Symbol
LOC111128175	1281	111128175	LOC111128175	methionine aminopeptidase 1D, mitochondrial-like	protein-coding	Symbol
LOC111134746	1280	111134746	LOC111134746	uncharacterized LOC111134746	protein-coding	Symbol
LOC111111502	1279	NA	NA	NA	NA	NA
LOC111126562	1279	NA	NA	NA	NA	NA
LOC111127048	1279	111127048	LOC111127048	uncharacterized LOC111127048	protein-coding	Symbol
LOC111128115	1279	111128115	LOC111128115	polyubiquitin-C	protein-coding	Symbol
LOC111104275	1278	111104275	LOC111104275	cystatin-B-like	protein-coding	Symbol
LOC111120878	1278	NA	NA	NA	NA	NA
LOC111132362	1278	111132362	LOC111132362	uncharacterized LOC111132362	protein-coding	Symbol
LOC111120644	1277	111120644	LOC111120644	eukaryotic peptide chain release factor GTP-binding subunit ERF3A-like	protein-coding	Symbol
LOC111100218	1276	NA	NA	NA	NA	NA
LOC111107976	1276	111107976	LOC111107976	uncharacterized LOC111107976	protein-coding	Symbol
LOC111108117	1276	111108117	LOC111108117	protein rolling stone-like	protein-coding	Symbol
LOC111120517	1276	111120517	LOC111120517	stromal membrane-associated protein 1-like	protein-coding	Symbol
LOC111124854	1276	NA	NA	NA	NA	NA
LOC111129831	1276	111129831	LOC111129831	ciliated left-right organizer metallopeptidase-like	protein-coding	Symbol
LOC111133127	1276	111133127	LOC111133127	ubiquitin-conjugating enzyme E2 L3-like	protein-coding	Symbol
LOC111133546	1276	111133546	LOC111133546	proteasome subunit alpha type-7-like	protein-coding	Symbol
LOC111109107	1275	NA	NA	NA	NA	NA
LOC111125408	1275	111125408	LOC111125408	protocadherin beta-3-like	protein-coding	Symbol
LOC111129631	1275	111129631	LOC111129631	uncharacterized LOC111129631	protein-coding	Symbol
LOC111134713	1275	111134713	LOC111134713	phosphoenolpyruvate carboxykinase, cytosolic [GTP]-like	protein-coding	Symbol
LOC111113898	1274	111113898	LOC111113898	uncharacterized LOC111113898	protein-coding	Symbol
LOC111136015	1274	111136015	LOC111136015	lysine--tRNA ligase-like	protein-coding	Symbol
LOC111100755	1273	111100755	LOC111100755	uncharacterized LOC111100755	protein-coding	Symbol
LOC111103671	1273	111103671	LOC111103671	uncharacterized LOC111103671	protein-coding	Symbol
LOC111109733	1273	111109733	LOC111109733	protein HEXIM1-like	protein-coding	Symbol
LOC111119239	1273	111119239	LOC111119239	tyrosine-protein kinase Src42A-like	protein-coding	Symbol
LOC111119697	1273	111119697	LOC111119697	extracellular matrix organizing protein FRAS1-like	protein-coding	Symbol
LOC111126492	1273	NA	NA	NA	NA	NA
LOC111133772	1273	111133772	LOC111133772	mediator of RNA polymerase II transcription subunit 19-like	protein-coding	Symbol
ND1	1273	NA	NA	NA	NA	NA
LOC111100994	1272	NA	NA	NA	NA	NA
LOC111104366	1272	111104366	LOC111104366	MAM and LDL-receptor class A domain-containing protein 1-like	protein-coding	Symbol
LOC111106540	1272	111106540	LOC111106540	uncharacterized LOC111106540	protein-coding	Symbol
LOC111108729	1271	111108729	LOC111108729	serine/arginine-rich splicing factor 7-like	protein-coding	Symbol
LOC111118586	1271	111118586	LOC111118586	protein pangolin	protein-coding	Symbol
LOC111121854	1271	111121854	LOC111121854	pre-mRNA-splicing factor RBM22-like	protein-coding	Symbol
LOC111132126	1271	111132126	LOC111132126	titin-like	protein-coding	Symbol
LOC111136148	1271	111136148	LOC111136148	helicase domino-like	protein-coding	Symbol
LOC111136666	1271	111136666	LOC111136666	eukaryotic translation initiation factor 5A-1-like	protein-coding	Symbol
LOC111099557	1270	111099557	LOC111099557	choline/ethanolamine kinase-like	protein-coding	Symbol
LOC111108571	1270	NA	NA	NA	NA	NA
LOC111124553	1270	111124553	LOC111124553	ubiquitin-like protein 3	protein-coding	Symbol
LOC111128421	1270	111128421	LOC111128421	serine/threonine-protein phosphatase PP1-beta catalytic subunit	protein-coding	Symbol
LOC111132294	1270	111132294	LOC111132294	uncharacterized LOC111132294	protein-coding	Symbol
LOC111136413	1270	111136413	LOC111136413	small nuclear ribonucleoprotein Sm D3-like	protein-coding	Symbol
LOC111137588	1270	111137588	LOC111137588	ubiquitin-conjugating enzyme E2 J2-like	protein-coding	Symbol
LOC111107466	1269	NA	NA	NA	NA	NA
LOC111109755	1269	NA	NA	NA	NA	NA
LOC111112966	1269	111112966	LOC111112966	uncharacterized LOC111112966	protein-coding	Symbol
LOC111119195	1269	111119195	LOC111119195	heterogeneous nuclear ribonucleoprotein A/B-like	protein-coding	Symbol
LOC111120566	1269	111120566	LOC111120566	piwi-like protein 1	protein-coding	Symbol
LOC111134024	1269	111134024	LOC111134024	protein MTSS 2-like	protein-coding	Symbol
LOC111104134	1268	111104134	LOC111104134	24-hydroxycholesterol 7-alpha-hydroxylase-like	protein-coding	Symbol
LOC111108397	1268	111108397	LOC111108397	speckle-type POZ protein-like	protein-coding	Symbol
LOC111112529	1268	NA	NA	NA	NA	NA
LOC111127605	1268	NA	NA	NA	NA	NA
LOC111129496	1268	111129496	LOC111129496	small nuclear ribonucleoprotein Sm D2	protein-coding	Symbol
LOC111134690	1268	NA	NA	NA	NA	NA
LOC111116294	1267	NA	NA	NA	NA	NA
LOC111112416	1266	111112416	LOC111112416	uncharacterized LOC111112416	protein-coding	Symbol
LOC111125760	1266	111125760	LOC111125760	histone deacetylase complex subunit SAP30 homolog	protein-coding	Symbol
LOC111135325	1266	111135325	LOC111135325	cullin-4A-like	protein-coding	Symbol
LOC111135345	1266	111135345	LOC111135345	large ribosomal subunit protein eL30-like	protein-coding	Symbol
LOC111108038	1265	111108038	LOC111108038	dol-P-Man:Man(7)GlcNAc(2)-PP-Dol alpha-1,6-mannosyltransferase-like	protein-coding	Symbol
LOC111123682	1265	NA	NA	NA	NA	NA
LOC111127405	1265	111127405	LOC111127405	monocarboxylate transporter 12-like	protein-coding	Symbol
LOC111112810	1264	111112810	LOC111112810	uncharacterized LOC111112810	protein-coding	Symbol
LOC111121583	1264	111121583	LOC111121583	SCY1-like protein 2	protein-coding	Symbol
LOC111134911	1264	111134911	LOC111134911	uncharacterized LOC111134911	ncRNA	Symbol
LOC111137953	1264	111137953	LOC111137953	uncharacterized LOC111137953	protein-coding	Symbol
LOC111138363	1264	111138363	LOC111138363	small nuclear ribonucleoprotein-associated protein B-like	protein-coding	Symbol
LOC111126659	1263	111126659	LOC111126659	uncharacterized LOC111126659	protein-coding	Symbol
LOC111128865	1263	NA	NA	NA	NA	NA
LOC111133418	1262	111133418	LOC111133418	uncharacterized LOC111133418	protein-coding	Symbol
LOC111136764	1262	111136764	LOC111136764	uncharacterized LOC111136764	protein-coding	Symbol
LOC111109308	1260	NA	NA	NA	NA	NA
LOC111116348	1260	NA	NA	NA	NA	NA
LOC111123127	1260	NA	NA	NA	NA	NA
LOC111129197	1260	111129197	LOC111129197	enhancer of mRNA-decapping protein 3-like	protein-coding	Symbol
LOC111134890	1260	111134890	LOC111134890	uncharacterized LOC111134890	protein-coding	Symbol
LOC111137633	1260	111137633	LOC111137633	uncharacterized LOC111137633	protein-coding	Symbol
LOC111100148	1259	111100148	LOC111100148	1-phosphatidylinositol 4,5-bisphosphate phosphodiesterase epsilon-1-like	protein-coding	Symbol
LOC111113664	1259	111113664	LOC111113664	uncharacterized LOC111113664	protein-coding	Symbol
LOC111120874	1259	111120874	LOC111120874	protein phosphatase 3 catalytic subunit alpha-like	protein-coding	Symbol
LOC111127229	1259	NA	NA	NA	NA	NA
LOC111137379	1259	111137379	LOC111137379	uncharacterized LOC111137379	protein-coding	Symbol
LOC111132195	1258	111132195	LOC111132195	uncharacterized LOC111132195	protein-coding	Symbol
LOC111133022	1258	111133022	LOC111133022	eukaryotic translation initiation factor 4 gamma 1-like	protein-coding	Symbol
LOC111136896	1258	111136896	LOC111136896	AP-2 complex subunit mu	protein-coding	Symbol
LOC111108540	1257	111108540	LOC111108540	uncharacterized LOC111108540	protein-coding	Symbol
LOC111121024	1257	111121024	LOC111121024	S-adenosylmethionine synthase-like	protein-coding	Symbol
LOC111135550	1256	111135550	LOC111135550	RNA-binding protein 39-like	protein-coding	Symbol
LOC111136642	1256	111136642	LOC111136642	uncharacterized LOC111136642	protein-coding	Symbol
LOC111137105	1256	111137105	LOC111137105	casein kinase I pseudogene	pseudo	Symbol
LOC111138458	1256	111138458	LOC111138458	hepatic leukemia factor-like	protein-coding	Symbol
LOC111100237	1255	111100237	LOC111100237	uncharacterized LOC111100237	protein-coding	Symbol
LOC111119326	1255	111119326	LOC111119326	tubulin polyglutamylase TTLL7-like	protein-coding	Symbol
LOC111122853	1255	111122853	LOC111122853	proteasome maturation protein-like	protein-coding	Symbol
LOC111118510	1254	111118510	LOC111118510	small ribosomal subunit protein uS10	protein-coding	Symbol
LOC111123992	1254	111123992	LOC111123992	furin-like protease 1	protein-coding	Symbol
LOC111134940	1254	111134940	LOC111134940	tyrosine-protein phosphatase non-receptor type 2-like	protein-coding	Symbol
LOC111100691	1253	111100691	LOC111100691	ras-related protein Rap-2c-like	protein-coding	Symbol
LOC111105423	1252	111105423	LOC111105423	integrase/recombinase xerD homolog	protein-coding	Symbol
LOC111119770	1252	111119770	LOC111119770	EF-hand calcium-binding domain-containing protein 6-like	protein-coding	Symbol
LOC111122600	1252	111122600	LOC111122600	ubiquitin-ribosomal protein eL40 fusion protein	protein-coding	Symbol
LOC111135586	1252	111135586	LOC111135586	uncharacterized LOC111135586	protein-coding	Symbol
LOC111125503	1251	111125503	LOC111125503	dopamine receptor 4-like	protein-coding	Symbol
LOC111132472	1251	NA	NA	NA	NA	NA
LOC111132611	1251	NA	NA	NA	NA	NA
LOC111118283	1250	NA	NA	NA	NA	NA
LOC111118539	1250	111118539	LOC111118539	splicing factor U2AF 50 kDa subunit-like	protein-coding	Symbol
LOC111128992	1250	111128992	LOC111128992	tyrosine-protein kinase CSK-like	protein-coding	Symbol
LOC111108127	1249	NA	NA	NA	NA	NA
LOC111119100	1249	111119100	LOC111119100	uncharacterized LOC111119100	protein-coding	Symbol
LOC111133637	1249	111133637	LOC111133637	uncharacterized LOC111133637	protein-coding	Symbol
LOC111134787	1249	111134787	LOC111134787	uncharacterized LOC111134787	protein-coding	Symbol
LOC111135594	1249	111135594	LOC111135594	G protein-coupled receptor kinase 5-like	protein-coding	Symbol
LOC111125779	1248	111125779	LOC111125779	proteasome subunit beta type-7-like	protein-coding	Symbol
LOC111126440	1248	111126440	LOC111126440	proton-coupled amino acid transporter 2-like	protein-coding	Symbol
LOC111118004	1247	111118004	LOC111118004	MAP kinase-interacting serine/threonine-protein kinase 1-like	protein-coding	Symbol
LOC111118274	1247	111118274	LOC111118274	survival of motor neuron-related-splicing factor 30-like	protein-coding	Symbol
LOC111119594	1247	111119594	LOC111119594	microtubule-associated protein RP/EB family member 1-like	protein-coding	Symbol
LOC111123119	1247	111123119	LOC111123119	uncharacterized LOC111123119	protein-coding	Symbol
LOC111100930	1246	111100930	LOC111100930	uncharacterized LOC111100930	protein-coding	Symbol
LOC111105212	1246	111105212	LOC111105212	uncharacterized LOC111105212	protein-coding	Symbol
LOC111114598	1246	111114598	LOC111114598	DC-STAMP domain-containing protein 2-like	protein-coding	Symbol
LOC111131740	1246	111131740	LOC111131740	T-complex protein 1 subunit gamma-like	protein-coding	Symbol
LOC111134561	1246	111134561	LOC111134561	uncharacterized LOC111134561	protein-coding	Symbol
LOC111099928	1245	111099928	LOC111099928	uncharacterized LOC111099928	protein-coding	Symbol
LOC111120101	1245	NA	NA	NA	NA	NA
LOC111121745	1245	111121745	LOC111121745	putative RNA-binding protein Luc7-like 1	protein-coding	Symbol
LOC111100796	1244	111100796	LOC111100796	uncharacterized LOC111100796	protein-coding	Symbol
LOC111101970	1244	NA	NA	NA	NA	NA
LOC111119669	1244	NA	NA	NA	NA	NA
LOC111136714	1244	111136714	LOC111136714	uncharacterized LOC111136714	protein-coding	Symbol
LOC111101236	1243	111101236	LOC111101236	uncharacterized LOC111101236	ncRNA	Symbol
LOC111110297	1243	111110297	LOC111110297	FERM domain-containing protein 4B-like	protein-coding	Symbol
LOC111110816	1243	111110816	LOC111110816	uncharacterized LOC111110816	protein-coding	Symbol
LOC111135192	1243	111135192	LOC111135192	adenosylhomocysteinase A-like	protein-coding	Symbol
LOC111136305	1243	111136305	LOC111136305	CCAAT/enhancer-binding protein gamma-like	protein-coding	Symbol
LOC111113840	1242	111113840	LOC111113840	peroxisomal acyl-coenzyme A oxidase 1-like	protein-coding	Symbol
LOC111116196	1242	111116196	LOC111116196	uncharacterized LOC111116196	protein-coding	Symbol
LOC111119169	1242	111119169	LOC111119169	lysosomal-associated transmembrane protein 4A-like	protein-coding	Symbol
LOC111122215	1242	111122215	LOC111122215	uncharacterized LOC111122215	protein-coding	Symbol
LOC111123451	1242	111123451	LOC111123451	dual specificity tyrosine-phosphorylation-regulated kinase 1A-like	protein-coding	Symbol
LOC111125073	1242	NA	NA	NA	NA	NA
LOC111125368	1242	111125368	LOC111125368	mediator of RNA polymerase II transcription subunit 22-like	protein-coding	Symbol
LOC111126293	1242	111126293	LOC111126293	von Willebrand factor A domain-containing protein 5A-like	protein-coding	Symbol
LOC111135054	1242	111135054	LOC111135054	uncharacterized LOC111135054	protein-coding	Symbol
LOC111135154	1242	111135154	LOC111135154	phosphatidylinositol-3,5-bisphosphate 3-phosphatase MTMR3-like	protein-coding	Symbol
LOC111120879	1241	NA	NA	NA	NA	NA
LOC111120912	1241	111120912	LOC111120912	transcription factor BTF3 homolog 4-like	protein-coding	Symbol
LOC111121578	1241	111121578	LOC111121578	autocrine proliferation repressor protein A-like	protein-coding	Symbol
LOC111128159	1241	111128159	LOC111128159	eukaryotic translation initiation factor 3 subunit J-B-like	protein-coding	Symbol
LOC111136010	1241	111136010	LOC111136010	26S proteasome non-ATPase regulatory subunit 4-like	protein-coding	Symbol
LOC111106351	1240	111106351	LOC111106351	uncharacterized LOC111106351	protein-coding	Symbol
LOC111107777	1240	NA	NA	NA	NA	NA
LOC111111618	1240	111111618	LOC111111618	uncharacterized LOC111111618	protein-coding	Symbol
LOC111116971	1240	111116971	LOC111116971	ras-related protein Rab-11A	protein-coding	Symbol
LOC111122313	1240	111122313	LOC111122313	CCR4-NOT transcription complex subunit 3-like	protein-coding	Symbol
LOC111104765	1239	111104765	LOC111104765	akirin-2-like	protein-coding	Symbol
LOC111119586	1239	111119586	LOC111119586	uncharacterized LOC111119586	protein-coding	Symbol
LOC111132902	1239	111132902	LOC111132902	uncharacterized LOC111132902	protein-coding	Symbol
LOC111136762	1239	111136762	LOC111136762	CLIP-associating protein 1-like	protein-coding	Symbol
LOC111134471	1238	111134471	LOC111134471	cyclin-L1-like	protein-coding	Symbol
LOC111137969	1238	111137969	LOC111137969	protein unc-13 homolog D-like	protein-coding	Symbol
LOC111108560	1237	111108560	LOC111108560	D-aspartate oxidase-like	protein-coding	Symbol
LOC111120137	1237	111120137	LOC111120137	mutS protein homolog 5-like	protein-coding	Symbol
LOC111128800	1237	111128800	LOC111128800	FERM domain-containing protein 5-like	protein-coding	Symbol
LOC111134422	1237	111134422	LOC111134422	uncharacterized LOC111134422	protein-coding	Symbol
LOC111138001	1237	111138001	LOC111138001	uncharacterized LOC111138001	protein-coding	Symbol
LOC111138235	1237	111138235	LOC111138235	polyadenylate-binding protein 4-like	protein-coding	Symbol
LOC111105526	1236	111105526	LOC111105526	heterogeneous nuclear ribonucleoprotein R-like	protein-coding	Symbol
LOC111107013	1236	NA	NA	NA	NA	NA
LOC111118054	1236	111118054	LOC111118054	tripartite motif-containing protein 5-like	protein-coding	Symbol
LOC111126498	1236	111126498	LOC111126498	zinc finger matrin-type protein 2-like	protein-coding	Symbol
LOC111134153	1236	111134153	LOC111134153	GTP-binding protein Rheb homolog	protein-coding	Symbol
LOC111134304	1236	NA	NA	NA	NA	NA
LOC111137835	1236	111137835	LOC111137835	mediator of RNA polymerase II transcription subunit 13-like	protein-coding	Symbol
ND3	1236	NA	NA	NA	NA	NA
LOC111119920	1235	111119920	LOC111119920	ovochymase-like	protein-coding	Symbol
LOC111123034	1235	NA	NA	NA	NA	NA
LOC111128573	1235	111128573	LOC111128573	endophilin-A3-like	protein-coding	Symbol
LOC111129283	1235	111129283	LOC111129283	F-box only protein 33-like	protein-coding	Symbol
LOC111130534	1235	111130534	LOC111130534	spectrin beta chain-like	protein-coding	Symbol
LOC111137108	1235	111137108	LOC111137108	uncharacterized LOC111137108	protein-coding	Symbol
LOC111109195	1234	111109195	LOC111109195	E3 SUMO-protein ligase ZBED1-like	protein-coding	Symbol
LOC111118810	1234	111118810	LOC111118810	uncharacterized LOC111118810	protein-coding	Symbol
LOC111120135	1234	111120135	LOC111120135	ATP-dependent RNA helicase DDX4-like	protein-coding	Symbol
LOC111120710	1233	NA	NA	NA	NA	NA
LOC111136624	1233	111136624	LOC111136624	large ribosomal subunit protein eL22-like	protein-coding	Symbol
LOC111118801	1232	111118801	LOC111118801	uncharacterized LOC111118801	protein-coding	Symbol
LOC111121654	1232	111121654	LOC111121654	FAS-associated factor 1-like	protein-coding	Symbol
COX3	1231	NA	NA	NA	NA	NA
LOC111133413	1231	111133413	LOC111133413	MICOS complex subunit Mic10-like	protein-coding	Symbol
LOC111119249	1230	111119249	LOC111119249	uncharacterized LOC111119249	protein-coding	Symbol
LOC111119773	1230	111119773	LOC111119773	membrane-associated progesterone receptor component 1-like	protein-coding	Symbol
LOC111125145	1230	111125145	LOC111125145	innexin unc-9-like	protein-coding	Symbol
LOC111126064	1230	111126064	LOC111126064	protein brain tumor-like	protein-coding	Symbol
LOC111101799	1229	111101799	LOC111101799	cytochrome b-c1 complex subunit 7-like	protein-coding	Symbol
LOC111102673	1229	111102673	LOC111102673	pre-mRNA-splicing factor SYF2-like	protein-coding	Symbol
LOC111122164	1229	111122164	LOC111122164	serine/threonine-protein kinase STK11-like	protein-coding	Symbol
LOC111122942	1229	111122942	LOC111122942	uncharacterized LOC111122942	protein-coding	Symbol
LOC111111672	1228	NA	NA	NA	NA	NA
LOC111120568	1228	111120568	LOC111120568	phosphatidylinositol-glycan-specific phospholipase D-like	protein-coding	Symbol
LOC111126292	1228	111126292	LOC111126292	death-associated protein 1-like	protein-coding	Symbol
LOC111126771	1228	111126771	LOC111126771	far upstream element-binding protein 3-like	protein-coding	Symbol
LOC111129953	1228	111129953	LOC111129953	serine/threonine-protein phosphatase 4 regulatory subunit 3B-like	protein-coding	Symbol
LOC111103227	1227	111103227	LOC111103227	cartilage intermediate layer protein 1-like	protein-coding	Symbol
LOC111111556	1227	111111556	LOC111111556	uncharacterized LOC111111556	protein-coding	Symbol
LOC111114936	1227	NA	NA	NA	NA	NA
LOC111125144	1227	111125144	LOC111125144	ras-related protein Rab-5C-like	protein-coding	Symbol
LOC111136320	1227	111136320	LOC111136320	small nuclear ribonucleoprotein G-like	protein-coding	Symbol
LOC111126614	1226	111126614	LOC111126614	large ribosomal subunit protein uL18-like	protein-coding	Symbol
LOC111136783	1226	111136783	LOC111136783	dolichyl-diphosphooligosaccharide--protein glycosyltransferase 48 kDa subunit-like	protein-coding	Symbol
LOC111109063	1225	NA	NA	NA	NA	NA
LOC111112251	1225	111112251	LOC111112251	uncharacterized LOC111112251	protein-coding	Symbol
LOC111116995	1225	111116995	LOC111116995	proteasome subunit alpha type-2-like	protein-coding	Symbol
LOC111129479	1225	111129479	LOC111129479	polycystin-1-like protein 2	protein-coding	Symbol
LOC111130835	1225	111130835	LOC111130835	kelch domain-containing protein 9-like	protein-coding	Symbol
LOC111135859	1225	111135859	LOC111135859	Y-box factor homolog	protein-coding	Symbol
LOC111099458	1224	111099458	LOC111099458	uncharacterized LOC111099458	protein-coding	Symbol
LOC111107695	1224	NA	NA	NA	NA	NA
LOC111108192	1224	111108192	LOC111108192	heterogeneous nuclear ribonucleoprotein A2 homolog 1-like	protein-coding	Symbol
LOC111119817	1224	111119817	LOC111119817	bifunctional heparan sulfate N-deacetylase/N-sulfotransferase 4-like	protein-coding	Symbol
LOC111133682	1224	111133682	LOC111133682	double-strand-break repair protein rad21 homolog	protein-coding	Symbol
LOC111133899	1224	111133899	LOC111133899	uncharacterized LOC111133899	protein-coding	Symbol
LOC111135567	1224	NA	NA	NA	NA	NA
LOC111136599	1224	111136599	LOC111136599	uncharacterized LOC111136599	protein-coding	Symbol
LOC111125594	1223	111125594	LOC111125594	uncharacterized LOC111125594	protein-coding	Symbol
LOC111118194	1222	111118194	LOC111118194	U2 small nuclear ribonucleoprotein A'-like	protein-coding	Symbol
LOC111122747	1222	111122747	LOC111122747	uncharacterized LOC111122747	protein-coding	Symbol
LOC111126120	1222	NA	NA	NA	NA	NA
LOC111100381	1221	111100381	LOC111100381	choline/ethanolaminephosphotransferase 1-like	protein-coding	Symbol
LOC111101650	1221	111101650	LOC111101650	uncharacterized LOC111101650	pseudo	Symbol
LOC111125367	1221	111125367	LOC111125367	large ribosomal subunit protein eL8-like	protein-coding	Symbol
LOC111126040	1221	111126040	LOC111126040	large ribosomal subunit protein eL28-like	protein-coding	Symbol
LOC111126244	1221	111126244	LOC111126244	uncharacterized LOC111126244	protein-coding	Symbol
LOC111132031	1221	111132031	LOC111132031	targeting protein for Xklp2-like	protein-coding	Symbol
LOC111137903	1221	111137903	LOC111137903	large ribosomal subunit protein P2-like	protein-coding	Symbol
LOC111120596	1220	111120596	LOC111120596	dual specificity mitogen-activated protein kinase kinase 4-like	protein-coding	Symbol
LOC111122213	1220	NA	NA	NA	NA	NA
LOC111135732	1220	111135732	LOC111135732	serine/threonine-protein phosphatase 2A 55 kDa regulatory subunit B	protein-coding	Symbol
LOC111111360	1219	111111360	LOC111111360	corepressor interacting with RBPJ 1-like	protein-coding	Symbol
LOC111137806	1219	111137806	LOC111137806	uncharacterized LOC111137806	protein-coding	Symbol
LOC111100689	1218	NA	NA	NA	NA	NA
LOC111104873	1218	NA	NA	NA	NA	NA
LOC111107563	1218	NA	NA	NA	NA	NA
LOC111107980	1218	NA	NA	NA	NA	NA
LOC111108862	1218	111108862	LOC111108862	uncharacterized LOC111108862	protein-coding	Symbol
LOC111119118	1218	111119118	LOC111119118	uncharacterized LOC111119118	protein-coding	Symbol
LOC111124378	1218	111124378	LOC111124378	endoplasmic reticulum membrane protein complex subunit 7-like	protein-coding	Symbol
LOC111132900	1218	111132900	LOC111132900	phosphatidylinositol transfer protein	protein-coding	Symbol
LOC111135061	1218	111135061	LOC111135061	uncharacterized LOC111135061	protein-coding	Symbol
LOC111114587	1217	111114587	LOC111114587	sialin-like	protein-coding	Symbol
LOC111124167	1217	111124167	LOC111124167	metabotropic glycine receptor-like	protein-coding	Symbol
LOC111129494	1217	111129494	LOC111129494	peptidyl-prolyl cis-trans isomerase FKBP2-like	protein-coding	Symbol
LOC111136701	1217	NA	NA	NA	NA	NA
LOC111107656	1216	NA	NA	NA	NA	NA
LOC111119174	1216	111119174	LOC111119174	histone H4	protein-coding	Symbol
LOC111124345	1216	NA	NA	NA	NA	NA
LOC111125405	1216	111125405	LOC111125405	protocadherin gamma-A4-like	protein-coding	Symbol
LOC111128597	1216	111128597	LOC111128597	uncharacterized LOC111128597	protein-coding	Symbol
LOC111137405	1216	NA	NA	NA	NA	NA
LOC111106692	1215	111106692	LOC111106692	uncharacterized LOC111106692	ncRNA	Symbol
LOC111114383	1215	NA	NA	NA	NA	NA
LOC111125581	1215	111125581	LOC111125581	low-density lipoprotein receptor-related protein 2-like	protein-coding	Symbol
LOC111134073	1215	111134073	LOC111134073	alpha-1A adrenergic receptor-like	protein-coding	Symbol
LOC111134598	1215	111134598	LOC111134598	pleckstrin homology domain-containing family F member 2-like	protein-coding	Symbol
LOC111101507	1214	111101507	LOC111101507	large ribosomal subunit protein eL32-like	protein-coding	Symbol
LOC111118920	1214	111118920	LOC111118920	structural maintenance of chromosomes protein 6-like	protein-coding	Symbol
LOC111119346	1214	111119346	LOC111119346	homeobox protein TGIF2LX-like	protein-coding	Symbol
LOC111123623	1214	111123623	LOC111123623	V-type proton ATPase 16 kDa proteolipid subunit c-like	protein-coding	Symbol
LOC111124987	1214	111124987	LOC111124987	uncharacterized LOC111124987	protein-coding	Symbol
LOC111130521	1214	111130521	LOC111130521	cytochrome c oxidase subunit 5A, mitochondrial-like	protein-coding	Symbol
LOC111134501	1214	111134501	LOC111134501	spliceosome-associated protein CWC15 homolog	protein-coding	Symbol
LOC111136522	1214	111136522	LOC111136522	small ribosomal subunit protein uS9	protein-coding	Symbol
LOC111100786	1213	111100786	LOC111100786	nuclear protein AMMECR1-like	protein-coding	Symbol
LOC111107747	1213	111107747	LOC111107747	uncharacterized LOC111107747	protein-coding	Symbol
LOC111112950	1213	111112950	LOC111112950	uncharacterized LOC111112950	protein-coding	Symbol
LOC111124589	1213	111124589	LOC111124589	eukaryotic translation initiation factor 3 subunit G-A-like	protein-coding	Symbol
LOC111099722	1212	111099722	LOC111099722	MAM and LDL-receptor class A domain-containing protein 1-like	protein-coding	Symbol
LOC111109803	1212	NA	NA	NA	NA	NA
LOC111112845	1212	111112845	LOC111112845	uncharacterized LOC111112845	protein-coding	Symbol
LOC111113217	1212	111113217	LOC111113217	importin subunit beta-1-like	protein-coding	Symbol
LOC111128063	1212	111128063	LOC111128063	alpha-actinin-like	protein-coding	Symbol
LOC111129604	1212	NA	NA	NA	NA	NA
LOC111138197	1212	111138197	LOC111138197	charged multivesicular body protein 4b-like	protein-coding	Symbol
LOC111108737	1211	NA	NA	NA	NA	NA
LOC111112956	1211	111112956	LOC111112956	uncharacterized LOC111112956	protein-coding	Symbol
LOC111124717	1211	111124717	LOC111124717	amyloid-beta precursor-like protein	protein-coding	Symbol
LOC111135311	1211	111135311	LOC111135311	ras-related protein Rab-35-like	protein-coding	Symbol
LOC111135362	1211	111135362	LOC111135362	mitogen-activated protein kinase 1-like	protein-coding	Symbol
LOC111112583	1210	111112583	LOC111112583	GPI-specific phospholipase A2-like PGAP3	protein-coding	Symbol
LOC111122406	1210	111122406	LOC111122406	protocadherin Fat 4-like	protein-coding	Symbol
LOC111125990	1210	111125990	LOC111125990	26S proteasome complex subunit SEM1-like	protein-coding	Symbol
LOC111126885	1210	111126885	LOC111126885	uncharacterized LOC111126885	protein-coding	Symbol
LOC111128754	1210	111128754	LOC111128754	metastasis-associated protein MTA3-like	protein-coding	Symbol
LOC111113246	1209	NA	NA	NA	NA	NA
LOC111121652	1209	111121652	LOC111121652	uncharacterized LOC111121652	protein-coding	Symbol
LOC111126386	1209	111126386	LOC111126386	nuclear hormone receptor FTZ-F1 beta-like	protein-coding	Symbol
LOC111127468	1209	111127468	LOC111127468	ubiquitin carboxyl-terminal hydrolase-like	protein-coding	Symbol
LOC111130079	1209	111130079	LOC111130079	protein phosphatase 1 regulatory subunit 14C-like	protein-coding	Symbol
LOC111130439	1209	111130439	LOC111130439	centriolar and ciliogenesis-associated protein HYSL1-like	protein-coding	Symbol
LOC111133398	1209	111133398	LOC111133398	beta-hexosaminidase subunit alpha-like	protein-coding	Symbol
LOC111138187	1209	111138187	LOC111138187	uncharacterized LOC111138187	protein-coding	Symbol
LOC111100085	1208	111100085	LOC111100085	nucleosome assembly protein 1-like 1	protein-coding	Symbol
LOC111120341	1208	NA	NA	NA	NA	NA
LOC111125107	1208	111125107	LOC111125107	sister chromatid cohesion protein PDS5 homolog B-like	protein-coding	Symbol
LOC111125552	1208	111125552	LOC111125552	uncharacterized LOC111125552	protein-coding	Symbol
LOC111129840	1208	111129840	LOC111129840	sphingosine-1-phosphate phosphatase 2-like	protein-coding	Symbol
LOC111110214	1207	111110214	LOC111110214	nuclear transcription factor Y subunit beta-like	protein-coding	Symbol
LOC111118263	1207	111118263	LOC111118263	UMP-CMP kinase-like	protein-coding	Symbol
LOC111125296	1207	111125296	LOC111125296	protein transport protein Sec61 subunit beta-like	protein-coding	Symbol
LOC111133143	1207	111133143	LOC111133143	DNA-directed RNA polymerase II subunit RPB3-like	protein-coding	Symbol
LOC111137570	1207	111137570	LOC111137570	structural maintenance of chromosomes protein 4-like	protein-coding	Symbol
LOC111101931	1206	NA	NA	NA	NA	NA
LOC111119382	1206	111119382	LOC111119382	nipped-B-like protein	protein-coding	Symbol
LOC111136729	1206	111136729	LOC111136729	proteasomal ubiquitin receptor ADRM1-like	protein-coding	Symbol
LOC111120525	1205	111120525	LOC111120525	ras GTPase-activating protein-binding protein 2-like	protein-coding	Symbol
LOC111120587	1205	111120587	LOC111120587	uncharacterized LOC111120587	protein-coding	Symbol
LOC111121338	1205	111121338	LOC111121338	uncharacterized LOC111121338	protein-coding	Symbol
LOC111131486	1205	111131486	LOC111131486	barrier-to-autointegration factor-like	protein-coding	Symbol
LOC111132715	1205	111132715	LOC111132715	uncharacterized LOC111132715	pseudo	Symbol
LOC111099610	1204	111099610	LOC111099610	transcriptional coactivator YAP1-like	protein-coding	Symbol
LOC111119321	1204	111119321	LOC111119321	uncharacterized LOC111119321	pseudo	Symbol
LOC111120067	1204	111120067	LOC111120067	large ribosomal subunit protein uL15-like	protein-coding	Symbol
LOC111122210	1204	111122210	LOC111122210	eukaryotic translation initiation factor 3 subunit I-like	protein-coding	Symbol
LOC111127833	1204	111127833	LOC111127833	KAT8 regulatory NSL complex subunit 1-like	protein-coding	Symbol
LOC111125072	1203	111125072	LOC111125072	sodium/potassium-transporting ATPase subunit alpha-like	protein-coding	Symbol
LOC111138357	1203	111138357	LOC111138357	sodium- and chloride-dependent creatine transporter 1-like	protein-coding	Symbol
LOC111102031	1202	NA	NA	NA	NA	NA
LOC111102906	1202	111102906	LOC111102906	cold shock domain-containing protein E1-like	protein-coding	Symbol
LOC111119168	1202	111119168	LOC111119168	replication termination factor 2-like	protein-coding	Symbol
LOC111121087	1202	111121087	LOC111121087	acyl carrier protein, mitochondrial-like	protein-coding	Symbol
LOC111122270	1202	111122270	LOC111122270	proto-oncogene tyrosine-protein kinase receptor Ret-like	protein-coding	Symbol
LOC111130587	1202	111130587	LOC111130587	uncharacterized LOC111130587	protein-coding	Symbol
LOC111134654	1202	111134654	LOC111134654	replication protein A 70 kDa DNA-binding subunit-like	protein-coding	Symbol
LOC111100378	1201	111100378	LOC111100378	cytoplasmic protein NCK2-like	protein-coding	Symbol
LOC111107170	1201	111107170	LOC111107170	uncharacterized LOC111107170	pseudo	Symbol
LOC111116085	1201	NA	NA	NA	NA	NA
LOC111118567	1201	111118567	LOC111118567	mitochondrial dicarboxylate carrier-like	protein-coding	Symbol
LOC111123818	1201	111123818	LOC111123818	protein argonaute-2-like	protein-coding	Symbol
LOC111124552	1201	111124552	LOC111124552	uncharacterized LOC111124552	protein-coding	Symbol
LOC111134148	1201	111134148	LOC111134148	septin-7-like	protein-coding	Symbol
LOC111102132	1200	111102132	LOC111102132	uncharacterized LOC111102132	protein-coding	Symbol
LOC111108138	1200	111108138	LOC111108138	gelsolin-like protein 2	protein-coding	Symbol
LOC111117675	1200	111117675	LOC111117675	ATP synthase F(1) complex subunit delta, mitochondrial-like	protein-coding	Symbol
LOC111129125	1200	111129125	LOC111129125	protein numb-like	protein-coding	Symbol
LOC111135606	1200	111135606	LOC111135606	programmed cell death protein 10-like	protein-coding	Symbol
LOC111099655	1199	111099655	LOC111099655	uncharacterized LOC111099655	protein-coding	Symbol
LOC111133985	1199	111133985	LOC111133985	uncharacterized LOC111133985	protein-coding	Symbol
LOC111110879	1198	111110879	LOC111110879	heparan-alpha-glucosaminide N-acetyltransferase-like	protein-coding	Symbol
LOC111119616	1198	NA	NA	NA	NA	NA
LOC111121504	1198	111121504	LOC111121504	mitochondrial glycine transporter-like	protein-coding	Symbol
LOC111123753	1198	111123753	LOC111123753	ribose-phosphate pyrophosphokinase 1	protein-coding	Symbol
LOC111125445	1198	111125445	LOC111125445	sodium/glucose cotransporter 4-like	protein-coding	Symbol
LOC111128113	1198	111128113	LOC111128113	sodium/potassium-transporting ATPase subunit beta-1-interacting protein 3-like	protein-coding	Symbol
LOC111128581	1198	111128581	LOC111128581	casein kinase I-like	protein-coding	Symbol
LOC111132368	1198	111132368	LOC111132368	lachesin-like	protein-coding	Symbol
LOC111135615	1198	111135615	LOC111135615	semaphorin-5A-like	protein-coding	Symbol
LOC111102962	1197	111102962	LOC111102962	uncharacterized LOC111102962	protein-coding	Symbol
LOC111120873	1197	111120873	LOC111120873	splicing factor 1-like	protein-coding	Symbol
LOC111122964	1197	NA	NA	NA	NA	NA
LOC111135590	1197	111135590	LOC111135590	uncharacterized LOC111135590	protein-coding	Symbol
LOC111136228	1197	111136228	LOC111136228	melanocortin receptor 4-like	protein-coding	Symbol
LOC111099053	1196	111099053	LOC111099053	eukaryotic translation initiation factor 2 subunit 2-like	protein-coding	Symbol
LOC111128988	1196	111128988	LOC111128988	poly(A) polymerase type 3-like	protein-coding	Symbol
LOC111130274	1196	111130274	LOC111130274	E3 ubiquitin-protein ligase RNF115-like	protein-coding	Symbol
LOC111137228	1196	111137228	LOC111137228	TPR repeat-containing protein DDB_G0287407-like	protein-coding	Symbol
LOC111138280	1196	111138280	LOC111138280	dye-decolorizing peroxidase YfeX-like	protein-coding	Symbol
LOC111103542	1195	111103542	LOC111103542	VWFA and cache domain-containing protein 1-like	protein-coding	Symbol
LOC111129853	1195	111129853	LOC111129853	uncharacterized LOC111129853	protein-coding	Symbol
LOC111131148	1195	111131148	LOC111131148	importin-7-like	protein-coding	Symbol
LOC111108932	1194	NA	NA	NA	NA	NA
LOC111114139	1194	111114139	LOC111114139	uncharacterized LOC111114139	protein-coding	Symbol
LOC111117217	1194	111117217	LOC111117217	uncharacterized LOC111117217	protein-coding	Symbol
LOC111118917	1194	NA	NA	NA	NA	NA
LOC111119372	1194	111119372	LOC111119372	tyrosine-protein kinase Yes-like	protein-coding	Symbol
LOC111123836	1194	111123836	LOC111123836	uncharacterized LOC111123836	protein-coding	Symbol
LOC111123934	1194	NA	NA	NA	NA	NA
LOC111126438	1194	111126438	LOC111126438	uncharacterized LOC111126438	protein-coding	Symbol
LOC111129615	1194	111129615	LOC111129615	uncharacterized LOC111129615	protein-coding	Symbol
LOC111134720	1194	111134720	LOC111134720	uncharacterized LOC111134720	protein-coding	Symbol
LOC111134814	1194	111134814	LOC111134814	max dimerization protein 1-like	protein-coding	Symbol
LOC111137631	1194	111137631	LOC111137631	p53 apoptosis effector related to PMP-22-like	protein-coding	Symbol
LOC111115377	1193	111115377	LOC111115377	26S proteasome non-ATPase regulatory subunit 11A-like	protein-coding	Symbol
LOC111136020	1193	111136020	LOC111136020	proline dehydrogenase 1, mitochondrial-like	protein-coding	Symbol
LOC111128849	1192	NA	NA	NA	NA	NA
LOC111130990	1192	111130990	LOC111130990	uncharacterized LOC111130990	protein-coding	Symbol
LOC111134108	1192	111134108	LOC111134108	monocarboxylate transporter 12-like	protein-coding	Symbol
LOC111109993	1191	111109993	LOC111109993	uncharacterized LOC111109993	protein-coding	Symbol
LOC111125831	1191	111125831	LOC111125831	uncharacterized LOC111125831	protein-coding	Symbol
LOC111129410	1191	111129410	LOC111129410	large ribosomal subunit protein uL5-like	protein-coding	Symbol
LOC111132965	1191	111132965	LOC111132965	glypican-6-like	protein-coding	Symbol
LOC111135618	1191	111135618	LOC111135618	serine/threonine-protein kinase TAO1-like	protein-coding	Symbol
LOC111125342	1190	111125342	LOC111125342	chitin synthase chs-2-like	protein-coding	Symbol
LOC111135058	1190	NA	NA	NA	NA	NA
LOC111137095	1190	111137095	LOC111137095	uncharacterized LOC111137095	protein-coding	Symbol
LOC111114683	1189	NA	NA	NA	NA	NA
LOC111134500	1189	111134500	LOC111134500	large ribosomal subunit protein uL30-like	protein-coding	Symbol
LOC111108356	1188	NA	NA	NA	NA	NA
LOC111112761	1188	111112761	LOC111112761	acidic leucine-rich nuclear phosphoprotein 32 family member A-like	protein-coding	Symbol
LOC111119917	1188	111119917	LOC111119917	non-selective voltage-gated ion channel VDAC2-like	protein-coding	Symbol
LOC111100355	1187	111100355	LOC111100355	eukaryotic peptide chain release factor subunit 1	protein-coding	Symbol
LOC111109509	1187	111109509	LOC111109509	ubiquitin-like protein 4A	protein-coding	Symbol
LOC111118248	1187	111118248	LOC111118248	small ribosomal subunit protein eS12-like	protein-coding	Symbol
LOC111125457	1187	111125457	LOC111125457	ran GTPase-activating protein 1-like	protein-coding	Symbol
LOC111135109	1187	111135109	LOC111135109	dual specificity protein phosphatase 4-like	protein-coding	Symbol
LOC111103872	1186	111103872	LOC111103872	USP6 N-terminal-like protein	protein-coding	Symbol
LOC111130248	1186	111130248	LOC111130248	uncharacterized LOC111130248	protein-coding	Symbol
LOC111132541	1186	111132541	LOC111132541	uncharacterized LOC111132541	protein-coding	Symbol
LOC111136627	1186	111136627	LOC111136627	short transient receptor potential channel 7-like	protein-coding	Symbol
LOC111100168	1185	111100168	LOC111100168	sorting nexin-10-like	protein-coding	Symbol
LOC111100308	1185	111100308	LOC111100308	uncharacterized LOC111100308	protein-coding	Symbol
LOC111107084	1185	111107084	LOC111107084	uncharacterized LOC111107084	protein-coding	Symbol
LOC111114425	1185	111114425	LOC111114425	uncharacterized LOC111114425	protein-coding	Symbol
LOC111117959	1185	NA	NA	NA	NA	NA
LOC111119642	1185	111119642	LOC111119642	ubiquitin-like-conjugating enzyme ATG10	protein-coding	Symbol
LOC111134043	1184	NA	NA	NA	NA	NA
LOC111107127	1183	NA	NA	NA	NA	NA
LOC111120649	1183	111120649	LOC111120649	prefoldin subunit 1-like	protein-coding	Symbol
LOC111134475	1183	111134475	LOC111134475	RNA-binding protein 8A-like	protein-coding	Symbol
LOC111134511	1183	111134511	LOC111134511	uncharacterized LOC111134511	protein-coding	Symbol
LOC111136313	1183	111136313	LOC111136313	uncharacterized LOC111136313	protein-coding	Symbol
LOC111136425	1183	111136425	LOC111136425	large ribosomal subunit protein uL24-like	protein-coding	Symbol
LOC111106577	1182	111106577	LOC111106577	rab GDP dissociation inhibitor beta-like	protein-coding	Symbol
LOC111107795	1182	111107795	LOC111107795	MAP kinase-activated protein kinase 2-like	protein-coding	Symbol
LOC111102101	1181	NA	NA	NA	NA	NA
LOC111115122	1181	111115122	LOC111115122	tyrosine-protein phosphatase non-receptor type 4-like	protein-coding	Symbol
LOC111128009	1181	111128009	LOC111128009	small ribosomal subunit protein eS17-like	protein-coding	Symbol
LOC111130625	1181	NA	NA	NA	NA	NA
LOC111130641	1181	111130641	LOC111130641	tubulin-specific chaperone A-like	protein-coding	Symbol
LOC111113272	1180	111113272	LOC111113272	uncharacterized LOC111113272	protein-coding	Symbol
LOC111123760	1180	111123760	LOC111123760	uncharacterized LOC111123760	pseudo	Symbol
LOC111130699	1180	111130699	LOC111130699	eukaryotic translation initiation factor 5-like	protein-coding	Symbol
LOC111137710	1180	111137710	LOC111137710	WD repeat and SOCS box-containing protein 1-like	protein-coding	Symbol
LOC111130083	1179	111130083	LOC111130083	syntaxin-5-like	protein-coding	Symbol
LOC111102659	1178	111102659	LOC111102659	uncharacterized LOC111102659	protein-coding	Symbol
LOC111108533	1178	111108533	LOC111108533	scavenger receptor cysteine-rich domain-containing protein DMBT1-like	protein-coding	Symbol
LOC111114381	1178	NA	NA	NA	NA	NA
LOC111128251	1178	111128251	LOC111128251	uncharacterized LOC111128251	protein-coding	Symbol
LOC111134995	1178	111134995	LOC111134995	poly [ADP-ribose] polymerase tankyrase-1-like	protein-coding	Symbol
LOC111104966	1177	111104966	LOC111104966	uncharacterized LOC111104966	protein-coding	Symbol
LOC111105880	1177	111105880	LOC111105880	coatomer subunit zeta-1-like	protein-coding	Symbol
LOC111122134	1177	111122134	LOC111122134	protein FAM32A-like	protein-coding	Symbol
LOC111126109	1177	111126109	LOC111126109	nucleoside diphosphate kinase A-like	protein-coding	Symbol
LOC111133642	1177	111133642	LOC111133642	transcription and mRNA export factor ENY2	protein-coding	Symbol
LOC111137772	1177	111137772	LOC111137772	uncharacterized LOC111137772	protein-coding	Symbol
LOC111138493	1177	111138493	LOC111138493	uncharacterized LOC111138493	protein-coding	Symbol
LOC111111831	1176	NA	NA	NA	NA	NA
LOC111121908	1176	NA	NA	NA	NA	NA
LOC111132798	1176	111132798	LOC111132798	serine/threonine-protein kinase mig-15-like	protein-coding	Symbol
LOC111100598	1175	111100598	LOC111100598	T-complex protein 1 subunit eta-like	protein-coding	Symbol
LOC111118126	1175	111118126	LOC111118126	uncharacterized LOC111118126	protein-coding	Symbol
LOC111125836	1175	111125836	LOC111125836	V-type proton ATPase subunit G-like	protein-coding	Symbol
LOC111127294	1175	111127294	LOC111127294	uncharacterized LOC111127294	protein-coding	Symbol
LOC111115995	1173	111115995	LOC111115995	uncharacterized LOC111115995	protein-coding	Symbol
LOC111117964	1173	111117964	LOC111117964	uncharacterized LOC111117964	protein-coding	Symbol
LOC111134660	1173	111134660	LOC111134660	lysine-specific demethylase 2B-like	protein-coding	Symbol
LOC111122603	1172	111122603	LOC111122603	Krueppel-like factor 6	protein-coding	Symbol
LOC111130266	1172	111130266	LOC111130266	RAC-gamma serine/threonine-protein kinase-like	protein-coding	Symbol
LOC111136967	1171	111136967	LOC111136967	sperm-specific sodium:proton exchanger-like	protein-coding	Symbol
LOC111137297	1171	111137297	LOC111137297	syntaxin-like	protein-coding	Symbol
LOC111108510	1170	111108510	LOC111108510	synaptotagmin-1-like	protein-coding	Symbol
LOC111109116	1170	NA	NA	NA	NA	NA
LOC111124480	1170	111124480	LOC111124480	tRNA-queuosine alpha-mannosyltransferase-like	protein-coding	Symbol
LOC111125315	1170	111125315	LOC111125315	tyrosine-protein kinase BAZ1B-like	protein-coding	Symbol
LOC111133550	1170	111133550	LOC111133550	uncharacterized LOC111133550	ncRNA	Symbol
LOC111100756	1169	111100756	LOC111100756	arginine and glutamate-rich protein 1-like	protein-coding	Symbol
LOC111101025	1169	111101025	LOC111101025	eukaryotic initiation factor 4A-I-like	protein-coding	Symbol
LOC111103812	1169	111103812	LOC111103812	uncharacterized LOC111103812	protein-coding	Symbol
LOC111104588	1169	NA	NA	NA	NA	NA
LOC111125710	1169	NA	NA	NA	NA	NA
LOC111127613	1169	111127613	LOC111127613	mechanosensory protein 2-like	protein-coding	Symbol
LOC111131784	1169	111131784	LOC111131784	caprin-1-like	protein-coding	Symbol
LOC111136504	1169	111136504	LOC111136504	NADH dehydrogenase [ubiquinone] flavoprotein 2, mitochondrial-like	protein-coding	Symbol
LOC111100874	1168	111100874	LOC111100874	F-box-like/WD repeat-containing protein TBL1XR1	protein-coding	Symbol
LOC111101860	1168	111101860	LOC111101860	large ribosomal subunit protein eL33-like	protein-coding	Symbol
LOC111126128	1167	111126128	LOC111126128	small ribosomal subunit protein eS1-like	protein-coding	Symbol
LOC111129007	1167	111129007	LOC111129007	uncharacterized LOC111129007	protein-coding	Symbol
LOC111131706	1167	111131706	LOC111131706	organic cation transporter protein-like	protein-coding	Symbol
LOC111114634	1166	111114634	LOC111114634	uncharacterized LOC111114634	protein-coding	Symbol
LOC111124595	1166	111124595	LOC111124595	large ribosomal subunit protein bL28m-like	protein-coding	Symbol
LOC111128942	1166	111128942	LOC111128942	sushi domain-containing protein 4-like	protein-coding	Symbol
LOC111130549	1166	111130549	LOC111130549	ATP synthase F(1) complex subunit alpha, mitochondrial-like	protein-coding	Symbol
LOC111135169	1166	111135169	LOC111135169	glutamate receptor ionotropic, kainate 3-like	protein-coding	Symbol
LOC111137932	1166	111137932	LOC111137932	uncharacterized LOC111137932	protein-coding	Symbol
LOC111119699	1165	NA	NA	NA	NA	NA
LOC111103713	1164	NA	NA	NA	NA	NA
LOC111127289	1164	111127289	LOC111127289	heat shock cognate 71 kDa protein	protein-coding	Symbol
LOC111138489	1164	NA	NA	NA	NA	NA
LOC111122176	1163	111122176	LOC111122176	syntaxin-8-like	protein-coding	Symbol
LOC111129239	1163	111129239	LOC111129239	uncharacterized LOC111129239	protein-coding	Symbol
LOC111101359	1162	111101359	LOC111101359	platelet-activating factor acetylhydrolase-like	protein-coding	Symbol
LOC111107301	1162	NA	NA	NA	NA	NA
LOC111118971	1162	111118971	LOC111118971	AP-1 complex subunit mu-1	protein-coding	Symbol
LOC111119597	1162	111119597	LOC111119597	SWI/SNF-related matrix-associated actin-dependent regulator of chromatin subfamily A member 2-like	protein-coding	Symbol
LOC111134509	1162	111134509	LOC111134509	adenylate cyclase type 2-like	protein-coding	Symbol
LOC111135726	1162	111135726	LOC111135726	DNA topoisomerase I, mitochondrial-like	protein-coding	Symbol
LOC111127708	1161	111127708	LOC111127708	neural cell adhesion molecule L1-like	protein-coding	Symbol
LOC111128662	1161	111128662	LOC111128662	uncharacterized LOC111128662	protein-coding	Symbol
LOC111129024	1161	111129024	LOC111129024	uncharacterized LOC111129024	protein-coding	Symbol
LOC111132099	1161	111132099	LOC111132099	uncharacterized LOC111132099	protein-coding	Symbol
LOC111135686	1161	111135686	LOC111135686	ran-specific GTPase-activating protein-like	protein-coding	Symbol
LOC111100522	1160	111100522	LOC111100522	catenin alpha-2-like	protein-coding	Symbol
LOC111106468	1160	NA	NA	NA	NA	NA
LOC111122996	1160	111122996	LOC111122996	nuclear pore complex protein Nup98-Nup96-like	protein-coding	Symbol
LOC111124669	1160	111124669	LOC111124669	serine/threonine-protein kinase SIK3-like	protein-coding	Symbol
LOC111102792	1159	111102792	LOC111102792	beta,beta-carotene 15,15'-dioxygenase-like	protein-coding	Symbol
LOC111108450	1159	111108450	LOC111108450	small nuclear ribonucleoprotein F	protein-coding	Symbol
LOC111109639	1159	NA	NA	NA	NA	NA
LOC111112762	1159	111112762	LOC111112762	sodium-dependent multivitamin transporter-like	protein-coding	Symbol
LOC111117818	1159	111117818	LOC111117818	transformation/transcription domain-associated protein-like	protein-coding	Symbol
LOC111121196	1159	111121196	LOC111121196	uncharacterized LOC111121196	protein-coding	Symbol
LOC111131214	1159	111131214	LOC111131214	sorting nexin-2-like	protein-coding	Symbol
LOC111132514	1159	NA	NA	NA	NA	NA
LOC111138137	1159	111138137	LOC111138137	SPRY domain-containing SOCS box protein 1-like	protein-coding	Symbol
LOC111119478	1158	111119478	LOC111119478	MAM and LDL-receptor class A domain-containing protein 1-like	protein-coding	Symbol
LOC111099982	1157	111099982	LOC111099982	S-phase kinase-associated protein 1	protein-coding	Symbol
LOC111109277	1157	NA	NA	NA	NA	NA
LOC111109510	1157	111109510	LOC111109510	uncharacterized LOC111109510	protein-coding	Symbol
LOC111117657	1157	111117657	LOC111117657	uncharacterized LOC111117657	protein-coding	Symbol
LOC111122049	1157	111122049	LOC111122049	uncharacterized LOC111122049	protein-coding	Symbol
LOC111126213	1157	111126213	LOC111126213	dolichyl-diphosphooligosaccharide--protein glycosyltransferase subunit TUSC3-like	protein-coding	Symbol
LOC111136548	1157	111136548	LOC111136548	calcium-transporting ATPase sarcoplasmic/endoplasmic reticulum type-like	protein-coding	Symbol
LOC111114706	1156	111114706	LOC111114706	uncharacterized LOC111114706	protein-coding	Symbol
LOC111118382	1156	111118382	LOC111118382	COP9 signalosome complex subunit 3-like	protein-coding	Symbol
LOC111121593	1156	111121593	LOC111121593	uncharacterized LOC111121593	protein-coding	Symbol
LOC111102003	1155	NA	NA	NA	NA	NA
LOC111123802	1155	111123802	LOC111123802	formin-binding protein 1-like	protein-coding	Symbol
LOC111134242	1155	111134242	LOC111134242	G protein-coupled receptor kinase 3-like	protein-coding	Symbol
LOC111100585	1154	111100585	LOC111100585	uncharacterized LOC111100585	protein-coding	Symbol
LOC111102051	1154	NA	NA	NA	NA	NA
LOC111113194	1154	111113194	LOC111113194	dnaJ homolog subfamily A member 1-like	protein-coding	Symbol
LOC111120498	1154	111120498	LOC111120498	uncharacterized LOC111120498	protein-coding	Symbol
LOC111126883	1154	NA	NA	NA	NA	NA
LOC111124478	1153	111124478	LOC111124478	sodium/bile acid cotransporter 7-like	protein-coding	Symbol
LOC111125240	1153	111125240	LOC111125240	small ribosomal subunit protein eS26-like	protein-coding	Symbol
LOC111126647	1153	111126647	LOC111126647	sodium- and chloride-dependent taurine transporter-like	protein-coding	Symbol
LOC111107879	1152	111107879	LOC111107879	RNA-binding protein spenito-like	protein-coding	Symbol
LOC111121205	1152	111121205	LOC111121205	CDGSH iron-sulfur domain-containing protein 2-like	protein-coding	Symbol
LOC111125499	1152	111125499	LOC111125499	uncharacterized LOC111125499	protein-coding	Symbol
LOC111100860	1151	111100860	LOC111100860	uncharacterized LOC111100860	protein-coding	Symbol
LOC111101527	1151	NA	NA	NA	NA	NA
LOC111120662	1151	111120662	LOC111120662	E3 ubiquitin-protein ligase ZNF598-like	protein-coding	Symbol
LOC111118962	1150	111118962	LOC111118962	small ribosomal subunit protein uS3m-like	protein-coding	Symbol
LOC111119987	1150	111119987	LOC111119987	leukocyte receptor cluster member 8 homolog	protein-coding	Symbol
LOC111121384	1150	111121384	LOC111121384	PAT complex subunit Asterix-like	protein-coding	Symbol
LOC111122814	1150	111122814	LOC111122814	uncharacterized LOC111122814	protein-coding	Symbol
LOC111128978	1150	111128978	LOC111128978	serine/threonine-protein kinase VRK1-like	protein-coding	Symbol
LOC111116443	1149	NA	NA	NA	NA	NA
LOC111117972	1149	111117972	LOC111117972	actin-related protein 2/3 complex subunit 1A-like	protein-coding	Symbol
LOC111119461	1149	111119461	LOC111119461	BUB3-interacting and GLEBS motif-containing protein ZNF207-like	protein-coding	Symbol
LOC111119637	1149	111119637	LOC111119637	uncharacterized LOC111119637	protein-coding	Symbol
LOC111120548	1149	111120548	LOC111120548	queuosine-tRNA galactosyltransferase-like	protein-coding	Symbol
LOC111131806	1149	111131806	LOC111131806	protein CDV3 homolog	protein-coding	Symbol
LOC111101447	1148	111101447	LOC111101447	mitotic apparatus protein p62-like	protein-coding	Symbol
LOC111101751	1148	111101751	LOC111101751	uncharacterized LOC111101751	protein-coding	Symbol
LOC111136621	1148	111136621	LOC111136621	malate dehydrogenase, mitochondrial-like	protein-coding	Symbol
LOC111104330	1147	NA	NA	NA	NA	NA
LOC111105161	1147	NA	NA	NA	NA	NA
LOC111118106	1147	111118106	LOC111118106	myosin regulatory light polypeptide 9-like	protein-coding	Symbol
LOC111125498	1147	111125498	LOC111125498	cytoplasmic FMR1-interacting protein-like	protein-coding	Symbol
LOC111131730	1147	111131730	LOC111131730	elongation factor 2-like	protein-coding	Symbol
LOC111132217	1147	111132217	LOC111132217	sodium-dependent serotonin transporter-like	protein-coding	Symbol
LOC111135399	1147	111135399	LOC111135399	phosphorylase b kinase gamma catalytic chain, skeletal muscle/heart isoform-like	protein-coding	Symbol
LOC111099544	1146	111099544	LOC111099544	T-complex protein 1 subunit beta-like	protein-coding	Symbol
LOC111123867	1146	111123867	LOC111123867	small ribosomal subunit protein eS25-like	protein-coding	Symbol
LOC111132138	1146	111132138	LOC111132138	phosphatidylinositol 4,5-bisphosphate 3-kinase catalytic subunit	protein-coding	Symbol
LOC111135880	1146	111135880	LOC111135880	ubiquitin conjugation factor E4 B-like	protein-coding	Symbol
LOC111113181	1145	111113181	LOC111113181	dymeclin-like	protein-coding	Symbol
LOC111116401	1145	NA	NA	NA	NA	NA
LOC111130464	1145	111130464	LOC111130464	uncharacterized LOC111130464	protein-coding	Symbol
LOC111124456	1144	NA	NA	NA	NA	NA
LOC111121743	1143	111121743	LOC111121743	uncharacterized LOC111121743	protein-coding	Symbol
LOC111125822	1143	111125822	LOC111125822	aminoacyl tRNA synthase complex-interacting multifunctional protein 1-like	protein-coding	Symbol
LOC111129002	1143	111129002	LOC111129002	L-asparaginase-like	protein-coding	Symbol
LOC111100668	1142	111100668	LOC111100668	stress-70 protein, mitochondrial-like	protein-coding	Symbol
LOC111113968	1142	NA	NA	NA	NA	NA
LOC111137841	1142	NA	NA	NA	NA	NA
LOC111129603	1141	111129603	LOC111129603	poly [ADP-ribose] polymerase tankyrase-like	protein-coding	Symbol
LOC111130416	1141	111130416	LOC111130416	SNW domain-containing protein 1-like	protein-coding	Symbol
LOC111123124	1140	111123124	LOC111123124	ATP synthase F(0) complex subunit g, mitochondrial-like	protein-coding	Symbol
LOC111126055	1140	111126055	LOC111126055	low-density lipoprotein receptor-related protein 1-like	protein-coding	Symbol
LOC111135975	1139	111135975	LOC111135975	uncharacterized LOC111135975	protein-coding	Symbol
LOC111102811	1138	NA	NA	NA	NA	NA
LOC111125750	1138	111125750	LOC111125750	tudor domain-containing protein 3-like	protein-coding	Symbol
LOC111129629	1138	NA	NA	NA	NA	NA
LOC111134305	1138	111134305	LOC111134305	protein strawberry notch homolog 1-like	protein-coding	Symbol
LOC111112807	1137	111112807	LOC111112807	ATP-binding cassette sub-family F member 2-like	protein-coding	Symbol
LOC111113446	1137	111113446	LOC111113446	prostaglandin E synthase 3-like	protein-coding	Symbol
LOC111122550	1137	111122550	LOC111122550	glucose-6-phosphate exchanger SLC37A2-like	protein-coding	Symbol
LOC111123786	1137	NA	NA	NA	NA	NA
LOC111124793	1137	111124793	LOC111124793	NEDD4 family-interacting protein 1-like	protein-coding	Symbol
LOC111100425	1136	NA	NA	NA	NA	NA
LOC111114721	1136	111114721	LOC111114721	transformation/transcription domain-associated protein-like	protein-coding	Symbol
LOC111120557	1136	111120557	LOC111120557	small ribosomal subunit protein uS11	protein-coding	Symbol
LOC111127274	1136	111127274	LOC111127274	SWI/SNF-related matrix-associated actin-dependent regulator of chromatin subfamily A member 5-like	protein-coding	Symbol
LOC111128966	1136	111128966	LOC111128966	chromodomain-helicase-DNA-binding protein 1-like	protein-coding	Symbol
LOC111129161	1136	111129161	LOC111129161	putative methylmalonate-semialdehyde/malonate-semialdehyde dehydrogenase [acylating], mitochondrial	protein-coding	Symbol
LOC111131783	1136	111131783	LOC111131783	uncharacterized LOC111131783	protein-coding	Symbol
LOC111107343	1135	NA	NA	NA	NA	NA
LOC111113918	1135	NA	NA	NA	NA	NA
LOC111125785	1135	111125785	LOC111125785	vacuolar protein-sorting-associated protein 36-like	protein-coding	Symbol
LOC111135964	1135	111135964	LOC111135964	uncharacterized LOC111135964	protein-coding	Symbol
LOC111136989	1135	111136989	LOC111136989	uncharacterized LOC111136989	protein-coding	Symbol
LOC111137591	1135	111137591	LOC111137591	small ribosomal subunit protein eS10-like	protein-coding	Symbol
LOC111120482	1134	111120482	LOC111120482	uncharacterized LOC111120482	pseudo	Symbol
LOC111124749	1134	111124749	LOC111124749	uncharacterized LOC111124749	protein-coding	Symbol
LOC111134970	1134	111134970	LOC111134970	craniofacial development protein 1-like	protein-coding	Symbol
LOC111124939	1133	NA	NA	NA	NA	NA
LOC111125387	1133	111125387	LOC111125387	cell adhesion molecule Dscam1-like	protein-coding	Symbol
LOC111127973	1133	111127973	LOC111127973	transcription factor YY2-like	protein-coding	Symbol
LOC111136254	1133	111136254	LOC111136254	eukaryotic translation initiation factor 6-like	protein-coding	Symbol
LOC111105000	1132	111105000	LOC111105000	costars family protein ABRACL-like	protein-coding	Symbol
LOC111106467	1132	NA	NA	NA	NA	NA
LOC111109271	1132	111109271	LOC111109271	uncharacterized LOC111109271	pseudo	Symbol
LOC111119517	1132	111119517	LOC111119517	wings apart-like protein homolog	protein-coding	Symbol
LOC111126499	1132	111126499	LOC111126499	uncharacterized LOC111126499	protein-coding	Symbol
LOC111129719	1132	111129719	LOC111129719	hemicentin-1-like	protein-coding	Symbol
LOC111131560	1132	111131560	LOC111131560	triokinase/FMN cyclase-like	protein-coding	Symbol
LOC111125452	1131	111125452	LOC111125452	uncharacterized LOC111125452	protein-coding	Symbol
LOC111126790	1131	111126790	LOC111126790	endoplasmic reticulum resident protein 44-like	protein-coding	Symbol
LOC111116089	1130	NA	NA	NA	NA	NA
LOC111126579	1130	111126579	LOC111126579	protein SET-like	protein-coding	Symbol
LOC111129286	1130	111129286	LOC111129286	N-alpha-acetyltransferase 30-like	protein-coding	Symbol
LOC111133043	1130	NA	NA	NA	NA	NA
LOC111118273	1129	111118273	LOC111118273	peptidyl-prolyl cis-trans isomerase FKBP1A-like	protein-coding	Symbol
LOC111118300	1129	111118300	LOC111118300	uncharacterized LOC111118300	protein-coding	Symbol
LOC111119101	1129	111119101	LOC111119101	putative E3 ubiquitin-protein ligase UNKL	protein-coding	Symbol
LOC111127380	1129	111127380	LOC111127380	chromosome-associated kinesin KIF4-like	protein-coding	Symbol
LOC111110541	1128	111110541	LOC111110541	mannan-binding lectin serine protease 1-like	protein-coding	Symbol
LOC111135375	1128	111135375	LOC111135375	cysteine sulfinic acid decarboxylase-like	protein-coding	Symbol
LOC111120628	1127	111120628	LOC111120628	26S proteasome regulatory subunit 6A-B	protein-coding	Symbol
LOC111137338	1127	111137338	LOC111137338	uncharacterized LOC111137338	protein-coding	Symbol
LOC111112559	1126	111112559	LOC111112559	rac GTPase-activating protein 1-like	protein-coding	Symbol
LOC111114067	1125	111114067	LOC111114067	small ribosomal subunit protein uS17-like	protein-coding	Symbol
LOC111116839	1125	111116839	LOC111116839	sodium-dependent proline transporter-like	protein-coding	Symbol
LOC111136810	1125	111136810	LOC111136810	mitochondrial import inner membrane translocase subunit TIM14-like	protein-coding	Symbol
LOC111137051	1125	111137051	LOC111137051	uncharacterized LOC111137051	protein-coding	Symbol
LOC111116911	1124	NA	NA	NA	NA	NA
LOC111118916	1124	111118916	LOC111118916	uncharacterized LOC111118916	protein-coding	Symbol
LOC111123735	1124	111123735	LOC111123735	protein Dr1-like	protein-coding	Symbol
LOC111124874	1124	111124874	LOC111124874	large ribosomal subunit protein eL19-like	protein-coding	Symbol
LOC111125747	1124	NA	NA	NA	NA	NA
LOC111104344	1123	111104344	LOC111104344	MAM and LDL-receptor class A domain-containing protein 2-like	protein-coding	Symbol
LOC111112464	1122	NA	NA	NA	NA	NA
LOC111124583	1122	111124583	LOC111124583	heat shock 70 kDa protein 12A-like	protein-coding	Symbol
LOC111131498	1122	111131498	LOC111131498	uncharacterized LOC111131498	protein-coding	Symbol
LOC111135476	1122	111135476	LOC111135476	uncharacterized LOC111135476	protein-coding	Symbol
LOC111136820	1122	111136820	LOC111136820	uncharacterized LOC111136820	protein-coding	Symbol
LOC111115659	1121	111115659	LOC111115659	uncharacterized LOC111115659	protein-coding	Symbol
LOC111125814	1121	111125814	LOC111125814	alpha-N-acetylgalactosaminidase-like	protein-coding	Symbol
LOC111132903	1121	111132903	LOC111132903	large ribosomal subunit protein uL23-like	protein-coding	Symbol
LOC111135796	1121	111135796	LOC111135796	short transient receptor potential channel 4-associated protein-like	protein-coding	Symbol
LOC111137273	1121	111137273	LOC111137273	flap endonuclease 1-like	protein-coding	Symbol
LOC111111050	1120	111111050	LOC111111050	liprin-beta-1-like	protein-coding	Symbol
LOC111114932	1120	NA	NA	NA	NA	NA
LOC111115745	1120	111115745	LOC111115745	3-ketoacyl-CoA thiolase B, peroxisomal-like	protein-coding	Symbol
LOC111125546	1120	111125546	LOC111125546	nuclear pore complex protein Nup54-like	protein-coding	Symbol
LOC111129356	1120	111129356	LOC111129356	ceramide kinase-like	protein-coding	Symbol
LOC111138180	1120	111138180	LOC111138180	NADH-ubiquinone oxidoreductase subunit 8-like	protein-coding	Symbol
LOC111102459	1119	111102459	LOC111102459	uncharacterized LOC111102459	protein-coding	Symbol
LOC111103603	1119	111103603	LOC111103603	uncharacterized LOC111103603	protein-coding	Symbol
LOC111109201	1119	111109201	LOC111109201	beta-1,3-galactosyl-O-glycosyl-glycoprotein beta-1,6-N-acetylglucosaminyltransferase 4-like	protein-coding	Symbol
LOC111109256	1119	NA	NA	NA	NA	NA
LOC111117013	1119	111117013	LOC111117013	uncharacterized LOC111117013	protein-coding	Symbol
LOC111118745	1119	111118745	LOC111118745	transportin-1-like	protein-coding	Symbol
LOC111105063	1118	NA	NA	NA	NA	NA
LOC111118731	1118	111118731	LOC111118731	protein transport protein Sec24A-like	protein-coding	Symbol
LOC111124762	1118	111124762	LOC111124762	protein Fe65 homolog	protein-coding	Symbol
LOC111128939	1118	111128939	LOC111128939	peptidyl-prolyl cis-trans isomerase B-like	protein-coding	Symbol
LOC111135297	1118	111135297	LOC111135297	signal recognition particle subunit SRP72-like	protein-coding	Symbol
LOC111102414	1117	111102414	LOC111102414	ATP synthase peripheral stalk subunit b, mitochondrial-like	protein-coding	Symbol
LOC111118083	1117	111118083	LOC111118083	ankyrin repeat domain-containing protein 17-like	protein-coding	Symbol
LOC111123994	1117	111123994	LOC111123994	pumilio homolog 1-like	protein-coding	Symbol
LOC111124521	1117	111124521	LOC111124521	uncharacterized LOC111124521	protein-coding	Symbol
LOC111125572	1117	111125572	LOC111125572	CTD small phosphatase-like protein	protein-coding	Symbol
LOC111137235	1117	111137235	LOC111137235	syntaxin-7-like	protein-coding	Symbol
LOC111119023	1116	111119023	LOC111119023	eukaryotic translation initiation factor 3 subunit B-like	protein-coding	Symbol
LOC111125967	1116	111125967	LOC111125967	uncharacterized LOC111125967	protein-coding	Symbol
LOC111127225	1116	111127225	LOC111127225	elongation factor 1-alpha	protein-coding	Symbol
LOC111129928	1116	NA	NA	NA	NA	NA
LOC111130191	1116	111130191	LOC111130191	serine palmitoyltransferase 2-like	protein-coding	Symbol
LOC111134434	1116	111134434	LOC111134434	CCR4-NOT transcription complex subunit 1-like	protein-coding	Symbol
LOC111136812	1116	111136812	LOC111136812	uncharacterized LOC111136812	protein-coding	Symbol
LOC111110791	1115	111110791	LOC111110791	protein LSM12-like	protein-coding	Symbol
LOC111111437	1115	111111437	LOC111111437	glycoprotein 3-alpha-L-fucosyltransferase A-like	protein-coding	Symbol
LOC111125636	1115	111125636	LOC111125636	innexin unc-9 pseudogene	pseudo	Symbol
LOC111106506	1114	NA	NA	NA	NA	NA
LOC111122819	1114	111122819	LOC111122819	large ribosomal subunit protein eL21-like	protein-coding	Symbol
LOC111130333	1114	NA	NA	NA	NA	NA
LOC111135895	1114	111135895	LOC111135895	26S proteasome non-ATPase regulatory subunit 7-like	protein-coding	Symbol
LOC111119636	1113	111119636	LOC111119636	calcium uptake protein 1, mitochondrial-like	protein-coding	Symbol
LOC111124755	1113	111124755	LOC111124755	tudor domain-containing protein 5-like	protein-coding	Symbol
LOC111125014	1113	111125014	LOC111125014	activin receptor type-1-like	protein-coding	Symbol
LOC111130822	1113	111130822	LOC111130822	enhancer of rudimentary homolog	protein-coding	Symbol
LOC111135356	1113	111135356	LOC111135356	alkaline phosphatase-like	protein-coding	Symbol
LOC111137089	1113	111137089	LOC111137089	large ribosomal subunit protein uL2-like	protein-coding	Symbol
LOC111118215	1112	111118215	LOC111118215	uncharacterized LOC111118215	protein-coding	Symbol
LOC111121848	1112	111121848	LOC111121848	small ribosomal subunit protein eS7-like	protein-coding	Symbol
LOC111125206	1112	111125206	LOC111125206	ubiquitin carboxyl-terminal hydrolase 25-like	protein-coding	Symbol
LOC111131102	1112	111131102	LOC111131102	uncharacterized LOC111131102	protein-coding	Symbol
LOC111136082	1112	111136082	LOC111136082	high affinity cGMP-specific 3',5'-cyclic phosphodiesterase 9A-like	protein-coding	Symbol
LOC111099483	1111	111099483	LOC111099483	disks large homolog 1-like	protein-coding	Symbol
LOC111103325	1111	111103325	LOC111103325	uncharacterized LOC111103325	protein-coding	Symbol
LOC111119059	1111	NA	NA	NA	NA	NA
LOC111119685	1111	111119685	LOC111119685	GTP-binding protein 1-like	protein-coding	Symbol
LOC111119826	1111	111119826	LOC111119826	large ribosomal subunit protein eL34-like	protein-coding	Symbol
LOC111132147	1111	NA	NA	NA	NA	NA
LOC111103975	1110	111103975	LOC111103975	transcription initiation factor TFIID subunit 12-like	protein-coding	Symbol
LOC111120699	1110	111120699	LOC111120699	small COPII coat GTPase SAR1-like	protein-coding	Symbol
LOC111113872	1109	111113872	LOC111113872	uncharacterized LOC111113872	pseudo	Symbol
LOC111128841	1109	111128841	LOC111128841	uncharacterized LOC111128841	protein-coding	Symbol
LOC111131136	1109	111131136	LOC111131136	activator of 90 kDa heat shock protein ATPase homolog 1-like	protein-coding	Symbol
LOC111105688	1108	111105688	LOC111105688	SRSF protein kinase 3-like	protein-coding	Symbol
LOC111124772	1108	NA	NA	NA	NA	NA
LOC111125533	1108	111125533	LOC111125533	U6 snRNA-associated Sm-like protein LSm5	protein-coding	Symbol
LOC111130817	1108	111130817	LOC111130817	uncharacterized LOC111130817	protein-coding	Symbol
LOC111135319	1108	111135319	LOC111135319	putative ubiquitin-conjugating enzyme E2 7	protein-coding	Symbol
LOC111134252	1107	111134252	LOC111134252	uncharacterized LOC111134252	protein-coding	Symbol
LOC111111438	1106	111111438	LOC111111438	large ribosomal subunit protein eL27	protein-coding	Symbol
LOC111130726	1106	111130726	LOC111130726	alpha-aminoadipic semialdehyde dehydrogenase-like	protein-coding	Symbol
LOC111131063	1106	NA	NA	NA	NA	NA
LOC111112439	1105	111112439	LOC111112439	kinesin heavy chain-like	protein-coding	Symbol
LOC111124261	1105	111124261	LOC111124261	large ribosomal subunit protein eL31-like	protein-coding	Symbol
LOC111128719	1105	111128719	LOC111128719	uncharacterized LOC111128719	protein-coding	Symbol
LOC111131116	1105	111131116	LOC111131116	peptidyl-prolyl cis-trans isomerase-like	protein-coding	Symbol
LOC111136247	1105	111136247	LOC111136247	large ribosomal subunit protein eL6-like	protein-coding	Symbol
LOC111118147	1104	111118147	LOC111118147	SUMO-conjugating enzyme UBC9-B	protein-coding	Symbol
LOC111130381	1104	111130381	LOC111130381	uncharacterized LOC111130381	protein-coding	Symbol
LOC111100708	1103	111100708	LOC111100708	small ribosomal subunit protein uS15	protein-coding	Symbol
LOC111102932	1102	111102932	LOC111102932	uncharacterized LOC111102932	protein-coding	Symbol
LOC111120968	1102	111120968	LOC111120968	uncharacterized LOC111120968	protein-coding	Symbol
LOC111103226	1101	111103226	LOC111103226	vesicle transport protein SFT2B-like	protein-coding	Symbol
LOC111117138	1101	NA	NA	NA	NA	NA
LOC111123066	1101	NA	NA	NA	NA	NA
LOC111125827	1101	NA	NA	NA	NA	NA
LOC111117922	1100	111117922	LOC111117922	uncharacterized LOC111117922	protein-coding	Symbol
LOC111125119	1100	111125119	LOC111125119	serine/threonine-protein kinase DCLK1-like	protein-coding	Symbol
LOC111128580	1100	111128580	LOC111128580	small ribosomal subunit protein uS19-like	protein-coding	Symbol
LOC111130296	1100	NA	NA	NA	NA	NA
LOC111130646	1100	NA	NA	NA	NA	NA
LOC111100500	1099	111100500	LOC111100500	RCC1 domain-containing protein 1-like	protein-coding	Symbol
LOC111105693	1099	111105693	LOC111105693	uncharacterized LOC111105693	protein-coding	Symbol
LOC111124129	1099	111124129	LOC111124129	uncharacterized LOC111124129	protein-coding	Symbol
LOC111126639	1099	111126639	LOC111126639	serine/threonine-protein phosphatase 6 catalytic subunit	protein-coding	Symbol
LOC111119569	1098	111119569	LOC111119569	SPRY domain-containing SOCS box protein 3-like	protein-coding	Symbol
LOC111121922	1098	111121922	LOC111121922	actin-binding protein IPP-like	protein-coding	Symbol
LOC111129915	1098	111129915	LOC111129915	uncharacterized LOC111129915	protein-coding	Symbol
LOC111130617	1098	111130617	LOC111130617	splicing regulator SDE2-like	protein-coding	Symbol
LOC111134993	1098	111134993	LOC111134993	uncharacterized LOC111134993	protein-coding	Symbol
LOC111137617	1098	111137617	LOC111137617	ubiquitin-conjugating enzyme E2 variant 1-like	protein-coding	Symbol
LOC111102219	1097	NA	NA	NA	NA	NA
LOC111112550	1097	111112550	LOC111112550	insulin-like growth factor 2 mRNA-binding protein 2	protein-coding	Symbol
LOC111125716	1097	111125716	LOC111125716	F-box/WD repeat-containing protein 7-like	protein-coding	Symbol
LOC111123751	1096	111123751	LOC111123751	ubiquitin-conjugating enzyme E2-22 kDa-like	protein-coding	Symbol
LOC111123896	1096	111123896	LOC111123896	electron transfer flavoprotein subunit beta-like	protein-coding	Symbol
LOC111124193	1096	111124193	LOC111124193	medium-chain specific acyl-CoA dehydrogenase, mitochondrial-like	protein-coding	Symbol
LOC111128116	1096	111128116	LOC111128116	ribosome biogenesis protein NSA2 homolog	protein-coding	Symbol
LOC111133898	1096	111133898	LOC111133898	uncharacterized LOC111133898	protein-coding	Symbol
LOC111105207	1095	NA	NA	NA	NA	NA
LOC111119408	1095	111119408	LOC111119408	baculoviral IAP repeat-containing protein 5-like	protein-coding	Symbol
LOC111124361	1095	111124361	LOC111124361	uncharacterized LOC111124361	protein-coding	Symbol
LOC111125987	1095	111125987	LOC111125987	AN1-type zinc finger protein 2A-like	protein-coding	Symbol
LOC111128591	1095	111128591	LOC111128591	reticulon-1-A-like	protein-coding	Symbol
LOC111130183	1095	111130183	LOC111130183	Golgi phosphoprotein 3 homolog sauron-like	protein-coding	Symbol
LOC111130886	1095	111130886	LOC111130886	cleavage and polyadenylation specificity factor subunit 6-like	protein-coding	Symbol
LOC111133160	1095	111133160	LOC111133160	uncharacterized LOC111133160	protein-coding	Symbol
LOC111102562	1094	111102562	LOC111102562	uncharacterized LOC111102562	ncRNA	Symbol
LOC111124673	1094	111124673	LOC111124673	uncharacterized LOC111124673	protein-coding	Symbol
LOC111127385	1094	NA	NA	NA	NA	NA
LOC111132467	1094	111132467	LOC111132467	rho guanine nucleotide exchange factor 10-like	protein-coding	Symbol
LOC111099741	1093	111099741	LOC111099741	G2/mitotic-specific cyclin-B3-like	protein-coding	Symbol
LOC111100898	1093	111100898	LOC111100898	uncharacterized LOC111100898	protein-coding	Symbol
LOC111108359	1093	111108359	LOC111108359	dihydrolipoyl dehydrogenase, mitochondrial-like	protein-coding	Symbol
LOC111130023	1093	111130023	LOC111130023	ribosome quality control complex subunit NEMF-like	protein-coding	Symbol
LOC111132974	1093	111132974	LOC111132974	actin-3-like	protein-coding	Symbol
LOC111137407	1093	111137407	LOC111137407	mediator of RNA polymerase II transcription subunit 30-like	protein-coding	Symbol
LOC111107923	1092	111107923	LOC111107923	uncharacterized LOC111107923	protein-coding	Symbol
LOC111109010	1092	NA	NA	NA	NA	NA
LOC111117369	1092	111117369	LOC111117369	uncharacterized LOC111117369	protein-coding	Symbol
LOC111113158	1091	111113158	LOC111113158	potassium voltage-gated channel protein Shaw-like	protein-coding	Symbol
LOC111120783	1091	111120783	LOC111120783	charged multivesicular body protein 5-like	protein-coding	Symbol
LOC111129872	1091	111129872	LOC111129872	tyramine beta-hydroxylase-like	protein-coding	Symbol
LOC111131752	1091	111131752	LOC111131752	proton-coupled zinc antiporter SLC30A1-like	protein-coding	Symbol
LOC111100835	1090	111100835	LOC111100835	pre-mRNA-splicing factor SLU7-like	protein-coding	Symbol
LOC111101116	1090	111101116	LOC111101116	NF-kappa-B inhibitor alpha-like	protein-coding	Symbol
LOC111111520	1089	111111520	LOC111111520	rho GTPase-activating protein 23-like	protein-coding	Symbol
LOC111130295	1089	111130295	LOC111130295	26S proteasome regulatory subunit 10B	protein-coding	Symbol
LOC111135641	1089	111135641	LOC111135641	uncharacterized LOC111135641	protein-coding	Symbol
LOC111119682	1088	111119682	LOC111119682	pumilio homolog 3-like	protein-coding	Symbol
LOC111121441	1088	111121441	LOC111121441	reticulocalbin-2-like	protein-coding	Symbol
LOC111126390	1088	111126390	LOC111126390	splicing factor C9orf78 homolog	protein-coding	Symbol
LOC111126953	1088	111126953	LOC111126953	histone H4 transcription factor-like	protein-coding	Symbol
LOC111130935	1088	111130935	LOC111130935	bromodomain adjacent to zinc finger domain protein 2B-like	protein-coding	Symbol
LOC111137975	1088	111137975	LOC111137975	heme-binding protein 2-like	protein-coding	Symbol
LOC111100325	1087	111100325	LOC111100325	filamin-A-like	protein-coding	Symbol
LOC111115445	1087	111115445	LOC111115445	zinc finger protein 862-like	protein-coding	Symbol
LOC111119633	1087	111119633	LOC111119633	uncharacterized LOC111119633	protein-coding	Symbol
LOC111133569	1087	111133569	LOC111133569	neural-cadherin-like	protein-coding	Symbol
LOC111108296	1086	111108296	LOC111108296	zinc metalloproteinase dpy-31-like	protein-coding	Symbol
LOC111120589	1086	111120589	LOC111120589	uncharacterized LOC111120589	protein-coding	Symbol
LOC111100896	1085	111100896	LOC111100896	fibroblast growth factor receptor 2-like	protein-coding	Symbol
LOC111109466	1085	111109466	LOC111109466	uncharacterized LOC111109466	protein-coding	Symbol
LOC111118348	1085	111118348	LOC111118348	small ribosomal subunit protein uS8A	protein-coding	Symbol
LOC111123996	1085	111123996	LOC111123996	protein SGT1 homolog	protein-coding	Symbol
LOC111109461	1084	NA	NA	NA	NA	NA
LOC111120559	1084	111120559	LOC111120559	annexin A7-like	protein-coding	Symbol
LOC111134732	1084	111134732	LOC111134732	structural maintenance of chromosomes protein 3-like	protein-coding	Symbol
LOC111138176	1084	111138176	LOC111138176	uncharacterized LOC111138176	protein-coding	Symbol
LOC111121997	1083	NA	NA	NA	NA	NA
LOC111122796	1083	111122796	LOC111122796	uncharacterized LOC111122796	protein-coding	Symbol
LOC111134978	1083	111134978	LOC111134978	uncharacterized LOC111134978	protein-coding	Symbol
LOC111104128	1082	111104128	LOC111104128	NADH dehydrogenase [ubiquinone] 1 beta subcomplex subunit 8, mitochondrial-like	protein-coding	Symbol
LOC111106517	1082	111106517	LOC111106517	uncharacterized LOC111106517	protein-coding	Symbol
LOC111120737	1082	111120737	LOC111120737	receptor-type tyrosine-protein phosphatase epsilon-like	protein-coding	Symbol
LOC111121564	1082	111121564	LOC111121564	cytochrome b-c1 complex subunit 2, mitochondrial-like	protein-coding	Symbol
LOC111122815	1082	111122815	LOC111122815	flotillin-1-like	protein-coding	Symbol
LOC111131108	1082	111131108	LOC111131108	NF-kappa-B inhibitor cactus-like	protein-coding	Symbol
LOC111134050	1082	111134050	LOC111134050	putative G-protein coupled receptor CG31760	protein-coding	Symbol
LOC111101654	1081	111101654	LOC111101654	ubiquitin carboxyl-terminal hydrolase 1-like	protein-coding	Symbol
LOC111118492	1081	111118492	LOC111118492	A disintegrin and metalloproteinase with thrombospondin motifs 6-like	protein-coding	Symbol
LOC111123998	1081	111123998	LOC111123998	early estrogen-induced gene 1 protein-like	protein-coding	Symbol
LOC111127067	1081	111127067	LOC111127067	etoposide-induced protein 2.4 homolog	protein-coding	Symbol
LOC111129996	1081	111129996	LOC111129996	cAMP-regulated phosphoprotein 19-like	protein-coding	Symbol
LOC111130555	1081	NA	NA	NA	NA	NA
LOC111111345	1080	NA	NA	NA	NA	NA
LOC111119203	1080	111119203	LOC111119203	axin-1-like	protein-coding	Symbol
LOC111119403	1080	111119403	LOC111119403	transmembrane protein 59-like	protein-coding	Symbol
LOC111125548	1080	111125548	LOC111125548	small ribosomal subunit protein uS7	protein-coding	Symbol
LOC111128934	1080	NA	NA	NA	NA	NA
LOC111100808	1079	111100808	LOC111100808	ras-related C3 botulinum toxin substrate 2-like	protein-coding	Symbol
LOC111104669	1079	111104669	LOC111104669	T-complex protein 1 subunit theta-like	protein-coding	Symbol
LOC111136917	1079	111136917	LOC111136917	uncharacterized LOC111136917	protein-coding	Symbol
LOC111116292	1078	NA	NA	NA	NA	NA
LOC111137020	1078	111137020	LOC111137020	alkaline phosphatase-like	protein-coding	Symbol
LOC111114096	1077	NA	NA	NA	NA	NA
LOC111122108	1077	111122108	LOC111122108	calcium/calmodulin-dependent protein kinase type II delta chain-like	protein-coding	Symbol
LOC111131346	1077	NA	NA	NA	NA	NA
LOC111136152	1077	111136152	LOC111136152	glucose-induced degradation protein 8 homolog	protein-coding	Symbol
LOC111109047	1076	NA	NA	NA	NA	NA
LOC111125440	1076	111125440	LOC111125440	beta-1,4-galactosyltransferase 3-like	protein-coding	Symbol
LOC111103453	1075	111103453	LOC111103453	ribosomal protein S6 kinase alpha-1-like	protein-coding	Symbol
LOC111125955	1075	111125955	LOC111125955	uncharacterized LOC111125955	protein-coding	Symbol
LOC111132202	1075	111132202	LOC111132202	retinal guanylyl cyclase 2-like	protein-coding	Symbol
LOC111136648	1075	NA	NA	NA	NA	NA
LOC111137676	1075	111137676	LOC111137676	uncharacterized LOC111137676	protein-coding	Symbol
LOC111099571	1074	111099571	LOC111099571	uncharacterized LOC111099571	protein-coding	Symbol
LOC111105215	1074	111105215	LOC111105215	sodium/potassium-transporting ATPase subunit beta-like	protein-coding	Symbol
LOC111122161	1074	111122161	LOC111122161	uncharacterized LOC111122161	protein-coding	Symbol
LOC111122209	1074	NA	NA	NA	NA	NA
LOC111128525	1074	NA	NA	NA	NA	NA
LOC111133225	1074	111133225	LOC111133225	uncharacterized LOC111133225	protein-coding	Symbol
LOC111134449	1074	111134449	LOC111134449	uncharacterized LOC111134449	protein-coding	Symbol
LOC111105302	1073	111105302	LOC111105302	ADP-ribosylation factor-like protein 1	protein-coding	Symbol
LOC111124336	1073	NA	NA	NA	NA	NA
LOC111125478	1073	111125478	LOC111125478	scaffold protein ILK-like	protein-coding	Symbol
LOC111138030	1073	111138030	LOC111138030	protein RCC2-like	protein-coding	Symbol
LOC111124592	1072	111124592	LOC111124592	signal peptidase complex subunit 3-like	protein-coding	Symbol
LOC111127981	1072	111127981	LOC111127981	serine/threonine-protein phosphatase 2A 56 kDa regulatory subunit	protein-coding	Symbol
LOC111108200	1071	111108200	LOC111108200	26S proteasome non-ATPase regulatory subunit 14	protein-coding	Symbol
LOC111108271	1071	111108271	LOC111108271	uncharacterized LOC111108271	protein-coding	Symbol
LOC111109847	1071	111109847	LOC111109847	uncharacterized LOC111109847	protein-coding	Symbol
LOC111113956	1071	NA	NA	NA	NA	NA
LOC111118909	1071	111118909	LOC111118909	E3 ubiquitin-protein ligase SMURF2-like	protein-coding	Symbol
LOC111129987	1071	111129987	LOC111129987	uncharacterized LOC111129987	protein-coding	Symbol
LOC111132297	1071	111132297	LOC111132297	large ribosomal subunit protein eL15-like	protein-coding	Symbol
LOC111133994	1071	111133994	LOC111133994	uncharacterized LOC111133994	protein-coding	Symbol
LOC111110628	1070	111110628	LOC111110628	methionine aminopeptidase 2-like	protein-coding	Symbol
LOC111119698	1070	NA	NA	NA	NA	NA
LOC111119803	1070	111119803	LOC111119803	zinc transporter 7-like	protein-coding	Symbol
LOC111124475	1070	111124475	LOC111124475	uncharacterized LOC111124475	protein-coding	Symbol
LOC111126968	1070	111126968	LOC111126968	spectrin alpha chain-like	protein-coding	Symbol
LOC111136083	1070	111136083	LOC111136083	transducin beta-like protein 2	protein-coding	Symbol
LOC111136643	1070	111136643	LOC111136643	FACT complex subunit SPT16-like	protein-coding	Symbol
LOC111137659	1070	NA	NA	NA	NA	NA
LOC111105859	1069	111105859	LOC111105859	uncharacterized LOC111105859	protein-coding	Symbol
LOC111116283	1069	NA	NA	NA	NA	NA
LOC111127974	1069	111127974	LOC111127974	sphingolipid delta(4)-desaturase DES1-like	protein-coding	Symbol
LOC111101326	1068	111101326	LOC111101326	uncharacterized LOC111101326	protein-coding	Symbol
LOC111103527	1068	111103527	LOC111103527	uncharacterized LOC111103527	protein-coding	Symbol
LOC111103789	1068	111103789	LOC111103789	DNA-directed RNA polymerases I, II, and III subunit RPABC2-like	protein-coding	Symbol
LOC111115532	1068	111115532	LOC111115532	acyl-CoA-binding protein-like	protein-coding	Symbol
LOC111121624	1067	111121624	LOC111121624	uncharacterized LOC111121624	protein-coding	Symbol
LOC111124927	1067	NA	NA	NA	NA	NA
LOC111131315	1067	111131315	LOC111131315	signal recognition particle subunit SRP54	protein-coding	Symbol
LOC111124263	1066	111124263	LOC111124263	uncharacterized LOC111124263	protein-coding	Symbol
LOC111128139	1066	111128139	LOC111128139	nascent polypeptide-associated complex subunit alpha-like	protein-coding	Symbol
LOC111120502	1065	111120502	LOC111120502	uridine-cytidine kinase-like 1	protein-coding	Symbol
LOC111119696	1064	111119696	LOC111119696	uncharacterized LOC111119696	protein-coding	Symbol
LOC111131693	1064	111131693	LOC111131693	DNA replication licensing factor mcm5-like	protein-coding	Symbol
LOC111138117	1064	111138117	LOC111138117	uncharacterized LOC111138117	protein-coding	Symbol
LOC111103948	1063	111103948	LOC111103948	putative ATP-dependent DNA helicase RecS	protein-coding	Symbol
LOC111107449	1063	111107449	LOC111107449	uncharacterized LOC111107449	protein-coding	Symbol
LOC111113387	1063	NA	NA	NA	NA	NA
LOC111115894	1063	111115894	LOC111115894	tolloid-like protein 2	protein-coding	Symbol
LOC111119999	1063	111119999	LOC111119999	uncharacterized LOC111119999	pseudo	Symbol
LOC111130147	1063	111130147	LOC111130147	sodium-dependent proline transporter-like	protein-coding	Symbol
LOC111135283	1063	111135283	LOC111135283	RNA cytosine-C(5)-methyltransferase NSUN2-like	protein-coding	Symbol
LOC111136914	1063	111136914	LOC111136914	cell division cycle-associated protein 7-like	protein-coding	Symbol
LOC111107432	1062	111107432	LOC111107432	uncharacterized LOC111107432	protein-coding	Symbol
LOC111101061	1061	111101061	LOC111101061	calcium-responsive transcription factor-like	protein-coding	Symbol
LOC111104059	1061	111104059	LOC111104059	trafficking protein particle complex subunit 3-like	protein-coding	Symbol
LOC111119662	1061	111119662	LOC111119662	huntingtin-interacting protein K-like	protein-coding	Symbol
LOC111122700	1061	111122700	LOC111122700	dnaJ homolog subfamily C member 7-like	protein-coding	Symbol
LOC111120994	1060	111120994	LOC111120994	large ribosomal subunit protein uL3-like	protein-coding	Symbol
LOC111124716	1060	111124716	LOC111124716	CD63 antigen-like	protein-coding	Symbol
LOC111132184	1060	111132184	LOC111132184	elongin-B-like	protein-coding	Symbol
LOC111114033	1059	111114033	LOC111114033	uncharacterized LOC111114033	protein-coding	Symbol
LOC111122791	1059	111122791	LOC111122791	ragulator complex protein LAMTOR1-like	protein-coding	Symbol
LOC111129055	1059	111129055	LOC111129055	inositol-trisphosphate 3-kinase B-like	protein-coding	Symbol
LOC111129881	1059	111129881	LOC111129881	uncharacterized LOC111129881	pseudo	Symbol
LOC111103667	1058	111103667	LOC111103667	serine palmitoyltransferase 1-like	protein-coding	Symbol
LOC111107443	1058	111107443	LOC111107443	uncharacterized LOC111107443	protein-coding	Symbol
LOC111121013	1058	NA	NA	NA	NA	NA
LOC111126458	1058	111126458	LOC111126458	kinetochore protein NDC80 homolog	protein-coding	Symbol
LOC111134235	1058	111134235	LOC111134235	cytochrome b5-like	protein-coding	Symbol
LOC111134393	1058	111134393	LOC111134393	uncharacterized LOC111134393	protein-coding	Symbol
LOC111138391	1058	111138391	LOC111138391	pre-mRNA-processing factor 19-like	protein-coding	Symbol
LOC111104287	1057	111104287	LOC111104287	uncharacterized LOC111104287	protein-coding	Symbol
LOC111107339	1057	111107339	LOC111107339	uncharacterized LOC111107339	protein-coding	Symbol
LOC111108357	1057	111108357	LOC111108357	uncharacterized LOC111108357	protein-coding	Symbol
LOC111116361	1056	NA	NA	NA	NA	NA
LOC111118834	1056	111118834	LOC111118834	ubiquitin carboxyl-terminal hydrolase 7-like	protein-coding	Symbol
LOC111130300	1056	111130300	LOC111130300	26S proteasome regulatory subunit 6B	protein-coding	Symbol
LOC111133595	1056	NA	NA	NA	NA	NA
LOC111137933	1056	111137933	LOC111137933	cell adhesion molecule Dscam2-like	protein-coding	Symbol
LOC111118011	1055	111118011	LOC111118011	uncharacterized LOC111118011	protein-coding	Symbol
LOC111137183	1055	111137183	LOC111137183	AP-1 complex subunit beta-1-like	protein-coding	Symbol
LOC111120388	1054	NA	NA	NA	NA	NA
LOC111120591	1054	111120591	LOC111120591	protein disulfide-isomerase-like	protein-coding	Symbol
LOC111125229	1054	111125229	LOC111125229	WW domain-containing adapter protein with coiled-coil-like	protein-coding	Symbol
LOC111128892	1054	111128892	LOC111128892	REST corepressor 1-like	protein-coding	Symbol
LOC111128971	1054	111128971	LOC111128971	double-stranded RNA-specific editase 1-like	protein-coding	Symbol
LOC111129482	1054	111129482	LOC111129482	WD repeat-containing protein 26-like	protein-coding	Symbol
LOC111134655	1054	111134655	LOC111134655	merlin-like	protein-coding	Symbol
LOC111135053	1054	111135053	LOC111135053	E3 ubiquitin-protein ligase TRIM71-like	protein-coding	Symbol
LOC111106364	1053	111106364	LOC111106364	protein SEC13 homolog	protein-coding	Symbol
LOC111107099	1053	NA	NA	NA	NA	NA
LOC111112392	1053	NA	NA	NA	NA	NA
LOC111118665	1053	111118665	LOC111118665	phenylalanine--tRNA ligase alpha subunit-like	protein-coding	Symbol
LOC111120036	1053	111120036	LOC111120036	guanine nucleotide-binding protein subunit alpha-12-like	protein-coding	Symbol
LOC111126105	1053	111126105	LOC111126105	uncharacterized LOC111126105	protein-coding	Symbol
LOC111099573	1052	111099573	LOC111099573	26S proteasome non-ATPase regulatory subunit 2-like	protein-coding	Symbol
LOC111121777	1052	111121777	LOC111121777	uncharacterized LOC111121777	protein-coding	Symbol
LOC111123814	1052	111123814	LOC111123814	carbohydrate sulfotransferase 1-like	protein-coding	Symbol
LOC111132264	1052	111132264	LOC111132264	uncharacterized LOC111132264	protein-coding	Symbol
LOC111132762	1052	111132762	LOC111132762	cytochrome c oxidase subunit 6A2, mitochondrial-like	protein-coding	Symbol
LOC111103788	1051	111103788	LOC111103788	prefoldin subunit 3-like	protein-coding	Symbol
LOC111105974	1051	111105974	LOC111105974	stress response protein NhaX-like	protein-coding	Symbol
LOC111108486	1051	NA	NA	NA	NA	NA
LOC111112707	1051	NA	NA	NA	NA	NA
LOC111123886	1051	NA	NA	NA	NA	NA
LOC111131030	1051	111131030	LOC111131030	regulator of microtubule dynamics protein 2-like	protein-coding	Symbol
LOC111136787	1051	111136787	LOC111136787	NADH dehydrogenase [ubiquinone] 1 beta subcomplex subunit 5, mitochondrial-like	protein-coding	Symbol
LOC111106022	1050	111106022	LOC111106022	plexin-A4-like	protein-coding	Symbol
LOC111125224	1050	111125224	LOC111125224	outer dense fiber protein 2-like	protein-coding	Symbol
LOC111128360	1050	111128360	LOC111128360	transmembrane protein 41B-like	protein-coding	Symbol
LOC111099143	1049	111099143	LOC111099143	glyceraldehyde-3-phosphate dehydrogenase	protein-coding	Symbol
LOC111108591	1049	111108591	LOC111108591	NADH dehydrogenase [ubiquinone] 1 beta subcomplex subunit 11, mitochondrial-like	protein-coding	Symbol
LOC111110338	1049	NA	NA	NA	NA	NA
LOC111118029	1049	111118029	LOC111118029	eukaryotic translation initiation factor 3 subunit E-like	protein-coding	Symbol
LOC111131818	1049	111131818	LOC111131818	ras-related protein Rab-10-like	protein-coding	Symbol
LOC111135127	1049	111135127	LOC111135127	GRB10-interacting GYF protein 2-like	protein-coding	Symbol
LOC111100279	1048	111100279	LOC111100279	histone-lysine N-methyltransferase NSD2-like	protein-coding	Symbol
LOC111120293	1048	111120293	LOC111120293	uncharacterized LOC111120293	protein-coding	Symbol
LOC111130626	1048	111130626	LOC111130626	fermitin family homolog 2-like	protein-coding	Symbol
LOC111132123	1048	111132123	LOC111132123	protein regulator of cytokinesis 1-like	protein-coding	Symbol
LOC111104824	1047	NA	NA	NA	NA	NA
LOC111115065	1047	111115065	LOC111115065	ras-related protein Rab-8A-like	protein-coding	Symbol
LOC111129824	1047	111129824	LOC111129824	DNA damage-binding protein 1-like	protein-coding	Symbol
LOC111119071	1046	111119071	LOC111119071	large ribosomal subunit protein uL11-like	protein-coding	Symbol
LOC111126281	1046	111126281	LOC111126281	small ribosomal subunit protein uS13	protein-coding	Symbol
LOC111128727	1046	111128727	LOC111128727	uncharacterized LOC111128727	protein-coding	Symbol
LOC111115080	1045	111115080	LOC111115080	retinol dehydrogenase 13-like	protein-coding	Symbol
LOC111118647	1045	111118647	LOC111118647	actin, cytoplasmic 1	protein-coding	Symbol
LOC111120184	1045	111120184	LOC111120184	rab11 family-interacting protein 4-like	protein-coding	Symbol
LOC111126879	1045	NA	NA	NA	NA	NA
LOC111127900	1045	NA	NA	NA	NA	NA
LOC111128020	1045	111128020	LOC111128020	COMM domain-containing protein 10-like	protein-coding	Symbol
LOC111129317	1045	111129317	LOC111129317	lim and transglutaminase domain protein ltd-1-like	protein-coding	Symbol
LOC111125248	1044	111125248	LOC111125248	lymphoid-specific helicase-like	protein-coding	Symbol
LOC111127437	1044	111127437	LOC111127437	large ribosomal subunit protein uL29-like	protein-coding	Symbol
LOC111128773	1044	NA	NA	NA	NA	NA
LOC111130036	1044	NA	NA	NA	NA	NA
LOC111132857	1044	111132857	LOC111132857	transcription elongation factor SPT6-like	protein-coding	Symbol
LOC111103612	1043	111103612	LOC111103612	ATP-dependent DNA helicase RecQ-like	pseudo	Symbol
LOC111117950	1043	111117950	LOC111117950	uncharacterized LOC111117950	protein-coding	Symbol
LOC111123951	1043	111123951	LOC111123951	cyclin-G1-like	protein-coding	Symbol
LOC111125196	1043	NA	NA	NA	NA	NA
LOC111128765	1043	111128765	LOC111128765	signal recognition particle 9 kDa protein-like	protein-coding	Symbol
LOC111131212	1043	111131212	LOC111131212	dihydrolipoyllysine-residue succinyltransferase component of 2-oxoglutarate dehydrogenase complex, mitochondrial-like	protein-coding	Symbol
LOC111131409	1043	111131409	LOC111131409	sodium/glucose cotransporter 4-like	protein-coding	Symbol
LOC111124403	1042	NA	NA	NA	NA	NA
LOC111129825	1042	111129825	LOC111129825	exportin-1-like	protein-coding	Symbol
LOC111133930	1042	111133930	LOC111133930	meiotic recombination protein REC8 homolog	protein-coding	Symbol
LOC111134525	1042	111134525	LOC111134525	uncharacterized LOC111134525	protein-coding	Symbol
LOC111112645	1041	111112645	LOC111112645	cytochrome c-like	protein-coding	Symbol
LOC111132573	1041	111132573	LOC111132573	transferrin 2-like	protein-coding	Symbol
LOC111138224	1041	111138224	LOC111138224	protein NipSnap homolog 3A-like	protein-coding	Symbol
LOC111106015	1040	111106015	LOC111106015	mesencephalic astrocyte-derived neurotrophic factor homolog	protein-coding	Symbol
LOC111113547	1040	111113547	LOC111113547	uncharacterized LOC111113547	protein-coding	Symbol
LOC111125209	1040	111125209	LOC111125209	protocadherin Fat 1-like	protein-coding	Symbol
LOC111136265	1040	111136265	LOC111136265	GTPase NRas	protein-coding	Symbol
LOC111136465	1040	111136465	LOC111136465	transcription elongation factor SPT4-like	protein-coding	Symbol
LOC111103399	1039	NA	NA	NA	NA	NA
LOC111108354	1039	111108354	LOC111108354	RING1 and YY1-binding protein-like	protein-coding	Symbol
LOC111108463	1039	111108463	LOC111108463	uncharacterized LOC111108463	protein-coding	Symbol
LOC111111171	1039	111111171	LOC111111171	RNA polymerase-associated protein RTF1 homolog	protein-coding	Symbol
LOC111112957	1039	111112957	LOC111112957	uncharacterized LOC111112957	protein-coding	Symbol
LOC111119688	1039	111119688	LOC111119688	uncharacterized LOC111119688	protein-coding	Symbol
LOC111121337	1039	NA	NA	NA	NA	NA
LOC111122219	1039	111122219	LOC111122219	uncharacterized LOC111122219	protein-coding	Symbol
LOC111134752	1039	111134752	LOC111134752	PDZ domain-containing protein 7-like	protein-coding	Symbol
LOC111136042	1039	111136042	LOC111136042	DNA replication licensing factor mcm7-like	protein-coding	Symbol
LOC111104901	1038	NA	NA	NA	NA	NA
LOC111131216	1038	111131216	LOC111131216	ubiquitin-ribosomal protein eS31 fusion protein	protein-coding	Symbol
LOC111110185	1037	111110185	LOC111110185	ubiquitin-conjugating enzyme E2 N	protein-coding	Symbol
LOC111114778	1037	111114778	LOC111114778	small ribosomal subunit protein eS27-like	protein-coding	Symbol
LOC111115985	1037	NA	NA	NA	NA	NA
LOC111120673	1037	111120673	LOC111120673	proliferating cell nuclear antigen-like	protein-coding	Symbol
LOC111133136	1037	111133136	LOC111133136	NAD(P) transhydrogenase, mitochondrial-like	protein-coding	Symbol
LOC111109348	1036	111109348	LOC111109348	uncharacterized LOC111109348	protein-coding	Symbol
LOC111120610	1036	111120610	LOC111120610	receptor-type guanylate cyclase Gyc76C-like	protein-coding	Symbol
LOC111123110	1036	111123110	LOC111123110	cell division control protein 6 homolog	protein-coding	Symbol
LOC111129888	1036	111129888	LOC111129888	endoplasmic reticulum lectin 1-like	protein-coding	Symbol
LOC111134599	1036	111134599	LOC111134599	ARF GTPase-activating protein GIT2-like	protein-coding	Symbol
LOC111109700	1035	111109700	LOC111109700	MICOS complex subunit mic25-a-like	protein-coding	Symbol
LOC111124561	1035	111124561	LOC111124561	serine/threonine-protein kinase SIK2-like	protein-coding	Symbol
LOC111135522	1034	111135522	LOC111135522	renin receptor-like	protein-coding	Symbol
LOC111100475	1033	111100475	LOC111100475	hexokinase type 2-like	protein-coding	Symbol
LOC111120897	1033	111120897	LOC111120897	deoxynucleotidyltransferase terminal-interacting protein 2-like	protein-coding	Symbol
LOC111134817	1033	111134817	LOC111134817	E3 ubiquitin-protein ligase TRIP12-like	protein-coding	Symbol
LOC111136845	1033	111136845	LOC111136845	rab5 GDP/GTP exchange factor-like	protein-coding	Symbol
LOC111109250	1032	111109250	LOC111109250	uncharacterized LOC111109250	protein-coding	Symbol
LOC111105027	1030	NA	NA	NA	NA	NA
LOC111114035	1030	111114035	LOC111114035	uncharacterized LOC111114035	protein-coding	Symbol
LOC111119732	1030	111119732	LOC111119732	neurocalcin	protein-coding	Symbol
LOC111122309	1030	111122309	LOC111122309	long-chain-fatty-acid--CoA ligase 5-like	protein-coding	Symbol
LOC111122629	1030	111122629	LOC111122629	rab GTPase-activating protein 1-like	protein-coding	Symbol
LOC111134707	1030	111134707	LOC111134707	uncharacterized LOC111134707	protein-coding	Symbol
LOC111137343	1030	111137343	LOC111137343	uncharacterized LOC111137343	protein-coding	Symbol
LOC111118429	1029	111118429	LOC111118429	trifunctional enzyme subunit beta, mitochondrial-like	protein-coding	Symbol
LOC111125945	1029	111125945	LOC111125945	scavenger receptor cysteine-rich domain-containing protein DMBT1-like	protein-coding	Symbol
LOC111134196	1029	111134196	LOC111134196	FERM, ARHGEF and pleckstrin domain-containing protein 2-like	protein-coding	Symbol
LOC111135849	1029	111135849	LOC111135849	large ribosomal subunit protein eL13-like	protein-coding	Symbol
LOC111137665	1029	111137665	LOC111137665	uncharacterized LOC111137665	protein-coding	Symbol
LOC111108305	1028	111108305	LOC111108305	thioredoxin reductase 1, cytoplasmic-like	protein-coding	Symbol
LOC111123746	1028	111123746	LOC111123746	tubulin beta chain-like	protein-coding	Symbol
LOC111125413	1028	111125413	LOC111125413	GTP-binding protein 4-like	protein-coding	Symbol
LOC111135074	1028	111135074	LOC111135074	uncharacterized LOC111135074	protein-coding	Symbol
LOC111138392	1028	111138392	LOC111138392	inositol 1,4,5-trisphosphate-gated calcium channel ITPR2-like	protein-coding	Symbol
LOC111115774	1027	111115774	LOC111115774	transmembrane emp24 domain-containing protein 7-like	protein-coding	Symbol
LOC111121238	1027	111121238	LOC111121238	uncharacterized LOC111121238	protein-coding	Symbol
LOC111128545	1027	111128545	LOC111128545	protein disulfide-isomerase A3-like	protein-coding	Symbol
LOC111118371	1026	111118371	LOC111118371	uncharacterized LOC111118371	protein-coding	Symbol
LOC111121575	1026	111121575	LOC111121575	UPF0561 protein C2orf68 homolog	protein-coding	Symbol
LOC111123952	1026	111123952	LOC111123952	cyclin-I-like	protein-coding	Symbol
LOC111103780	1025	111103780	LOC111103780	ubiquitin carboxyl-terminal hydrolase 47-like	protein-coding	Symbol
LOC111115940	1025	111115940	LOC111115940	secernin-2-like	protein-coding	Symbol
LOC111121485	1025	111121485	LOC111121485	uncharacterized LOC111121485	protein-coding	Symbol
LOC111121601	1025	111121601	LOC111121601	large ribosomal subunit protein eL18-like	protein-coding	Symbol
LOC111108384	1024	111108384	LOC111108384	uncharacterized LOC111108384	protein-coding	Symbol
LOC111106945	1023	NA	NA	NA	NA	NA
LOC111125022	1023	NA	NA	NA	NA	NA
LOC111125980	1023	111125980	LOC111125980	U1 small nuclear ribonucleoprotein C-like	protein-coding	Symbol
LOC111132175	1023	111132175	LOC111132175	Golgi SNAP receptor complex member 1-like	protein-coding	Symbol
LOC111136215	1023	NA	NA	NA	NA	NA
LOC111101276	1022	NA	NA	NA	NA	NA
LOC111133758	1022	111133758	LOC111133758	polycomb group RING finger protein 1-like	protein-coding	Symbol
LOC111108555	1021	NA	NA	NA	NA	NA
LOC111119664	1020	111119664	LOC111119664	uncharacterized LOC111119664	protein-coding	Symbol
LOC111122193	1020	111122193	LOC111122193	very long chain fatty acid elongase 7-like	protein-coding	Symbol
LOC111125320	1020	111125320	LOC111125320	hemicentin-1-like	protein-coding	Symbol
LOC111128758	1020	111128758	LOC111128758	uncharacterized LOC111128758	protein-coding	Symbol
LOC111100319	1019	111100319	LOC111100319	uncharacterized LOC111100319	protein-coding	Symbol
LOC111104049	1019	111104049	LOC111104049	cytochrome c oxidase subunit NDUFA4-like	protein-coding	Symbol
LOC111108386	1019	111108386	LOC111108386	uncharacterized LOC111108386	protein-coding	Symbol
LOC111109860	1019	NA	NA	NA	NA	NA
LOC111133687	1019	111133687	LOC111133687	segment polarity protein dishevelled homolog DVL-3-like	protein-coding	Symbol
LOC111134531	1019	111134531	LOC111134531	transcription elongation regulator 1-like	protein-coding	Symbol
LOC111119593	1018	111119593	LOC111119593	NACHT and WD repeat domain-containing protein 2-like	protein-coding	Symbol
LOC111122060	1018	111122060	LOC111122060	neuronal acetylcholine receptor subunit alpha-5-like	protein-coding	Symbol
LOC111135002	1018	111135002	LOC111135002	NF-kappa-B inhibitor-interacting Ras-like protein 1	protein-coding	Symbol
LOC111099428	1017	111099428	LOC111099428	uncharacterized LOC111099428	protein-coding	Symbol
LOC111120233	1017	111120233	LOC111120233	uncharacterized LOC111120233	protein-coding	Symbol
LOC111125664	1017	111125664	LOC111125664	upstream stimulatory factor 2-like	protein-coding	Symbol
LOC111129147	1017	111129147	LOC111129147	protein phosphatase 1B-like	protein-coding	Symbol
LOC111134439	1017	111134439	LOC111134439	lissencephaly-1 homolog	protein-coding	Symbol
LOC111100501	1016	111100501	LOC111100501	uncharacterized LOC111100501	protein-coding	Symbol
LOC111114597	1016	111114597	LOC111114597	ATP synthase subunit beta, mitochondrial	protein-coding	Symbol
LOC111136830	1016	NA	NA	NA	NA	NA
LOC111108182	1015	111108182	LOC111108182	proteasome subunit alpha type-5-like	protein-coding	Symbol
LOC111121972	1015	111121972	LOC111121972	ran-binding protein 3-like	protein-coding	Symbol
LOC111124177	1015	111124177	LOC111124177	uncharacterized LOC111124177	protein-coding	Symbol
LOC111135545	1015	111135545	LOC111135545	DNA replication licensing factor mcm4-A-like	protein-coding	Symbol
LOC111108512	1014	111108512	LOC111108512	uncharacterized LOC111108512	protein-coding	Symbol
LOC111114718	1014	111114718	LOC111114718	large ribosomal subunit protein P1-like	protein-coding	Symbol
LOC111138077	1014	111138077	LOC111138077	putative ATP-dependent RNA helicase DDX27	protein-coding	Symbol
LOC111138286	1014	111138286	LOC111138286	transcription intermediary factor 1-alpha-like	protein-coding	Symbol
LOC111113138	1013	NA	NA	NA	NA	NA
LOC111122804	1013	111122804	LOC111122804	uncharacterized LOC111122804	protein-coding	Symbol
LOC111127230	1013	NA	NA	NA	NA	NA
LOC111128593	1013	111128593	LOC111128593	N-chimaerin-like	protein-coding	Symbol
LOC111130094	1013	111130094	LOC111130094	large ribosomal subunit protein uL4-like	protein-coding	Symbol
LOC111134200	1013	111134200	LOC111134200	piwi-like protein 1	protein-coding	Symbol
LOC111134621	1013	NA	NA	NA	NA	NA
LOC111137632	1013	NA	NA	NA	NA	NA
LOC111105882	1012	111105882	LOC111105882	argininosuccinate synthase-like	protein-coding	Symbol
LOC111119359	1012	111119359	LOC111119359	small ribosomal subunit protein eS24-like	protein-coding	Symbol
LOC111120515	1012	111120515	LOC111120515	serrate RNA effector molecule homolog	protein-coding	Symbol
LOC111121155	1012	111121155	LOC111121155	cell division cycle protein 27 homolog	protein-coding	Symbol
LOC111128858	1012	NA	NA	NA	NA	NA
LOC111102385	1011	111102385	LOC111102385	uncharacterized LOC111102385	protein-coding	Symbol
LOC111115125	1011	111115125	LOC111115125	phosphoserine aminotransferase-like	protein-coding	Symbol
LOC111120292	1011	NA	NA	NA	NA	NA
LOC111135077	1011	111135077	LOC111135077	small ribosomal subunit protein eS8-like	protein-coding	Symbol
LOC111116158	1010	111116158	LOC111116158	integrin beta-PS-like	protein-coding	Symbol
LOC111135338	1010	111135338	LOC111135338	7SK snRNA methylphosphate capping enzyme-like	protein-coding	Symbol
LOC111137295	1010	111137295	LOC111137295	chromodomain-helicase-DNA-binding protein 9-like	protein-coding	Symbol
LOC111100227	1009	111100227	LOC111100227	S-adenosylmethionine-dependent methyltransferase Rv2258c-like	protein-coding	Symbol
LOC111114471	1009	NA	NA	NA	NA	NA
LOC111121788	1009	111121788	LOC111121788	very long chain fatty acid elongase 6-like	protein-coding	Symbol
LOC111123128	1009	111123128	LOC111123128	ras-specific guanine nucleotide-releasing factor RalGPS1-like	protein-coding	Symbol
LOC111123634	1009	NA	NA	NA	NA	NA
LOC111103721	1008	NA	NA	NA	NA	NA
LOC111124119	1008	111124119	LOC111124119	uncharacterized LOC111124119	protein-coding	Symbol
LOC111124725	1008	111124725	LOC111124725	cell adhesion molecule 2-like	protein-coding	Symbol
LOC111135114	1008	111135114	LOC111135114	protein Mo25-like	protein-coding	Symbol
LOC111121650	1007	111121650	LOC111121650	uncharacterized LOC111121650	protein-coding	Symbol
LOC111121733	1007	111121733	LOC111121733	LIM and SH3 domain protein F42H10.3-like	protein-coding	Symbol
LOC111130016	1007	111130016	LOC111130016	neo-calmodulin-like	protein-coding	Symbol
LOC111101010	1006	111101010	LOC111101010	tubulin alpha chain, testis-specific-like	protein-coding	Symbol
LOC111130346	1006	111130346	LOC111130346	DNA polymerase delta subunit 2-like	protein-coding	Symbol
LOC111131763	1006	NA	NA	NA	NA	NA
LOC111110608	1005	111110608	LOC111110608	histone-lysine N-methyltransferase SUV39H2-like	protein-coding	Symbol
LOC111110313	1004	111110313	LOC111110313	serine--tRNA ligase, cytoplasmic-like	protein-coding	Symbol
LOC111120816	1004	111120816	LOC111120816	uncharacterized LOC111120816	protein-coding	Symbol
LOC111105116	1003	111105116	LOC111105116	wee1-like protein kinase 1-A	protein-coding	Symbol
LOC111121410	1003	NA	NA	NA	NA	NA
LOC111126368	1003	111126368	LOC111126368	uncharacterized LOC111126368	pseudo	Symbol
LOC111103868	1002	111103868	LOC111103868	centrosomal protein 43-like	protein-coding	Symbol
LOC111120794	1002	111120794	LOC111120794	splicing factor 3B subunit 6-like	protein-coding	Symbol
LOC111100962	1001	111100962	LOC111100962	protein ECT2-like	protein-coding	Symbol
LOC111117764	1001	111117764	LOC111117764	uncharacterized LOC111117764	protein-coding	Symbol
LOC111122734	1001	111122734	LOC111122734	uncharacterized LOC111122734	protein-coding	Symbol
LOC111126776	1001	111126776	LOC111126776	replication protein A 14 kDa subunit-like	protein-coding	Symbol
LOC111130532	1001	111130532	LOC111130532	uncharacterized LOC111130532	protein-coding	Symbol
LOC111132653	1001	111132653	LOC111132653	inactive peptidyl-prolyl cis-trans isomerase FKBP6-like	protein-coding	Symbol
LOC111111172	1000	111111172	LOC111111172	cytoplasmic 60S subunit biogenesis factor ZNF622-like	protein-coding	Symbol
LOC111116264	1000	111116264	LOC111116264	ornithine decarboxylase antizyme 1-like	protein-coding	Symbol
LOC111099162	999	111099162	LOC111099162	ER membrane protein complex subunit 4-like	protein-coding	Symbol
LOC111101152	999	111101152	LOC111101152	succinate--CoA ligase [ADP/GDP-forming] subunit alpha, mitochondrial-like	protein-coding	Symbol
LOC111115992	999	111115992	LOC111115992	receptor-type tyrosine-protein phosphatase alpha-like	protein-coding	Symbol
LOC111122172	999	111122172	LOC111122172	disks large homolog 5-like	protein-coding	Symbol
LOC111125783	999	111125783	LOC111125783	uncharacterized LOC111125783	protein-coding	Symbol
LOC111118836	998	111118836	LOC111118836	uncharacterized LOC111118836	protein-coding	Symbol
LOC111119905	998	111119905	LOC111119905	growth factor receptor-bound protein 2-like	protein-coding	Symbol
LOC111120818	998	111120818	LOC111120818	ectonucleotide pyrophosphatase/phosphodiesterase family member 5-like	protein-coding	Symbol
LOC111107629	996	111107629	LOC111107629	leucine-rich repeat neuronal protein 1-like	protein-coding	Symbol
LOC111100561	995	111100561	LOC111100561	ubiquitin carboxyl-terminal hydrolase 9X-like	protein-coding	Symbol
LOC111117154	995	111117154	LOC111117154	uncharacterized LOC111117154	protein-coding	Symbol
LOC111119923	995	111119923	LOC111119923	uncharacterized LOC111119923	protein-coding	Symbol
LOC111124387	995	NA	NA	NA	NA	NA
LOC111129901	995	111129901	LOC111129901	ectonucleoside triphosphate diphosphohydrolase 5-like	protein-coding	Symbol
LOC111138028	995	111138028	LOC111138028	septin-2-like	protein-coding	Symbol
LOC111129661	994	NA	NA	NA	NA	NA
LOC111130741	994	NA	NA	NA	NA	NA
LOC111137315	994	111137315	LOC111137315	FGFR1 oncogene partner 2 homolog	protein-coding	Symbol
LOC111118049	993	111118049	LOC111118049	eukaryotic translation initiation factor 2 subunit 1-like	protein-coding	Symbol
LOC111118811	993	111118811	LOC111118811	KAT8 regulatory NSL complex subunit 2-like	protein-coding	Symbol
LOC111121875	993	111121875	LOC111121875	uncharacterized LOC111121875	protein-coding	Symbol
LOC111123662	993	111123662	LOC111123662	enhancer of polycomb homolog 1-like	protein-coding	Symbol
LOC111135434	993	NA	NA	NA	NA	NA
LOC111101036	992	111101036	LOC111101036	protein hu-li tai shao-like	protein-coding	Symbol
LOC111099122	991	111099122	LOC111099122	derlin-1-like	protein-coding	Symbol
LOC111118540	991	111118540	LOC111118540	small ribosomal subunit protein uS2-like	protein-coding	Symbol
LOC111121263	991	111121263	LOC111121263	eukaryotic translation initiation factor 4E-like	protein-coding	Symbol
LOC111122940	991	111122940	LOC111122940	rho family-interacting cell polarization regulator 2-like	protein-coding	Symbol
LOC111131115	991	111131115	LOC111131115	zwei Ig domain protein zig-8-like	protein-coding	Symbol
LOC111138253	991	NA	NA	NA	NA	NA
LOC111104190	990	NA	NA	NA	NA	NA
LOC111120619	990	111120619	LOC111120619	large ribosomal subunit protein eL37A-like	protein-coding	Symbol
LOC111124677	990	111124677	LOC111124677	uncharacterized LOC111124677	pseudo	Symbol
LOC111136212	990	111136212	LOC111136212	profilin-1-like	protein-coding	Symbol
LOC111119269	989	111119269	LOC111119269	small ribosomal subunit protein RACK1	protein-coding	Symbol
LOC111109549	988	NA	NA	NA	NA	NA
LOC111124910	988	111124910	LOC111124910	protein meiotic P26-like	protein-coding	Symbol
LOC111136050	988	111136050	LOC111136050	histone acetyltransferase KAT7-like	protein-coding	Symbol
LOC111107790	987	NA	NA	NA	NA	NA
LOC111115959	987	111115959	LOC111115959	transmembrane protein 233-like	protein-coding	Symbol
LOC111122163	987	111122163	LOC111122163	DNA (cytosine-5)-methyltransferase 3B-like	protein-coding	Symbol
LOC111122649	987	111122649	LOC111122649	large proline-rich protein BAG6-like	protein-coding	Symbol
LOC111118468	986	111118468	LOC111118468	IQ motif and ankyrin repeat domain-containing protein 1-like	protein-coding	Symbol
LOC111136857	986	111136857	LOC111136857	uncharacterized LOC111136857	protein-coding	Symbol
LOC111129594	985	111129594	LOC111129594	protein rolling stone-like	protein-coding	Symbol
LOC111133384	985	111133384	LOC111133384	guanine nucleotide-binding protein G(s) subunit alpha-like	protein-coding	Symbol
LOC111119159	984	111119159	LOC111119159	terminal uridylyltransferase 4-like	protein-coding	Symbol
LOC111125659	984	111125659	LOC111125659	procollagen galactosyltransferase 1-like	protein-coding	Symbol
LOC111130076	984	111130076	LOC111130076	BRO1 domain-containing protein BROX-like	protein-coding	Symbol
LOC111133353	984	111133353	LOC111133353	BBSome-interacting protein 1-like	protein-coding	Symbol
LOC111101137	983	NA	NA	NA	NA	NA
LOC111120825	983	111120825	LOC111120825	uncharacterized LOC111120825	protein-coding	Symbol
LOC111125406	982	111125406	LOC111125406	protocadherin beta-2-like	protein-coding	Symbol
LOC111129362	982	NA	NA	NA	NA	NA
LOC111102762	981	111102762	LOC111102762	U1 small nuclear ribonucleoprotein A-like	protein-coding	Symbol
LOC111106193	981	111106193	LOC111106193	plexin-A2-like	protein-coding	Symbol
LOC111101611	980	111101611	LOC111101611	golgin subfamily A member 7-like	protein-coding	Symbol
LOC111124750	980	111124750	LOC111124750	uncharacterized LOC111124750	protein-coding	Symbol
LOC111129269	980	111129269	LOC111129269	potassium/sodium hyperpolarization-activated cyclic nucleotide-gated channel 3-like	protein-coding	Symbol
LOC111134541	980	111134541	LOC111134541	uncharacterized LOC111134541	protein-coding	Symbol
LOC111107357	979	111107357	LOC111107357	F-actin-capping protein subunit alpha-1-like	protein-coding	Symbol
LOC111110107	979	111110107	LOC111110107	uncharacterized LOC111110107	protein-coding	Symbol
LOC111113628	979	NA	NA	NA	NA	NA
LOC111124903	979	111124903	LOC111124903	endoplasmic reticulum chaperone BiP	protein-coding	Symbol
LOC111129596	979	111129596	LOC111129596	uncharacterized LOC111129596	protein-coding	Symbol
LOC111131917	979	111131917	LOC111131917	serine/threonine-protein kinase 38-like	protein-coding	Symbol
LOC111132796	979	111132796	LOC111132796	mid1-interacting protein 1A-like	protein-coding	Symbol
LOC111126986	978	111126986	LOC111126986	uncharacterized LOC111126986	protein-coding	Symbol
LOC111136056	978	111136056	LOC111136056	golgin-45-like	protein-coding	Symbol
LOC111103623	977	111103623	LOC111103623	zygotic DNA replication licensing factor mcm6-like	protein-coding	Symbol
LOC111118508	977	111118508	LOC111118508	NADH dehydrogenase [ubiquinone] iron-sulfur protein 5-like	protein-coding	Symbol
LOC111124407	977	111124407	LOC111124407	UPAR/Ly6 domain-containing protein cold-like	protein-coding	Symbol
LOC111118780	976	NA	NA	NA	NA	NA
LOC111122417	975	111122417	LOC111122417	PITH domain-containing protein CG6153-like	protein-coding	Symbol
LOC111114900	974	111114900	LOC111114900	uncharacterized LOC111114900	protein-coding	Symbol
LOC111114496	973	111114496	LOC111114496	coatomer subunit epsilon-like	protein-coding	Symbol
LOC111121165	973	111121165	LOC111121165	poly(A)-specific ribonuclease PARN-like	protein-coding	Symbol
LOC111137158	973	111137158	LOC111137158	beta-1,3-galactosyltransferase 1-like	protein-coding	Symbol
LOC111108282	972	111108282	LOC111108282	rho guanine nucleotide exchange factor 3-like	protein-coding	Symbol
LOC111128975	972	111128975	LOC111128975	uncharacterized LOC111128975	protein-coding	Symbol
LOC111103110	971	NA	NA	NA	NA	NA
LOC111128498	971	111128498	LOC111128498	uncharacterized LOC111128498	protein-coding	Symbol
LOC111130599	971	111130599	LOC111130599	putative E3 ubiquitin-protein ligase UBR7	protein-coding	Symbol
LOC111130771	971	NA	NA	NA	NA	NA
LOC111136691	971	111136691	LOC111136691	uncharacterized LOC111136691	protein-coding	Symbol
LOC111099534	970	NA	NA	NA	NA	NA
LOC111114988	970	111114988	LOC111114988	tyrosine-protein kinase Fer-like	protein-coding	Symbol
LOC111120187	970	111120187	LOC111120187	brefeldin A-inhibited guanine nucleotide-exchange protein 1-like	protein-coding	Symbol
LOC111133529	970	111133529	LOC111133529	lysosomal aspartic protease-like	protein-coding	Symbol
LOC111136515	969	111136515	LOC111136515	NADH dehydrogenase [ubiquinone] iron-sulfur protein 3, mitochondrial-like	protein-coding	Symbol
LOC111137901	969	111137901	LOC111137901	mediator of RNA polymerase II transcription subunit 21-like	protein-coding	Symbol
LOC111116519	968	111116519	LOC111116519	catenin delta-1-like	protein-coding	Symbol
LOC111108544	967	NA	NA	NA	NA	NA
LOC111114633	967	111114633	LOC111114633	uncharacterized LOC111114633	protein-coding	Symbol
LOC111126788	967	111126788	LOC111126788	histone-lysine N-methyltransferase 2A-like	protein-coding	Symbol
LOC111130411	967	111130411	LOC111130411	proteasome subunit alpha type-4-like	protein-coding	Symbol
LOC111134828	967	111134828	LOC111134828	alpha-1,6-mannosyl-glycoprotein 2-beta-N-acetylglucosaminyltransferase-like	protein-coding	Symbol
LOC111135412	967	111135412	LOC111135412	ubiquitin-associated and SH3 domain-containing protein B-like	protein-coding	Symbol
LOC111136483	967	111136483	LOC111136483	apoptosis-inducing factor 3-like	protein-coding	Symbol
LOC111121876	966	111121876	LOC111121876	uncharacterized LOC111121876	protein-coding	Symbol
LOC111125091	966	111125091	LOC111125091	von Willebrand factor D and EGF domain-containing protein-like	protein-coding	Symbol
LOC111105692	965	111105692	LOC111105692	elongation factor Tu-like	protein-coding	Symbol
LOC111112117	965	111112117	LOC111112117	dnaJ homolog subfamily B member 6-like	protein-coding	Symbol
LOC111114573	964	111114573	LOC111114573	uncharacterized LOC111114573	protein-coding	Symbol
LOC111115361	964	111115361	LOC111115361	uncharacterized LOC111115361	protein-coding	Symbol
LOC111130844	964	111130844	LOC111130844	actin maturation protease-like	protein-coding	Symbol
LOC111119034	963	NA	NA	NA	NA	NA
LOC111124901	963	111124901	LOC111124901	histone H3.3A	protein-coding	Symbol
LOC111100082	962	111100082	LOC111100082	uncharacterized LOC111100082	pseudo	Symbol
LOC111109407	962	111109407	LOC111109407	uncharacterized LOC111109407	protein-coding	Symbol
LOC111127151	962	111127151	LOC111127151	guanylate cyclase soluble subunit beta-1-like	protein-coding	Symbol
LOC111118640	961	111118640	LOC111118640	NADH dehydrogenase [ubiquinone] iron-sulfur protein 6, mitochondrial-like	protein-coding	Symbol
LOC111126731	961	111126731	LOC111126731	zinc finger CCCH domain-containing protein 15-like	protein-coding	Symbol
LOC111136577	961	111136577	LOC111136577	uncharacterized LOC111136577	protein-coding	Symbol
LOC111111300	960	111111300	LOC111111300	uncharacterized LOC111111300	protein-coding	Symbol
LOC111131721	960	111131721	LOC111131721	origin recognition complex subunit 4-like	protein-coding	Symbol
LOC111127552	959	NA	NA	NA	NA	NA
LOC111131032	959	111131032	LOC111131032	uncharacterized LOC111131032	protein-coding	Symbol
LOC111136854	959	111136854	LOC111136854	uncharacterized LOC111136854	protein-coding	Symbol
LOC111105293	958	111105293	LOC111105293	26S proteasome non-ATPase regulatory subunit 13-like	protein-coding	Symbol
LOC111113993	958	NA	NA	NA	NA	NA
LOC111116311	958	111116311	LOC111116311	mRNA-capping enzyme-like	protein-coding	Symbol
LOC111117735	958	111117735	LOC111117735	uncharacterized LOC111117735	protein-coding	Symbol
LOC111122022	958	111122022	LOC111122022	membrane protein BRI3-like	protein-coding	Symbol
LOC111129427	958	NA	NA	NA	NA	NA
LOC111119736	957	111119736	LOC111119736	rho-associated protein kinase 1-like	protein-coding	Symbol
LOC111135408	957	111135408	LOC111135408	vesicle-associated membrane protein 3-like	protein-coding	Symbol
LOC111130851	956	NA	NA	NA	NA	NA
LOC111131392	956	111131392	LOC111131392	CD82 antigen-like	protein-coding	Symbol
LOC111135802	956	111135802	LOC111135802	H/ACA ribonucleoprotein complex subunit DKC1-like	protein-coding	Symbol
LOC111118595	955	111118595	LOC111118595	transcription elongation factor 1 homolog	protein-coding	Symbol
LOC111122128	955	111122128	LOC111122128	ubiquitin carboxyl-terminal hydrolase 39-like	protein-coding	Symbol
LOC111126993	955	111126993	LOC111126993	uncharacterized LOC111126993	protein-coding	Symbol
LOC111116045	954	NA	NA	NA	NA	NA
LOC111118372	954	111118372	LOC111118372	uncharacterized LOC111118372	protein-coding	Symbol
LOC111133773	954	111133773	LOC111133773	uncharacterized LOC111133773	protein-coding	Symbol
LOC111136733	954	111136733	LOC111136733	nucleolysin TIAR-like	protein-coding	Symbol
LOC111112973	953	111112973	LOC111112973	uncharacterized LOC111112973	protein-coding	Symbol
LOC111114596	953	111114596	LOC111114596	pyridoxine-5'-phosphate oxidase-like	protein-coding	Symbol
LOC111126578	953	111126578	LOC111126578	short coiled-coil protein B-like	protein-coding	Symbol
LOC111128805	953	111128805	LOC111128805	N-alpha-acetyltransferase 40-like	protein-coding	Symbol
LOC111136890	953	111136890	LOC111136890	large ribosomal subunit protein uL29m-like	protein-coding	Symbol
LOC111137144	953	111137144	LOC111137144	protein CASP-like	protein-coding	Symbol
LOC111111223	952	111111223	LOC111111223	uncharacterized LOC111111223	protein-coding	Symbol
LOC111118104	952	111118104	LOC111118104	large ribosomal subunit protein uL14	protein-coding	Symbol
LOC111108747	951	111108747	LOC111108747	uncharacterized LOC111108747	protein-coding	Symbol
LOC111119860	951	111119860	LOC111119860	aminopeptidase A-like	protein-coding	Symbol
LOC111127760	951	111127760	LOC111127760	ubiquitin carboxyl-terminal hydrolase 3-like	protein-coding	Symbol
LOC111129295	951	111129295	LOC111129295	E3 SUMO-protein ligase PIAS3-like	protein-coding	Symbol
LOC111130297	951	111130297	LOC111130297	rho guanine nucleotide exchange factor 28-like	protein-coding	Symbol
LOC111120425	950	111120425	LOC111120425	uncharacterized LOC111120425	protein-coding	Symbol
LOC111120863	950	111120863	LOC111120863	ATP-dependent RNA helicase DDX50-like	protein-coding	Symbol
LOC111134455	950	111134455	LOC111134455	GMP synthase [glutamine-hydrolyzing]-like	protein-coding	Symbol
LOC111101256	949	111101256	LOC111101256	sorting nexin-12-like	protein-coding	Symbol
LOC111103794	949	111103794	LOC111103794	pre-mRNA-splicing regulator WTAP-like	protein-coding	Symbol
LOC111120602	949	111120602	LOC111120602	ADP-ribosylation factor GTPase-activating protein 1-like	protein-coding	Symbol
LOC111125652	949	111125652	LOC111125652	eukaryotic translation initiation factor 3 subunit F-like	protein-coding	Symbol
LOC111110478	948	NA	NA	NA	NA	NA
LOC111110780	947	111110780	LOC111110780	PAN2-PAN3 deadenylation complex catalytic subunit PAN2-like	protein-coding	Symbol
LOC111103299	946	NA	NA	NA	NA	NA
LOC111116352	946	111116352	LOC111116352	uncharacterized LOC111116352	protein-coding	Symbol
LOC111122282	946	NA	NA	NA	NA	NA
LOC111131301	946	111131301	LOC111131301	synaptosomal-associated protein 25-like	protein-coding	Symbol
LOC111135433	946	111135433	LOC111135433	RNA-binding protein Musashi homolog Rbp6-like	protein-coding	Symbol
LOC111135733	946	111135733	LOC111135733	alanine--tRNA ligase, cytoplasmic-like	protein-coding	Symbol
LOC111113701	945	NA	NA	NA	NA	NA
LOC111126320	945	111126320	LOC111126320	uncharacterized LOC111126320	protein-coding	Symbol
LOC111133889	945	111133889	LOC111133889	programmed cell death protein 5-like	protein-coding	Symbol
LOC111101262	944	111101262	LOC111101262	eukaryotic translation initiation factor 4 gamma 2-like	protein-coding	Symbol
LOC111114426	944	111114426	LOC111114426	NEDD8-conjugating enzyme Ubc12	protein-coding	Symbol
LOC111120025	944	111120025	LOC111120025	uncharacterized LOC111120025	protein-coding	Symbol
LOC111130507	944	111130507	LOC111130507	G kinase-anchoring protein 1-A-like	protein-coding	Symbol
LOC111134357	944	NA	NA	NA	NA	NA
LOC111122872	943	NA	NA	NA	NA	NA
LOC111124585	943	111124585	LOC111124585	endoplasmic reticulum mannosyl-oligosaccharide 1,2-alpha-mannosidase-like	protein-coding	Symbol
LOC111125593	943	111125593	LOC111125593	uncharacterized LOC111125593	protein-coding	Symbol
LOC111128345	943	111128345	LOC111128345	S-adenosyl-L-methionine-dependent tRNA 4-demethylwyosine synthase TYW1-like	protein-coding	Symbol
LOC111130152	943	111130152	LOC111130152	bromodomain adjacent to zinc finger domain protein 1A-like	protein-coding	Symbol
LOC111132180	943	111132180	LOC111132180	borealin-like	protein-coding	Symbol
LOC111123833	942	111123833	LOC111123833	uncharacterized LOC111123833	protein-coding	Symbol
LOC111132332	942	111132332	LOC111132332	electrogenic aspartate/glutamate antiporter SLC25A13, mitochondrial-like	protein-coding	Symbol
LOC111134515	942	NA	NA	NA	NA	NA
LOC111123963	941	111123963	LOC111123963	microspherule protein 1-like	protein-coding	Symbol
LOC111137330	941	111137330	LOC111137330	aurora kinase A-like	protein-coding	Symbol
LOC111126361	940	111126361	LOC111126361	putative pterin-4-alpha-carbinolamine dehydratase	protein-coding	Symbol
LOC111132033	940	111132033	LOC111132033	apoptosis inhibitor 5-like	protein-coding	Symbol
LOC111132921	940	111132921	LOC111132921	uncharacterized LOC111132921	protein-coding	Symbol
LOC111122651	939	111122651	LOC111122651	proteasome subunit beta type-1-like	protein-coding	Symbol
LOC111121120	938	111121120	LOC111121120	digestive cysteine proteinase 1-like	protein-coding	Symbol
LOC111123657	938	111123657	LOC111123657	uncharacterized LOC111123657	protein-coding	Symbol
LOC111123784	938	111123784	LOC111123784	NEDD4-binding protein 2-like	protein-coding	Symbol
LOC111125319	938	111125319	LOC111125319	DDB1- and CUL4-associated factor 8-like	protein-coding	Symbol
LOC111125723	938	111125723	LOC111125723	histidine--tRNA ligase-like	protein-coding	Symbol
LOC111126333	938	111126333	LOC111126333	malignant T-cell-amplified sequence 1 homolog	protein-coding	Symbol
LOC111136452	938	111136452	LOC111136452	14-3-3 protein beta/alpha-B pseudogene	pseudo	Symbol
LOC111120645	936	111120645	LOC111120645	protein Hook homolog 3-like	protein-coding	Symbol
LOC111136149	936	111136149	LOC111136149	TBC1 domain family member 10A-like	protein-coding	Symbol
LOC111118127	935	111118127	LOC111118127	calcium and integrin-binding family member 2-like	protein-coding	Symbol
LOC111120531	935	111120531	LOC111120531	uncharacterized LOC111120531	protein-coding	Symbol
LOC111123938	935	111123938	LOC111123938	uncharacterized LOC111123938	protein-coding	Symbol
LOC111124578	935	111124578	LOC111124578	E3 ubiquitin-protein ligase PPP1R11-like	protein-coding	Symbol
LOC111130275	935	111130275	LOC111130275	protein fem-1 homolog C-like	protein-coding	Symbol
LOC111134353	934	111134353	LOC111134353	neural-cadherin-like	protein-coding	Symbol
LOC111115771	933	111115771	LOC111115771	electron transfer flavoprotein subunit alpha, mitochondrial-like	protein-coding	Symbol
LOC111119781	933	111119781	LOC111119781	uncharacterized LOC111119781	protein-coding	Symbol
LOC111103455	932	111103455	LOC111103455	uncharacterized LOC111103455	protein-coding	Symbol
LOC111131713	931	111131713	LOC111131713	collagen alpha-6(VI) chain-like	protein-coding	Symbol
LOC111136770	931	111136770	LOC111136770	aspartyl aminopeptidase-like	protein-coding	Symbol
LOC111122401	930	111122401	LOC111122401	uncharacterized LOC111122401	protein-coding	Symbol
LOC111130564	930	111130564	LOC111130564	uncharacterized LOC111130564	protein-coding	Symbol
LOC111135402	930	111135402	LOC111135402	uncharacterized LOC111135402	protein-coding	Symbol
LOC111101032	929	111101032	LOC111101032	uncharacterized LOC111101032	protein-coding	Symbol
LOC111115830	929	NA	NA	NA	NA	NA
LOC111099594	928	NA	NA	NA	NA	NA
LOC111129819	928	111129819	LOC111129819	atlastin-2-like	protein-coding	Symbol
LOC111132080	927	111132080	LOC111132080	protein FAM43A-like	protein-coding	Symbol
LOC111135352	927	111135352	LOC111135352	signal peptidase complex subunit 1-like	protein-coding	Symbol
LOC111099965	926	NA	NA	NA	NA	NA
LOC111100353	926	111100353	LOC111100353	uncharacterized LOC111100353	protein-coding	Symbol
LOC111111505	926	111111505	LOC111111505	26S proteasome regulatory subunit 8	protein-coding	Symbol
LOC111119912	925	111119912	LOC111119912	uncharacterized LOC111119912	protein-coding	Symbol
LOC111135944	925	111135944	LOC111135944	partitioning defective 6 homolog gamma-like	protein-coding	Symbol
LOC111104018	924	111104018	LOC111104018	proteasome subunit alpha type-1-like	protein-coding	Symbol
LOC111114559	923	NA	NA	NA	NA	NA
LOC111116966	923	111116966	LOC111116966	uncharacterized LOC111116966	protein-coding	Symbol
LOC111123809	923	111123809	LOC111123809	uncharacterized LOC111123809	protein-coding	Symbol
LOC111128460	923	111128460	LOC111128460	uncharacterized LOC111128460	protein-coding	Symbol
LOC111117660	921	111117660	LOC111117660	charged multivesicular body protein 6-B-like	protein-coding	Symbol
LOC111135126	921	111135126	LOC111135126	ATPase MORC2-like	protein-coding	Symbol
LOC111110132	920	NA	NA	NA	NA	NA
LOC111116430	920	111116430	LOC111116430	uncharacterized LOC111116430	protein-coding	Symbol
LOC111121539	920	111121539	LOC111121539	peptidyl-prolyl cis-trans isomerase A-like	protein-coding	Symbol
LOC111124337	920	111124337	LOC111124337	transmembrane protein 41A-like	protein-coding	Symbol
LOC111128842	920	NA	NA	NA	NA	NA
LOC111125049	919	111125049	LOC111125049	rab9 effector protein with kelch motifs-like	protein-coding	Symbol
LOC111129738	919	NA	NA	NA	NA	NA
LOC111112595	918	NA	NA	NA	NA	NA
LOC111118247	918	111118247	LOC111118247	peroxiredoxin prdx-2-like	protein-coding	Symbol
LOC111128728	918	111128728	LOC111128728	uncharacterized LOC111128728	protein-coding	Symbol
LOC111130347	918	111130347	LOC111130347	stress-induced-phosphoprotein 1	protein-coding	Symbol
LOC111106750	917	NA	NA	NA	NA	NA
LOC111118710	917	111118710	LOC111118710	vasculin-like protein 1	protein-coding	Symbol
LOC111112031	916	111112031	LOC111112031	ras-specific guanine nucleotide-releasing factor 2-like	protein-coding	Symbol
LOC111121042	916	111121042	LOC111121042	nuclear distribution protein nudE homolog 1-like	protein-coding	Symbol
LOC111136563	916	111136563	LOC111136563	translin-like	protein-coding	Symbol
LOC111137692	916	111137692	LOC111137692	large ribosomal subunit protein bL12m-like	protein-coding	Symbol
LOC111117745	915	111117745	LOC111117745	uncharacterized LOC111117745	protein-coding	Symbol
LOC111124593	915	111124593	LOC111124593	ubiquitin-fold modifier 1	protein-coding	Symbol
LOC111099523	914	111099523	LOC111099523	CD40 ligand-like	protein-coding	Symbol
LOC111123483	914	111123483	LOC111123483	uncharacterized LOC111123483	protein-coding	Symbol
LOC111131657	914	111131657	LOC111131657	uncharacterized LOC111131657	protein-coding	Symbol
LOC111102916	913	111102916	LOC111102916	c-Myc-binding protein-like	protein-coding	Symbol
LOC111103017	913	111103017	LOC111103017	snake venom 5'-nucleotidase-like	protein-coding	Symbol
LOC111116697	913	111116697	LOC111116697	cytoplasmic polyadenylation element-binding protein 1-like	protein-coding	Symbol
LOC111128843	913	111128843	LOC111128843	uncharacterized LOC111128843	protein-coding	Symbol
LOC111132325	913	111132325	LOC111132325	GATOR1 complex protein NPRL2-like	protein-coding	Symbol
LOC111132918	913	111132918	LOC111132918	guanylate binding protein 128up	protein-coding	Symbol
LOC111136290	913	111136290	LOC111136290	ornithine aminotransferase, mitochondrial-like	protein-coding	Symbol
LOC111136891	913	111136891	LOC111136891	uncharacterized LOC111136891	protein-coding	Symbol
LOC111138040	913	111138040	LOC111138040	soma ferritin-like	protein-coding	Symbol
LOC111138100	913	111138100	LOC111138100	methylenetetrahydrofolate reductase (NADPH)-like	protein-coding	Symbol
LOC111120584	912	111120584	LOC111120584	uncharacterized LOC111120584	protein-coding	Symbol
LOC111126321	912	NA	NA	NA	NA	NA
LOC111133766	912	111133766	LOC111133766	NADH dehydrogenase [ubiquinone] 1 beta subcomplex subunit 9-like	protein-coding	Symbol
LOC111112915	911	111112915	LOC111112915	ras-related protein Ral-A-like	protein-coding	Symbol
LOC111112939	911	111112939	LOC111112939	protein mono-ADP-ribosyltransferase PARP3-like	protein-coding	Symbol
LOC111114165	911	NA	NA	NA	NA	NA
LOC111120630	911	111120630	LOC111120630	carboxypeptidase E-like	protein-coding	Symbol
LOC111126676	911	111126676	LOC111126676	protein mono-ADP-ribosyltransferase PARP14-like	protein-coding	Symbol
LOC111129116	911	111129116	LOC111129116	alpha-soluble NSF attachment protein-like	protein-coding	Symbol
LOC111137439	911	111137439	LOC111137439	E3 ubiquitin-protein ligase MIB1-like	protein-coding	Symbol
LOC111113960	909	NA	NA	NA	NA	NA
LOC111133198	909	111133198	LOC111133198	hillarin-like	protein-coding	Symbol
LOC111134042	909	111134042	LOC111134042	ephrin type-A receptor 4-like	protein-coding	Symbol
LOC111137217	909	111137217	LOC111137217	DDB1- and CUL4-associated factor 13-like	protein-coding	Symbol
LOC111121367	908	111121367	LOC111121367	uncharacterized LOC111121367	protein-coding	Symbol
LOC111128137	908	111128137	LOC111128137	uncharacterized LOC111128137	protein-coding	Symbol
LOC111134954	908	111134954	LOC111134954	vacuolar protein sorting-associated protein 29	protein-coding	Symbol
LOC111135079	908	111135079	LOC111135079	phosphoinositide 3-kinase regulatory subunit 4-like	protein-coding	Symbol
LOC111137638	908	111137638	LOC111137638	nucleolar protein 56-like	protein-coding	Symbol
LOC111104388	907	111104388	LOC111104388	small ribosomal subunit protein eS4-like	protein-coding	Symbol
LOC111116906	907	111116906	LOC111116906	52 kDa repressor of the inhibitor of the protein kinase-like	protein-coding	Symbol
LOC111131638	907	111131638	LOC111131638	translation initiation factor IF-2, mitochondrial-like	protein-coding	Symbol
LOC111136404	907	111136404	LOC111136404	cell cycle control protein 50A-like	protein-coding	Symbol
LOC111118864	906	111118864	LOC111118864	uncharacterized LOC111118864	protein-coding	Symbol
LOC111135519	906	111135519	LOC111135519	palmitoyltransferase ZDHHC16B-like	protein-coding	Symbol
LOC111104407	905	111104407	LOC111104407	soma ferritin-like	protein-coding	Symbol
LOC111120406	905	NA	NA	NA	NA	NA
LOC111122604	905	111122604	LOC111122604	uncharacterized LOC111122604	protein-coding	Symbol
LOC111125937	905	111125937	LOC111125937	pre-mRNA-splicing factor SYF1-like	protein-coding	Symbol
LOC111130965	905	111130965	LOC111130965	uncharacterized LOC111130965	protein-coding	Symbol
LOC111135187	905	111135187	LOC111135187	uncharacterized LOC111135187	protein-coding	Symbol
LOC111110377	904	111110377	LOC111110377	uncharacterized LOC111110377	protein-coding	Symbol
LOC111119409	904	111119409	LOC111119409	cyclin-G-associated kinase-like	protein-coding	Symbol
LOC111121920	903	111121920	LOC111121920	serine hydroxymethyltransferase-like	protein-coding	Symbol
LOC111131630	902	111131630	LOC111131630	zinc finger RNA-binding protein-like	protein-coding	Symbol
LOC111132407	902	NA	NA	NA	NA	NA
LOC111133044	902	111133044	LOC111133044	calsyntenin-1-like	protein-coding	Symbol
LOC111136554	902	111136554	LOC111136554	nucleoporin NUP35-like	protein-coding	Symbol
LOC111101391	901	111101391	LOC111101391	1-acyl-sn-glycerol-3-phosphate acyltransferase delta-like	protein-coding	Symbol
LOC111133692	901	111133692	LOC111133692	pleckstrin homology domain-containing family A member 2-like	protein-coding	Symbol
LOC111134423	901	111134423	LOC111134423	rho guanine nucleotide exchange factor 7-like	protein-coding	Symbol
LOC111103293	900	NA	NA	NA	NA	NA
LOC111133476	900	111133476	LOC111133476	uncharacterized LOC111133476	protein-coding	Symbol
LOC111133803	900	111133803	LOC111133803	FMRFamide receptor-like	protein-coding	Symbol
LOC111122859	899	111122859	LOC111122859	uncharacterized LOC111122859	protein-coding	Symbol
LOC111129890	899	111129890	LOC111129890	serine/threonine-protein phosphatase 2A 56 kDa regulatory subunit	protein-coding	Symbol
LOC111128268	898	111128268	LOC111128268	DNA repair protein RAD51 homolog 1	protein-coding	Symbol
LOC111134680	898	111134680	LOC111134680	endoplasmic reticulum-Golgi intermediate compartment protein 1-like	protein-coding	Symbol
LOC111101374	897	111101374	LOC111101374	tetraspanin-33-like	protein-coding	Symbol
LOC111121357	897	111121357	LOC111121357	maternal embryonic leucine zipper kinase-like	protein-coding	Symbol
LOC111121958	897	111121958	LOC111121958	suppressor of SWI4 1 homolog	protein-coding	Symbol
LOC111112385	896	111112385	LOC111112385	uncharacterized LOC111112385	protein-coding	Symbol
LOC111113124	896	111113124	LOC111113124	vacuolar protein sorting-associated protein 41 homolog	protein-coding	Symbol
LOC111121616	896	111121616	LOC111121616	protein phosphatase 1G-like	protein-coding	Symbol
LOC111125241	896	111125241	LOC111125241	uncharacterized LOC111125241	protein-coding	Symbol
LOC111118095	895	111118095	LOC111118095	uncharacterized LOC111118095	protein-coding	Symbol
LOC111130690	895	111130690	LOC111130690	activated RNA polymerase II transcriptional coactivator p15-like	protein-coding	Symbol
LOC111120757	894	111120757	LOC111120757	protein lin-54 homolog	protein-coding	Symbol
LOC111124746	894	111124746	LOC111124746	septin-11-like	protein-coding	Symbol
LOC111120952	893	111120952	LOC111120952	large ribosomal subunit protein mL55-like	protein-coding	Symbol
LOC111122827	893	111122827	LOC111122827	laminin subunit gamma-1-like	protein-coding	Symbol
LOC111127162	893	111127162	LOC111127162	mitoguardin 2-like	protein-coding	Symbol
LOC111128974	893	111128974	LOC111128974	apoptosis-stimulating of p53 protein 2-like	protein-coding	Symbol
LOC111136341	893	111136341	LOC111136341	protein lifeguard 1-like	protein-coding	Symbol
LOC111109693	892	111109693	LOC111109693	sugar phosphate exchanger 3-like	protein-coding	Symbol
LOC111123912	892	111123912	LOC111123912	histone-lysine N-methyltransferase EZH2-like	protein-coding	Symbol
LOC111129794	892	111129794	LOC111129794	heat shock factor 2-binding protein-like	protein-coding	Symbol
LOC111107731	891	NA	NA	NA	NA	NA
LOC111118072	891	111118072	LOC111118072	phosphatidylinositol 3-kinase regulatory subunit alpha-like	protein-coding	Symbol
LOC111120604	891	111120604	LOC111120604	uncharacterized LOC111120604	protein-coding	Symbol
LOC111121890	891	111121890	LOC111121890	microtubule-associated serine/threonine-protein kinase 3-like	protein-coding	Symbol
LOC111136061	891	111136061	LOC111136061	uncharacterized LOC111136061	protein-coding	Symbol
LOC111137420	891	111137420	LOC111137420	dolichyl-diphosphooligosaccharide--protein glycosyltransferase subunit STT3A-like	protein-coding	Symbol
LOC111136154	890	111136154	LOC111136154	uncharacterized LOC111136154	protein-coding	Symbol
LOC111138404	890	NA	NA	NA	NA	NA
LOC111135473	889	111135473	LOC111135473	uncharacterized LOC111135473	protein-coding	Symbol
LOC111136035	889	111136035	LOC111136035	inhibitor of growth protein 5-like	protein-coding	Symbol
LOC111111564	888	111111564	LOC111111564	cathepsin B-like	protein-coding	Symbol
LOC111119686	888	111119686	LOC111119686	4-aminobutyrate aminotransferase, mitochondrial-like	protein-coding	Symbol
LOC111122777	888	111122777	LOC111122777	uncharacterized LOC111122777	protein-coding	Symbol
LOC111123885	888	111123885	LOC111123885	uncharacterized LOC111123885	protein-coding	Symbol
LOC111137474	888	111137474	LOC111137474	uncharacterized LOC111137474	protein-coding	Symbol
LOC111120143	887	111120143	LOC111120143	uncharacterized LOC111120143	protein-coding	Symbol
LOC111130398	887	111130398	LOC111130398	monocarboxylate transporter 12-like	protein-coding	Symbol
LOC111110739	886	111110739	LOC111110739	uncharacterized LOC111110739	protein-coding	Symbol
LOC111117746	886	111117746	LOC111117746	transmembrane protein 214-B-like	protein-coding	Symbol
LOC111104293	885	111104293	LOC111104293	nucleoporin Nup37-like	protein-coding	Symbol
LOC111119124	885	111119124	LOC111119124	uncharacterized LOC111119124	ncRNA	Symbol
LOC111119222	884	111119222	LOC111119222	proliferation-associated protein 2G4-like	protein-coding	Symbol
LOC111134551	884	111134551	LOC111134551	AP-1 complex subunit sigma-2	protein-coding	Symbol
LOC111113848	883	111113848	LOC111113848	uncharacterized LOC111113848	protein-coding	Symbol
LOC111114690	883	111114690	LOC111114690	cytosolic 10-formyltetrahydrofolate dehydrogenase-like	protein-coding	Symbol
LOC111121661	883	111121661	LOC111121661	zinc finger protein Noc-like	protein-coding	Symbol
LOC111125101	883	111125101	LOC111125101	uncharacterized LOC111125101	protein-coding	Symbol
LOC111137796	883	111137796	LOC111137796	myelin expression factor 2-like	protein-coding	Symbol
LOC111138514	883	111138514	LOC111138514	MTOR-associated protein MEAK7-like	protein-coding	Symbol
LOC111128398	882	111128398	LOC111128398	thyrotropin-releasing hormone receptor-like	protein-coding	Symbol
LOC111128756	882	111128756	LOC111128756	integrator complex subunit 7-like	protein-coding	Symbol
LOC111125749	881	111125749	LOC111125749	beta-alanine-activating enzyme-like	protein-coding	Symbol
LOC111125294	880	111125294	LOC111125294	ras-related GTP-binding protein C-like	protein-coding	Symbol
LOC111126815	880	111126815	LOC111126815	vesicle-fusing ATPase 1-like	protein-coding	Symbol
LOC111127492	880	111127492	LOC111127492	multifunctional protein ADE2-like	protein-coding	Symbol
LOC111135601	880	111135601	LOC111135601	uncharacterized LOC111135601	protein-coding	Symbol
LOC111100303	879	111100303	LOC111100303	uncharacterized LOC111100303	protein-coding	Symbol
LOC111122645	879	111122645	LOC111122645	uncharacterized LOC111122645	protein-coding	Symbol
LOC111099227	878	111099227	LOC111099227	uncharacterized LOC111099227	protein-coding	Symbol
LOC111106025	878	111106025	LOC111106025	intraflagellar transport protein 57 homolog	protein-coding	Symbol
LOC111113575	878	NA	NA	NA	NA	NA
LOC111116408	878	111116408	LOC111116408	uncharacterized LOC111116408	pseudo	Symbol
LOC111130462	878	NA	NA	NA	NA	NA
LOC111132026	878	111132026	LOC111132026	uncharacterized LOC111132026	protein-coding	Symbol
LOC111130101	877	111130101	LOC111130101	serine/threonine/tyrosine-interacting protein B-like	protein-coding	Symbol
LOC111133856	877	111133856	LOC111133856	thioredoxin-related transmembrane protein 2 homolog	protein-coding	Symbol
LOC111134927	877	111134927	LOC111134927	uncharacterized LOC111134927	protein-coding	Symbol
LOC111105594	876	111105594	LOC111105594	uncharacterized LOC111105594	protein-coding	Symbol
LOC111110127	876	111110127	LOC111110127	G-protein coupled receptor dmsr-1-like	protein-coding	Symbol
LOC111138125	876	111138125	LOC111138125	unconventional myosin-Ic-like	protein-coding	Symbol
LOC111130554	875	111130554	LOC111130554	protein JTB-like	protein-coding	Symbol
LOC111100380	874	111100380	LOC111100380	protein timeless-like	protein-coding	Symbol
LOC111110207	874	NA	NA	NA	NA	NA
LOC111125883	874	111125883	LOC111125883	calpain-15-like	protein-coding	Symbol
LOC111118558	873	111118558	LOC111118558	calcium-activated potassium channel slowpoke-like	protein-coding	Symbol
LOC111124560	873	111124560	LOC111124560	THO complex subunit 2-like	protein-coding	Symbol
LOC111125042	873	111125042	LOC111125042	uncharacterized LOC111125042	protein-coding	Symbol
LOC111117002	872	111117002	LOC111117002	large ribosomal subunit protein bL32m-like	protein-coding	Symbol
LOC111118329	872	111118329	LOC111118329	cytochrome c oxidase subunit 5B, mitochondrial-like	protein-coding	Symbol
LOC111125808	872	111125808	LOC111125808	uncharacterized LOC111125808	protein-coding	Symbol
LOC111132067	872	111132067	LOC111132067	cytospin-A-like	protein-coding	Symbol
LOC111118796	871	111118796	LOC111118796	uncharacterized LOC111118796	protein-coding	Symbol
LOC111114011	870	111114011	LOC111114011	uncharacterized LOC111114011	protein-coding	Symbol
LOC111123307	870	NA	NA	NA	NA	NA
LOC111131769	870	111131769	LOC111131769	uncharacterized LOC111131769	protein-coding	Symbol
LOC111133214	870	111133214	LOC111133214	putative ATP-dependent RNA helicase Pl10	protein-coding	Symbol
LOC111122897	869	111122897	LOC111122897	replication factor C subunit 3-like	protein-coding	Symbol
LOC111124897	869	111124897	LOC111124897	peroxisomal biogenesis factor 19-like	protein-coding	Symbol
LOC111131349	868	111131349	LOC111131349	seipin-like	protein-coding	Symbol
LOC111133381	868	111133381	LOC111133381	ceramide kinase-like	protein-coding	Symbol
LOC111135315	868	111135315	LOC111135315	uncharacterized LOC111135315	protein-coding	Symbol
LOC111103367	866	111103367	LOC111103367	palmitoyltransferase ZDHHC14-like	protein-coding	Symbol
LOC111130184	866	111130184	LOC111130184	tyrosine-protein phosphatase non-receptor type 14-like	protein-coding	Symbol
LOC111134057	866	111134057	LOC111134057	uncharacterized LOC111134057	protein-coding	Symbol
LOC111108105	865	111108105	LOC111108105	uncharacterized LOC111108105	protein-coding	Symbol
LOC111108284	865	111108284	LOC111108284	uncharacterized LOC111108284	pseudo	Symbol
LOC111114348	865	111114348	LOC111114348	solute carrier family 25 member 32-like	protein-coding	Symbol
LOC111123344	865	111123344	LOC111123344	metal-response element-binding transcription factor 2-like	protein-coding	Symbol
LOC111129205	865	111129205	LOC111129205	polycystin-1-like protein 2	protein-coding	Symbol
LOC111136703	865	111136703	LOC111136703	muscle LIM protein Mlp84B-like	protein-coding	Symbol
LOC111126234	864	111126234	LOC111126234	pleiotropic regulator 1-like	protein-coding	Symbol
LOC111133190	864	111133190	LOC111133190	large ribosomal subunit protein uL23m-like	protein-coding	Symbol
LOC111122223	863	111122223	LOC111122223	uncharacterized LOC111122223	protein-coding	Symbol
LOC111131013	863	111131013	LOC111131013	THO complex subunit 7 homolog	protein-coding	Symbol
LOC111103907	862	NA	NA	NA	NA	NA
LOC111128793	862	111128793	LOC111128793	nuclear cap-binding protein subunit 1-like	protein-coding	Symbol
LOC111108664	861	111108664	LOC111108664	uncharacterized LOC111108664	protein-coding	Symbol
LOC111118701	861	111118701	LOC111118701	nucleosome-remodeling factor subunit BPTF-like	protein-coding	Symbol
LOC111126972	861	111126972	LOC111126972	protein PHTF2-like	protein-coding	Symbol
LOC111132500	861	NA	NA	NA	NA	NA
LOC111113405	860	111113405	LOC111113405	1-deoxyxylulose-5-phosphate synthase YajO-like	protein-coding	Symbol
LOC111122042	859	111122042	LOC111122042	NAD kinase 2, mitochondrial-like	protein-coding	Symbol
LOC111122318	859	NA	NA	NA	NA	NA
LOC111129903	859	111129903	LOC111129903	calcineurin subunit B type 1	protein-coding	Symbol
LOC111136065	859	111136065	LOC111136065	BTB/POZ domain-containing protein KCTD7-like	protein-coding	Symbol
LOC111119941	858	111119941	LOC111119941	uncharacterized LOC111119941	protein-coding	Symbol
LOC111135121	858	111135121	LOC111135121	glutathione S-transferase A-like	protein-coding	Symbol
LOC111103701	857	NA	NA	NA	NA	NA
LOC111118338	856	111118338	LOC111118338	26S proteasome non-ATPase regulatory subunit 12-like	protein-coding	Symbol
LOC111128041	856	111128041	LOC111128041	potassium channel subfamily T member 2-like	protein-coding	Symbol
LOC111100768	855	111100768	LOC111100768	NADH dehydrogenase [ubiquinone] 1 alpha subcomplex subunit 9, mitochondrial-like	protein-coding	Symbol
LOC111100903	855	111100903	LOC111100903	U4/U6.U5 small nuclear ribonucleoprotein 27 kDa protein-like	protein-coding	Symbol
LOC111109289	855	111109289	LOC111109289	laminin subunit beta-1-like	protein-coding	Symbol
LOC111114456	855	111114456	LOC111114456	AP-4 complex subunit epsilon-1-like	protein-coding	Symbol
LOC111128206	855	111128206	LOC111128206	uncharacterized LOC111128206	protein-coding	Symbol
LOC111133299	855	NA	NA	NA	NA	NA
LOC111134482	855	111134482	LOC111134482	eukaryotic translation initiation factor 3 subunit C-like	protein-coding	Symbol
LOC111103926	854	111103926	LOC111103926	eukaryotic translation initiation factor 2 subunit 3-like	protein-coding	Symbol
LOC111108711	854	111108711	LOC111108711	uncharacterized LOC111108711	protein-coding	Symbol
LOC111114055	854	111114055	LOC111114055	uncharacterized LOC111114055	protein-coding	Symbol
LOC111120527	854	111120527	LOC111120527	zinc finger SWIM domain-containing protein 8-like	protein-coding	Symbol
LOC111121417	853	111121417	LOC111121417	mRNA export factor-like	protein-coding	Symbol
LOC111131091	853	111131091	LOC111131091	delta(3,5)-Delta(2,4)-dienoyl-CoA isomerase, mitochondrial-like	protein-coding	Symbol
LOC111110930	852	111110930	LOC111110930	cyclin-dependent kinase 5-like	protein-coding	Symbol
LOC111119248	852	111119248	LOC111119248	regulator of telomere elongation helicase 1-like	protein-coding	Symbol
LOC111120472	852	111120472	LOC111120472	uncharacterized LOC111120472	protein-coding	Symbol
LOC111110471	851	NA	NA	NA	NA	NA
LOC111123842	851	111123842	LOC111123842	U3 small nucleolar ribonucleoprotein IMP3-like	protein-coding	Symbol
LOC111112101	850	111112101	LOC111112101	galactosylceramide sulfotransferase-like	protein-coding	Symbol
LOC111132874	850	111132874	LOC111132874	DNA ligase-like	protein-coding	Symbol
LOC111136948	850	111136948	LOC111136948	uncharacterized LOC111136948	protein-coding	Symbol
LOC111104432	849	111104432	LOC111104432	tumor necrosis factor alpha-induced protein 3-like	protein-coding	Symbol
LOC111107813	849	111107813	LOC111107813	methyl-CpG-binding domain protein 4-like	protein-coding	Symbol
LOC111099628	848	111099628	LOC111099628	uncharacterized LOC111099628	protein-coding	Symbol
LOC111127056	848	NA	NA	NA	NA	NA
LOC111136847	848	111136847	LOC111136847	protein APCDD1-like	protein-coding	Symbol
LOC111104062	847	111104062	LOC111104062	uncharacterized LOC111104062	protein-coding	Symbol
LOC111116974	847	111116974	LOC111116974	ATPase inhibitor mai-2, mitochondrial-like	protein-coding	Symbol
LOC111120087	847	111120087	LOC111120087	putative rRNA-processing protein EBP2	protein-coding	Symbol
LOC111124220	847	111124220	LOC111124220	LON peptidase N-terminal domain and RING finger protein 1-like	protein-coding	Symbol
LOC111136142	847	111136142	LOC111136142	RNA-binding protein FXR1-like	protein-coding	Symbol
LOC111099639	846	111099639	LOC111099639	dual specificity protein phosphatase 14-like	protein-coding	Symbol
LOC111107762	846	NA	NA	NA	NA	NA
LOC111130888	845	111130888	LOC111130888	transcriptional adapter 2-beta-like	protein-coding	Symbol
LOC111117350	844	NA	NA	NA	NA	NA
LOC111129848	844	NA	NA	NA	NA	NA
LOC111133240	843	111133240	LOC111133240	protein-tyrosine sulfotransferase 1-like	protein-coding	Symbol
LOC111137946	843	111137946	LOC111137946	telomerase protein component 1-like	protein-coding	Symbol
LOC111138069	843	111138069	LOC111138069	sphingomyelin phosphodiesterase 5-like	protein-coding	Symbol
LOC111114447	842	NA	NA	NA	NA	NA
LOC111127525	842	111127525	LOC111127525	uncharacterized LOC111127525	protein-coding	Symbol
LOC111135171	842	111135171	LOC111135171	uncharacterized LOC111135171	protein-coding	Symbol
LOC111114842	841	NA	NA	NA	NA	NA
LOC111137589	841	111137589	LOC111137589	gametogenetin-binding protein 2-like	protein-coding	Symbol
LOC111122846	840	111122846	LOC111122846	ATP synthase subunit C lysine N-methyltransferase-like	protein-coding	Symbol
LOC111133969	840	111133969	LOC111133969	mediator of RNA polymerase II transcription subunit 31-A-like	protein-coding	Symbol
LOC111135083	840	111135083	LOC111135083	uncharacterized LOC111135083	protein-coding	Symbol
LOC111135789	840	111135789	LOC111135789	uncharacterized LOC111135789	protein-coding	Symbol
LOC111137579	840	111137579	LOC111137579	heat shock 70 kDa protein 13-like	protein-coding	Symbol
LOC111131404	839	111131404	LOC111131404	U4/U6.U5 tri-snRNP-associated protein 1-like	protein-coding	Symbol
LOC111106223	838	111106223	LOC111106223	actin-related protein 2/3 complex subunit 4-like	protein-coding	Symbol
LOC111136127	838	111136127	LOC111136127	uncharacterized LOC111136127	protein-coding	Symbol
LOC111101867	837	111101867	LOC111101867	polyadenylate-binding protein-interacting protein 2-like	protein-coding	Symbol
LOC111118933	837	111118933	LOC111118933	uncharacterized LOC111118933	protein-coding	Symbol
LOC111123463	837	111123463	LOC111123463	large ribosomal subunit protein uL6-like	protein-coding	Symbol
LOC111125081	837	111125081	LOC111125081	beta-1,3-galactosyltransferase 1-like	protein-coding	Symbol
LOC111127354	837	NA	NA	NA	NA	NA
LOC111118877	836	111118877	LOC111118877	acetylcholinesterase-like	protein-coding	Symbol
LOC111129185	836	111129185	LOC111129185	F-box only protein 11-like	protein-coding	Symbol
LOC111132179	836	111132179	LOC111132179	transcriptional regulator protein Pur-beta-like	protein-coding	Symbol
LOC111122065	835	111122065	LOC111122065	exportin-2-like	protein-coding	Symbol
LOC111130419	835	111130419	LOC111130419	aldehyde dehydrogenase, mitochondrial-like	protein-coding	Symbol
LOC111117840	834	111117840	LOC111117840	uncharacterized LOC111117840	protein-coding	Symbol
LOC111119405	834	111119405	LOC111119405	protein phosphatase 1 regulatory subunit 42-like	protein-coding	Symbol
LOC111120664	834	111120664	LOC111120664	la-related protein 7-like	protein-coding	Symbol
LOC111130064	834	111130064	LOC111130064	semaphorin-1A-like	protein-coding	Symbol
LOC111108538	833	111108538	LOC111108538	GRIP1-associated protein 1-like	protein-coding	Symbol
LOC111120299	833	111120299	LOC111120299	serine/threonine-protein kinase 31-like	protein-coding	Symbol
LOC111124026	833	NA	NA	NA	NA	NA
LOC111136219	833	111136219	LOC111136219	kinesin-like protein KIFC3	protein-coding	Symbol
LOC111136579	833	111136579	LOC111136579	large ribosomal subunit protein mL51-like	protein-coding	Symbol
LOC111104671	832	111104671	LOC111104671	uncharacterized LOC111104671	protein-coding	Symbol
LOC111109363	832	NA	NA	NA	NA	NA
LOC111114201	832	111114201	LOC111114201	intermembrane lipid transfer protein VPS13B-like	protein-coding	Symbol
LOC111126520	832	111126520	LOC111126520	fasciclin-2-like	protein-coding	Symbol
LOC111126625	832	111126625	LOC111126625	torsin-1A-interacting protein 2-like	protein-coding	Symbol
LOC111136657	832	111136657	LOC111136657	uncharacterized LOC111136657	protein-coding	Symbol
LOC111137831	832	111137831	LOC111137831	uncharacterized LOC111137831	protein-coding	Symbol
LOC111108456	831	NA	NA	NA	NA	NA
LOC111134658	831	111134658	LOC111134658	uncharacterized LOC111134658	protein-coding	Symbol
LOC111133453	830	111133453	LOC111133453	2-methoxy-6-polyprenyl-1,4-benzoquinol methylase, mitochondrial-like	protein-coding	Symbol
LOC111118051	829	NA	NA	NA	NA	NA
LOC111121166	829	111121166	LOC111121166	bifunctional apoptosis regulator-like	protein-coding	Symbol
LOC111107413	828	111107413	LOC111107413	N-acylglucosamine 2-epimerase-like	protein-coding	Symbol
LOC111120321	828	111120321	LOC111120321	centrosomal protein of 131 kDa-like	protein-coding	Symbol
LOC111134328	828	111134328	LOC111134328	atypical protein kinase C-like	protein-coding	Symbol
LOC111133037	827	111133037	LOC111133037	NADH dehydrogenase [ubiquinone] 1 alpha subcomplex subunit 8-like	protein-coding	Symbol
LOC111107921	826	111107921	LOC111107921	uncharacterized LOC111107921	protein-coding	Symbol
LOC111114102	826	111114102	LOC111114102	uncharacterized LOC111114102	protein-coding	Symbol
LOC111127498	826	111127498	LOC111127498	epidermal growth factor receptor-like	protein-coding	Symbol
LOC111105879	825	111105879	LOC111105879	methylglutaconyl-CoA hydratase, mitochondrial-like	protein-coding	Symbol
LOC111121925	825	111121925	LOC111121925	intraflagellar transport protein 74 homolog	protein-coding	Symbol
LOC111137223	825	111137223	LOC111137223	transmembrane emp24 domain-containing protein 2-like	protein-coding	Symbol
LOC111123827	824	111123827	LOC111123827	uncharacterized LOC111123827	protein-coding	Symbol
LOC111136292	824	111136292	LOC111136292	peroxisomal membrane protein PEX14-like	protein-coding	Symbol
LOC111110741	823	111110741	LOC111110741	uncharacterized LOC111110741	protein-coding	Symbol
LOC111124936	822	NA	NA	NA	NA	NA
LOC111131695	822	NA	NA	NA	NA	NA
LOC111119837	821	111119837	LOC111119837	putative chitinase 10	protein-coding	Symbol
LOC111122888	821	111122888	LOC111122888	flavin-containing monooxygenase 5-like	protein-coding	Symbol
LOC111130050	821	111130050	LOC111130050	fibrocystin-L-like	protein-coding	Symbol
LOC111136668	821	111136668	LOC111136668	protein RER1-like	protein-coding	Symbol
LOC111102041	819	NA	NA	NA	NA	NA
LOC111121527	818	111121527	LOC111121527	CCR4-NOT transcription complex subunit 6-like	protein-coding	Symbol
LOC111126967	818	111126967	LOC111126967	uncharacterized LOC111126967	protein-coding	Symbol
LOC111133365	818	111133365	LOC111133365	pleckstrin homology domain-containing family M member 2-like	protein-coding	Symbol
LOC111135951	818	111135951	LOC111135951	uncharacterized LOC111135951	protein-coding	Symbol
LOC111100352	817	111100352	LOC111100352	transmembrane protein 256 homolog	protein-coding	Symbol
LOC111103801	817	111103801	LOC111103801	cell division cycle 5-like protein	protein-coding	Symbol
LOC111106010	817	111106010	LOC111106010	WD40 repeat-containing protein SMU1	protein-coding	Symbol
LOC111137794	817	NA	NA	NA	NA	NA
LOC111103804	816	NA	NA	NA	NA	NA
LOC111128087	816	111128087	LOC111128087	amine oxidase [flavin-containing] A-like	protein-coding	Symbol
LOC111132272	816	111132272	LOC111132272	cytochrome b5-like	protein-coding	Symbol
LOC111112296	815	111112296	LOC111112296	uncharacterized LOC111112296	protein-coding	Symbol
LOC111130373	814	111130373	LOC111130373	rap guanine nucleotide exchange factor 4-like	protein-coding	Symbol
LOC111130732	814	111130732	LOC111130732	ADP-ribosylation factor-like protein 2	protein-coding	Symbol
LOC111102390	813	111102390	LOC111102390	superoxide dismutase [Mn], mitochondrial-like	protein-coding	Symbol
LOC111106895	813	111106895	LOC111106895	uncharacterized LOC111106895	protein-coding	Symbol
LOC111124467	813	111124467	LOC111124467	phosphatidylinositol 4-kinase beta-like	protein-coding	Symbol
LOC111137786	813	111137786	LOC111137786	pyridoxal phosphate homeostasis protein-like	protein-coding	Symbol
LOC111138352	813	111138352	LOC111138352	ATP-dependent RNA helicase DDX19A-like	protein-coding	Symbol
LOC111106023	812	NA	NA	NA	NA	NA
LOC111119033	812	NA	NA	NA	NA	NA
LOC111123762	812	111123762	LOC111123762	uncharacterized LOC111123762	protein-coding	Symbol
LOC111133631	812	111133631	LOC111133631	cyclin-C-like	protein-coding	Symbol
LOC111134126	812	111134126	LOC111134126	uncharacterized LOC111134126	protein-coding	Symbol
LOC111100672	811	NA	NA	NA	NA	NA
LOC111118317	811	111118317	LOC111118317	uncharacterized LOC111118317	protein-coding	Symbol
LOC111126589	811	111126589	LOC111126589	von Hippel-Lindau disease tumor suppressor-like	protein-coding	Symbol
LOC111128595	811	111128595	LOC111128595	uncharacterized LOC111128595	protein-coding	Symbol
LOC111129196	811	111129196	LOC111129196	putative lipid scramblase CLPTM1	protein-coding	Symbol
LOC111120677	810	111120677	LOC111120677	bone morphogenetic protein receptor type-1B-like	protein-coding	Symbol
LOC111125429	810	111125429	LOC111125429	uncharacterized LOC111125429	protein-coding	Symbol
LOC111102361	809	111102361	LOC111102361	uncharacterized LOC111102361	protein-coding	Symbol
LOC111108641	809	NA	NA	NA	NA	NA
LOC111124526	809	111124526	LOC111124526	uncharacterized LOC111124526	protein-coding	Symbol
LOC111128923	809	NA	NA	NA	NA	NA
LOC111127422	808	111127422	LOC111127422	zinc finger protein ZPR1-like	protein-coding	Symbol
LOC111135070	808	111135070	LOC111135070	M-phase inducer phosphatase 1-like	protein-coding	Symbol
LOC111119805	807	111119805	LOC111119805	receptor-type tyrosine-protein phosphatase epsilon-like	protein-coding	Symbol
LOC111125129	807	111125129	LOC111125129	DNA topoisomerase 2-alpha-like	protein-coding	Symbol
LOC111126405	807	111126405	LOC111126405	ELMO domain-containing protein 2-like	protein-coding	Symbol
LOC111103411	806	111103411	LOC111103411	uncharacterized LOC111103411	protein-coding	Symbol
LOC111121655	806	111121655	LOC111121655	uncharacterized LOC111121655	protein-coding	Symbol
LOC111123208	806	111123208	LOC111123208	protein CNPPD1-like	protein-coding	Symbol
LOC111132223	806	111132223	LOC111132223	soluble guanylate cyclase 88E-like	protein-coding	Symbol
LOC111123610	805	111123610	LOC111123610	phosphorylase b kinase regulatory subunit alpha, liver isoform-like	protein-coding	Symbol
LOC111128659	805	111128659	LOC111128659	carnitine O-palmitoyltransferase 1, liver isoform-like	protein-coding	Symbol
LOC111135047	805	111135047	LOC111135047	GDP-D-glycero-alpha-D-manno-heptose dehydrogenase-like	protein-coding	Symbol
LOC111116537	804	NA	NA	NA	NA	NA
LOC111135467	804	111135467	LOC111135467	serine/threonine-protein kinase Pink1, mitochondrial-like	protein-coding	Symbol
LOC111136011	804	111136011	LOC111136011	3'-5' exoribonuclease 1-like	protein-coding	Symbol
LOC111100592	803	111100592	LOC111100592	uncharacterized LOC111100592	protein-coding	Symbol
LOC111103421	803	111103421	LOC111103421	transcription initiation factor TFIID subunit 13-like	protein-coding	Symbol
LOC111104584	803	NA	NA	NA	NA	NA
LOC111108442	802	111108442	LOC111108442	protein transport protein Sec61 subunit alpha	protein-coding	Symbol
LOC111116972	802	111116972	LOC111116972	uncharacterized LOC111116972	pseudo	Symbol
LOC111118230	801	111118230	LOC111118230	adapter molecule Crk-like	protein-coding	Symbol
LOC111118713	801	111118713	LOC111118713	hippocampus abundant transcript 1 protein-like	protein-coding	Symbol
LOC111132158	801	111132158	LOC111132158	ras-responsive element-binding protein 1-like	protein-coding	Symbol
LOC111104002	800	111104002	LOC111104002	uncharacterized LOC111104002	protein-coding	Symbol
LOC111108501	800	111108501	LOC111108501	kelch-like protein 15	protein-coding	Symbol
LOC111117803	800	NA	NA	NA	NA	NA
LOC111123673	800	111123673	LOC111123673	phospholipid-transporting ATPase VD-like	protein-coding	Symbol
LOC111130413	800	111130413	LOC111130413	nuclear RNA export factor 1-like	protein-coding	Symbol
LOC111130482	800	NA	NA	NA	NA	NA
LOC111125392	799	111125392	LOC111125392	uncharacterized LOC111125392	protein-coding	Symbol
LOC111103270	798	111103270	LOC111103270	baculoviral IAP repeat-containing protein 8-like	protein-coding	Symbol
LOC111115338	798	NA	NA	NA	NA	NA
LOC111119151	798	111119151	LOC111119151	general transcription factor IIF subunit 1-like	protein-coding	Symbol
LOC111120267	798	111120267	LOC111120267	splicing factor 3A subunit 2-like	protein-coding	Symbol
LOC111121370	798	NA	NA	NA	NA	NA
LOC111124579	798	111124579	LOC111124579	protein GPR107-like	protein-coding	Symbol
LOC111132818	796	111132818	LOC111132818	charged multivesicular body protein 7-like	protein-coding	Symbol
LOC111136001	796	111136001	LOC111136001	uncharacterized LOC111136001	protein-coding	Symbol
LOC111114006	795	111114006	LOC111114006	uncharacterized LOC111114006	protein-coding	Symbol
LOC111114689	795	111114689	LOC111114689	secretin receptor-like	protein-coding	Symbol
LOC111127517	795	111127517	LOC111127517	contactin-1-like	protein-coding	Symbol
LOC111127735	794	111127735	LOC111127735	splicing factor Cactin-like	protein-coding	Symbol
LOC111132777	794	111132777	LOC111132777	DNA-directed RNA polymerase II subunit RPB4-like	protein-coding	Symbol
LOC111116708	793	NA	NA	NA	NA	NA
LOC111128072	793	111128072	LOC111128072	uncharacterized LOC111128072	protein-coding	Symbol
LOC111131067	793	111131067	LOC111131067	uncharacterized LOC111131067	protein-coding	Symbol
LOC111132066	793	NA	NA	NA	NA	NA
LOC111118914	792	111118914	LOC111118914	uncharacterized LOC111118914	protein-coding	Symbol
LOC111127031	792	111127031	LOC111127031	transport and Golgi organization protein 2 homolog	protein-coding	Symbol
LOC111129989	792	111129989	LOC111129989	uncharacterized LOC111129989	protein-coding	Symbol
LOC111136005	792	111136005	LOC111136005	protein NDRG3-like	protein-coding	Symbol
LOC111121980	791	111121980	LOC111121980	nuclear pore complex protein Nup85-like	protein-coding	Symbol
LOC111124866	791	111124866	LOC111124866	uncharacterized LOC111124866	protein-coding	Symbol
LOC111135075	791	111135075	LOC111135075	ATP-binding cassette sub-family F member 3-like	protein-coding	Symbol
LOC111136676	790	111136676	LOC111136676	AKT-interacting protein-like	protein-coding	Symbol
LOC111118216	789	111118216	LOC111118216	trinucleotide repeat-containing gene 6C protein-like	protein-coding	Symbol
LOC111136262	789	111136262	LOC111136262	soluble guanylate cyclase 88E-like	protein-coding	Symbol
LOC111107482	788	NA	NA	NA	NA	NA
LOC111123594	788	111123594	LOC111123594	uncharacterized LOC111123594	protein-coding	Symbol
LOC111103123	787	111103123	LOC111103123	uncharacterized LOC111103123	protein-coding	Symbol
LOC111136123	787	111136123	LOC111136123	SEC14-like protein 2	protein-coding	Symbol
LOC111138421	787	111138421	LOC111138421	intraflagellar transport protein 80 homolog	protein-coding	Symbol
LOC111101201	786	111101201	LOC111101201	synaptobrevin homolog YKT6-like	protein-coding	Symbol
LOC111110162	786	111110162	LOC111110162	UPAR/Ly6 domain-containing protein crim-like	protein-coding	Symbol
LOC111122620	786	111122620	LOC111122620	COMM domain-containing protein 5-like	protein-coding	Symbol
LOC111134842	785	111134842	LOC111134842	sodium leak channel NALCN-like	protein-coding	Symbol
LOC111136988	785	111136988	LOC111136988	26S proteasome non-ATPase regulatory subunit 1-like	protein-coding	Symbol
LOC111123474	781	111123474	LOC111123474	diphthamide biosynthesis protein 3-like	protein-coding	Symbol
LOC111126323	780	NA	NA	NA	NA	NA
LOC111129058	780	NA	NA	NA	NA	NA
LOC111130158	780	111130158	LOC111130158	uncharacterized LOC111130158	protein-coding	Symbol
LOC111102492	779	111102492	LOC111102492	TPR repeat-containing protein DDB_G0287407-like	protein-coding	Symbol
LOC111102690	779	NA	NA	NA	NA	NA
LOC111114845	779	111114845	LOC111114845	uncharacterized LOC111114845	protein-coding	Symbol
LOC111124301	779	111124301	LOC111124301	uncharacterized LOC111124301	protein-coding	Symbol
LOC111130559	779	111130559	LOC111130559	uncharacterized LOC111130559	protein-coding	Symbol
LOC111136340	779	111136340	LOC111136340	uncharacterized LOC111136340	protein-coding	Symbol
LOC111109460	778	111109460	LOC111109460	uncharacterized LOC111109460	protein-coding	Symbol
LOC111120666	778	111120666	LOC111120666	glutathione peroxidase-like	protein-coding	Symbol
LOC111134854	777	111134854	LOC111134854	bolA-like protein 3	protein-coding	Symbol
LOC111136043	777	111136043	LOC111136043	DCN1-like protein 1	protein-coding	Symbol
LOC111127376	776	111127376	LOC111127376	protein zer-1 homolog	protein-coding	Symbol
LOC111099904	775	111099904	LOC111099904	acyl-CoA-binding domain-containing protein 5-like	protein-coding	Symbol
LOC111105961	775	111105961	LOC111105961	uncharacterized LOC111105961	protein-coding	Symbol
LOC111125285	775	111125285	LOC111125285	uncharacterized LOC111125285	protein-coding	Symbol
LOC111104668	774	NA	NA	NA	NA	NA
LOC111108191	774	111108191	LOC111108191	uncharacterized LOC111108191	protein-coding	Symbol
LOC111105600	773	111105600	LOC111105600	xanthine dehydrogenase/oxidase-like	protein-coding	Symbol
LOC111120343	772	NA	NA	NA	NA	NA
LOC111130977	772	111130977	LOC111130977	fructose-1,6-bisphosphatase 1-like	protein-coding	Symbol
LOC111136014	771	111136014	LOC111136014	stromal cell-derived factor 2-like	protein-coding	Symbol
LOC111120631	770	111120631	LOC111120631	uncharacterized LOC111120631	protein-coding	Symbol
LOC111100693	769	111100693	LOC111100693	condensin complex subunit 3-like	protein-coding	Symbol
LOC111101348	768	NA	NA	NA	NA	NA
LOC111125576	768	111125576	LOC111125576	hypoxia up-regulated protein 1-like	protein-coding	Symbol
LOC111115288	767	NA	NA	NA	NA	NA
LOC111119010	767	NA	NA	NA	NA	NA
LOC111132172	767	111132172	LOC111132172	(Lyso)-N-acylphosphatidylethanolamine lipase-like	protein-coding	Symbol
LOC111121429	766	111121429	LOC111121429	myc protein-like	protein-coding	Symbol
LOC111137601	765	111137601	LOC111137601	uncharacterized LOC111137601	protein-coding	Symbol
LOC111104374	764	111104374	LOC111104374	uncharacterized LOC111104374	protein-coding	Symbol
LOC111129633	764	111129633	LOC111129633	actin-related protein 10-like	protein-coding	Symbol
LOC111130491	764	111130491	LOC111130491	ubiquitin-like protein 7	protein-coding	Symbol
LOC111107217	763	111107217	LOC111107217	uncharacterized LOC111107217	pseudo	Symbol
LOC111112359	763	111112359	LOC111112359	uncharacterized LOC111112359	protein-coding	Symbol
LOC111130622	763	111130622	LOC111130622	structural maintenance of chromosomes protein 5-like	protein-coding	Symbol
LOC111131729	763	111131729	LOC111131729	N-alpha-acetyltransferase 20-like	protein-coding	Symbol
LOC111134430	763	111134430	LOC111134430	DNA-directed RNA polymerase II subunit RPB11-a-like	protein-coding	Symbol
LOC111119175	762	111119175	LOC111119175	laminin subunit alpha-like	protein-coding	Symbol
LOC111099835	761	111099835	LOC111099835	uncharacterized LOC111099835	protein-coding	Symbol
LOC111114860	760	111114860	LOC111114860	uncharacterized LOC111114860	pseudo	Symbol
LOC111118013	760	111118013	LOC111118013	calcium homeostasis endoplasmic reticulum protein-like	protein-coding	Symbol
LOC111133356	760	111133356	LOC111133356	vacuolar protein sorting-associated protein 37B-like	protein-coding	Symbol
LOC111109680	759	111109680	LOC111109680	nicotinamide phosphoribosyltransferase-like	protein-coding	Symbol
LOC111120530	759	111120530	LOC111120530	low-density lipoprotein receptor-like	protein-coding	Symbol
LOC111123829	759	NA	NA	NA	NA	NA
LOC111117664	758	111117664	LOC111117664	uncharacterized LOC111117664	protein-coding	Symbol
LOC111120586	758	NA	NA	NA	NA	NA
LOC111121472	758	111121472	LOC111121472	uncharacterized LOC111121472	protein-coding	Symbol
LOC111121815	758	111121815	LOC111121815	uncharacterized LOC111121815	protein-coding	Symbol
LOC111132446	758	111132446	LOC111132446	uncharacterized LOC111132446	protein-coding	Symbol
LOC111132859	758	111132859	LOC111132859	contactin-like	protein-coding	Symbol
LOC111101129	757	111101129	LOC111101129	U6 snRNA-associated Sm-like protein LSm1	protein-coding	Symbol
LOC111136134	757	111136134	LOC111136134	coiled-coil-helix-coiled-coil-helix domain-containing protein 2-like	protein-coding	Symbol
LOC111101925	756	111101925	LOC111101925	Parkinson disease protein 7 homolog	protein-coding	Symbol
LOC111120523	756	111120523	LOC111120523	protein aveugle-like	protein-coding	Symbol
LOC111125846	756	111125846	LOC111125846	ras GTPase-activating protein nGAP-like	protein-coding	Symbol
LOC111110142	755	NA	NA	NA	NA	NA
LOC111119531	755	111119531	LOC111119531	uncharacterized LOC111119531	protein-coding	Symbol
LOC111125404	755	111125404	LOC111125404	nicastrin-like	protein-coding	Symbol
LOC111131828	754	111131828	LOC111131828	retinol dehydrogenase 13-like	protein-coding	Symbol
LOC111100034	753	111100034	LOC111100034	uncharacterized LOC111100034	protein-coding	Symbol
LOC111116030	753	111116030	LOC111116030	dynactin subunit 2-like	protein-coding	Symbol
LOC111120950	753	NA	NA	NA	NA	NA
LOC111126626	753	111126626	LOC111126626	CCR4-NOT transcription complex subunit 9-like	protein-coding	Symbol
LOC111131668	753	111131668	LOC111131668	putative ribosome biogenesis protein RLP24	protein-coding	Symbol
LOC111132441	753	111132441	LOC111132441	uncharacterized LOC111132441	ncRNA	Symbol
LOC111113576	752	NA	NA	NA	NA	NA
LOC111121551	752	NA	NA	NA	NA	NA
LOC111130618	752	111130618	LOC111130618	synaptojanin-2-binding protein-like	protein-coding	Symbol
LOC111130640	752	111130640	LOC111130640	bifunctional 3'-5' exonuclease/ATP-dependent helicase WRN-like	protein-coding	Symbol
LOC111130863	752	111130863	LOC111130863	bifunctional 3'-5' exonuclease/ATP-dependent helicase WRN-like	protein-coding	Symbol
LOC111136222	752	111136222	LOC111136222	mitochondrial inner membrane m-AAA protease component AFG3L2-like	protein-coding	Symbol
LOC111102448	751	111102448	LOC111102448	NADH dehydrogenase [ubiquinone] flavoprotein 1, mitochondrial-like	protein-coding	Symbol
LOC111128572	751	111128572	LOC111128572	uncharacterized LOC111128572	protein-coding	Symbol
LOC111121021	750	NA	NA	NA	NA	NA
LOC111107816	749	111107816	LOC111107816	adiponectin receptor protein-like	protein-coding	Symbol
LOC111133491	748	111133491	LOC111133491	uncharacterized LOC111133491	protein-coding	Symbol
LOC111137010	748	111137010	LOC111137010	ras-related protein Rab-2	protein-coding	Symbol
LOC111109273	747	NA	NA	NA	NA	NA
LOC111117253	747	111117253	LOC111117253	uncharacterized LOC111117253	protein-coding	Symbol
LOC111133938	747	111133938	LOC111133938	transient receptor potential cation channel subfamily M member 8-like	protein-coding	Symbol
LOC111103338	746	NA	NA	NA	NA	NA
LOC111122941	746	111122941	LOC111122941	histone PARylation factor 1-like	protein-coding	Symbol
LOC111135572	746	111135572	LOC111135572	solute carrier family 23 member 2-like	protein-coding	Symbol
LOC111102052	745	NA	NA	NA	NA	NA
LOC111125036	745	111125036	LOC111125036	uncharacterized LOC111125036	protein-coding	Symbol
LOC111125938	744	NA	NA	NA	NA	NA
LOC111131585	744	111131585	LOC111131585	WD repeat-containing protein 43-like	protein-coding	Symbol
LOC111132937	744	111132937	LOC111132937	uncharacterized LOC111132937	protein-coding	Symbol
LOC111134768	744	111134768	LOC111134768	alpha-centractin	protein-coding	Symbol
LOC111103484	741	111103484	LOC111103484	mitogen-activated protein kinase kinase kinase 7-interacting protein 3 homolog	protein-coding	Symbol
LOC111120839	740	111120839	LOC111120839	5-phosphohydroxy-L-lysine phospho-lyase-like	protein-coding	Symbol
LOC111121113	740	NA	NA	NA	NA	NA
LOC111108096	739	NA	NA	NA	NA	NA
LOC111117031	739	111117031	LOC111117031	uncharacterized LOC111117031	protein-coding	Symbol
LOC111126324	739	111126324	LOC111126324	uncharacterized LOC111126324	protein-coding	Symbol
LOC111131395	739	111131395	LOC111131395	uncharacterized LOC111131395	protein-coding	Symbol
LOC111137325	739	111137325	LOC111137325	uncharacterized LOC111137325	protein-coding	Symbol
LOC111103493	738	111103493	LOC111103493	uncharacterized LOC111103493	protein-coding	Symbol
LOC111122306	738	111122306	LOC111122306	cyclin-dependent kinase 1-like	protein-coding	Symbol
LOC111124615	738	111124615	LOC111124615	uncharacterized LOC111124615	protein-coding	Symbol
LOC111130565	737	111130565	LOC111130565	5'-3' exoribonuclease 2-like	protein-coding	Symbol
LOC111119392	735	111119392	LOC111119392	ubiquitin carboxyl-terminal hydrolase 22-like	protein-coding	Symbol
LOC111130026	735	111130026	LOC111130026	LYR motif-containing protein 4-like	protein-coding	Symbol
LOC111132799	735	111132799	LOC111132799	dynein light chain 2, cytoplasmic	protein-coding	Symbol
LOC111101509	733	111101509	LOC111101509	uncharacterized LOC111101509	protein-coding	Symbol
LOC111119795	733	111119795	LOC111119795	protein HTATIP2-like	protein-coding	Symbol
LOC111136470	733	111136470	LOC111136470	ubiquitin-conjugating enzyme E2 C-like	protein-coding	Symbol
LOC111129097	732	111129097	LOC111129097	peroxiredoxin-5, mitochondrial-like	protein-coding	Symbol
LOC111129098	732	NA	NA	NA	NA	NA
LOC111136074	732	111136074	LOC111136074	heparan-sulfate 6-O-sulfotransferase 2-like	protein-coding	Symbol
LOC111125650	727	111125650	LOC111125650	cyclin-Y-like protein 1	protein-coding	Symbol
LOC111102187	726	NA	NA	NA	NA	NA
LOC111126470	726	111126470	LOC111126470	uncharacterized LOC111126470	pseudo	Symbol
LOC111135893	726	111135893	LOC111135893	uncharacterized LOC111135893	protein-coding	Symbol
LOC111125446	725	111125446	LOC111125446	sulfhydryl oxidase 1-like	protein-coding	Symbol
LOC111135656	723	111135656	LOC111135656	MMS19 nucleotide excision repair protein homolog	protein-coding	Symbol
LOC111125607	722	111125607	LOC111125607	uncharacterized LOC111125607	protein-coding	Symbol
LOC111129001	720	111129001	LOC111129001	uncharacterized LOC111129001	protein-coding	Symbol
LOC111105368	719	111105368	LOC111105368	uncharacterized LOC111105368	protein-coding	Symbol
LOC111116305	719	111116305	LOC111116305	uncharacterized LOC111116305	protein-coding	Symbol
LOC111111509	718	111111509	LOC111111509	fatty acyl-CoA reductase 1-like	protein-coding	Symbol
LOC111119454	717	NA	NA	NA	NA	NA
LOC111117970	716	111117970	LOC111117970	focal adhesion kinase 1-like	protein-coding	Symbol
LOC111121532	716	111121532	LOC111121532	calreticulin-like	protein-coding	Symbol
LOC111108247	715	111108247	LOC111108247	uncharacterized LOC111108247	protein-coding	Symbol
LOC111109725	715	111109725	LOC111109725	3-beta-hydroxysteroid-Delta(8),Delta(7)-isomerase-like	protein-coding	Symbol
LOC111136327	714	111136327	LOC111136327	endoplasmic reticulum resident protein 29-like	protein-coding	Symbol
LOC111114337	713	NA	NA	NA	NA	NA
LOC111114935	713	111114935	LOC111114935	SAP domain-containing ribonucleoprotein-like	protein-coding	Symbol
LOC111120358	713	111120358	LOC111120358	guanine nucleotide-exchange factor SEC12-like	protein-coding	Symbol
LOC111137972	712	111137972	LOC111137972	uncharacterized LOC111137972	protein-coding	Symbol
LOC111109311	711	111109311	LOC111109311	uncharacterized LOC111109311	protein-coding	Symbol
LOC111138406	711	111138406	LOC111138406	prohibitin-2-like	protein-coding	Symbol
LOC111102202	710	111102202	LOC111102202	uncharacterized LOC111102202	protein-coding	Symbol
LOC111136185	710	111136185	LOC111136185	importin-5-like	protein-coding	Symbol
LOC111120910	709	111120910	LOC111120910	protein HGV2-like	protein-coding	Symbol
LOC111130099	709	111130099	LOC111130099	ceramide transfer protein-like	protein-coding	Symbol
LOC111130193	709	111130193	LOC111130193	threonine aspartase 1-like	protein-coding	Symbol
LOC111130371	709	111130371	LOC111130371	nucleolar and spindle-associated protein 1-like	protein-coding	Symbol
LOC111137178	709	111137178	LOC111137178	failed axon connections homolog	protein-coding	Symbol
LOC111105247	708	NA	NA	NA	NA	NA
LOC111119293	708	111119293	LOC111119293	very long chain fatty acid elongase 4-like	protein-coding	Symbol
LOC111122177	708	111122177	LOC111122177	protein tweety homolog 1-like	protein-coding	Symbol
LOC111122368	708	NA	NA	NA	NA	NA
LOC111122587	708	111122587	LOC111122587	proteolipid protein DM beta-like	protein-coding	Symbol
LOC111131787	708	111131787	LOC111131787	crooked neck-like protein 1	protein-coding	Symbol
LOC111132680	708	NA	NA	NA	NA	NA
LOC111135445	708	111135445	LOC111135445	uncharacterized LOC111135445	protein-coding	Symbol
LOC111137244	708	111137244	LOC111137244	uncharacterized LOC111137244	protein-coding	Symbol
LOC111137876	708	111137876	LOC111137876	uncharacterized LOC111137876	protein-coding	Symbol
LOC111120086	706	111120086	LOC111120086	fizzy-related protein homolog	protein-coding	Symbol
LOC111125819	706	111125819	LOC111125819	vang-like protein 2	protein-coding	Symbol
LOC111118152	705	111118152	LOC111118152	V-type proton ATPase 21 kDa proteolipid subunit c''-like	protein-coding	Symbol
LOC111126143	705	111126143	LOC111126143	uncharacterized LOC111126143	protein-coding	Symbol
LOC111126200	705	111126200	LOC111126200	D(2) dopamine receptor A-like	protein-coding	Symbol
LOC111127947	704	111127947	LOC111127947	3-ketoacyl-CoA thiolase, mitochondrial-like	protein-coding	Symbol
LOC111137179	704	111137179	LOC111137179	PCNA-associated factor-like	protein-coding	Symbol
LOC111103914	703	111103914	LOC111103914	splicing factor 3A subunit 3-like	protein-coding	Symbol
LOC111119457	703	111119457	LOC111119457	Golgi-specific brefeldin A-resistance guanine nucleotide exchange factor 1-like	protein-coding	Symbol
LOC111121538	703	111121538	LOC111121538	enoyl-CoA delta isomerase 1, mitochondrial-like	protein-coding	Symbol
LOC111125303	703	111125303	LOC111125303	hormone-sensitive lipase-like	protein-coding	Symbol
LOC111126068	703	111126068	LOC111126068	uncharacterized LOC111126068	protein-coding	Symbol
LOC111133810	703	111133810	LOC111133810	uncharacterized LOC111133810	protein-coding	Symbol
LOC111135504	703	111135504	LOC111135504	extracellular sulfatase Sulf-1-like	protein-coding	Symbol
LOC111106242	701	111106242	LOC111106242	prostaglandin reductase 1-like	protein-coding	Symbol
LOC111130614	701	NA	NA	NA	NA	NA
LOC111136557	701	111136557	LOC111136557	NADPH--cytochrome P450 reductase-like	protein-coding	Symbol
LOC111123700	700	111123700	LOC111123700	uncharacterized LOC111123700	protein-coding	Symbol
LOC111128713	700	111128713	LOC111128713	uncharacterized LOC111128713	protein-coding	Symbol
LOC111137778	700	111137778	LOC111137778	uncharacterized LOC111137778	protein-coding	Symbol
LOC111130526	699	111130526	LOC111130526	adenylyltransferase and sulfurtransferase MOCS3-like	protein-coding	Symbol
LOC111115508	698	111115508	LOC111115508	kinesin-II 95 kDa subunit-like	protein-coding	Symbol
LOC111125856	698	111125856	LOC111125856	rho GTPase-activating protein 7-like	protein-coding	Symbol
LOC111129172	698	111129172	LOC111129172	telomeric repeat-binding factor 1-like	protein-coding	Symbol
LOC111129833	698	111129833	LOC111129833	serine/threonine-protein phosphatase 5-like	protein-coding	Symbol
LOC111134329	698	111134329	LOC111134329	F-actin-capping protein subunit beta-like	protein-coding	Symbol
LOC111134971	698	111134971	LOC111134971	general transcription factor IIH subunit 1-like	protein-coding	Symbol
LOC111113059	696	111113059	LOC111113059	CBP80/20-dependent translation initiation factor-like	protein-coding	Symbol
LOC111118590	696	111118590	LOC111118590	uncharacterized LOC111118590	protein-coding	Symbol
LOC111119442	696	NA	NA	NA	NA	NA
LOC111125834	696	111125834	LOC111125834	N-alpha-acetyltransferase 35, NatC auxiliary subunit-like	protein-coding	Symbol
LOC111131078	695	NA	NA	NA	NA	NA
LOC111135391	695	111135391	LOC111135391	60S ribosome subunit biogenesis protein NIP7 homolog	protein-coding	Symbol
LOC111103754	693	111103754	LOC111103754	uncharacterized LOC111103754	pseudo	Symbol
LOC111132098	692	111132098	LOC111132098	uncharacterized LOC111132098	protein-coding	Symbol
LOC111101920	691	NA	NA	NA	NA	NA
LOC111099660	690	NA	NA	NA	NA	NA
LOC111109666	690	111109666	LOC111109666	putative NADH dehydrogenase [ubiquinone] 1 alpha subcomplex subunit 12	protein-coding	Symbol
LOC111112752	690	111112752	LOC111112752	pleckstrin homology domain-containing family D member 1-like	protein-coding	Symbol
LOC111128093	690	NA	NA	NA	NA	NA
LOC111129365	690	NA	NA	NA	NA	NA
LOC111125290	689	111125290	LOC111125290	uncharacterized LOC111125290	protein-coding	Symbol
LOC111128015	689	111128015	LOC111128015	spermatogenesis-defective protein 39 homolog	protein-coding	Symbol
LOC111135571	689	NA	NA	NA	NA	NA
LOC111112290	688	111112290	LOC111112290	uncharacterized LOC111112290	protein-coding	Symbol
LOC111134358	688	111134358	LOC111134358	uncharacterized LOC111134358	protein-coding	Symbol
LOC111109452	687	111109452	LOC111109452	sulfotransferase 1C4-like	protein-coding	Symbol
LOC111119297	687	111119297	LOC111119297	uncharacterized LOC111119297	protein-coding	Symbol
LOC111124893	687	111124893	LOC111124893	nectin-1-like	protein-coding	Symbol
LOC111131579	687	111131579	LOC111131579	coiled-coil domain-containing protein 77-like	protein-coding	Symbol
LOC111135249	687	NA	NA	NA	NA	NA
LOC111108088	686	111108088	LOC111108088	small ribosomal subunit protein uS14m-like	protein-coding	Symbol
LOC111129666	686	111129666	LOC111129666	uncharacterized LOC111129666	protein-coding	Symbol
LOC111137548	686	111137548	LOC111137548	putative peptidyl-prolyl cis-trans isomerase	protein-coding	Symbol
LOC111123024	685	111123024	LOC111123024	AMP deaminase 2-like	protein-coding	Symbol
LOC111126194	684	111126194	LOC111126194	transcription factor AP-4-like	protein-coding	Symbol
LOC111134232	684	111134232	LOC111134232	uncharacterized LOC111134232	protein-coding	Symbol
LOC111135735	682	111135735	LOC111135735	uncharacterized LOC111135735	protein-coding	Symbol
LOC111135940	682	111135940	LOC111135940	SUZ RNA-binding domain-containing-like	protein-coding	Symbol
LOC111100741	681	111100741	LOC111100741	uncharacterized LOC111100741	protein-coding	Symbol
LOC111112060	681	NA	NA	NA	NA	NA
LOC111112663	681	111112663	LOC111112663	uncharacterized LOC111112663	protein-coding	Symbol
LOC111134532	681	111134532	LOC111134532	ATP-dependent RNA helicase DHX58-like	pseudo	Symbol
LOC111138157	681	111138157	LOC111138157	uncharacterized LOC111138157	protein-coding	Symbol
LOC111113987	680	111113987	LOC111113987	uncharacterized LOC111113987	protein-coding	Symbol
LOC111114455	680	111114455	LOC111114455	secretin receptor-like	protein-coding	Symbol
LOC111101027	679	111101027	LOC111101027	ras-related protein Rab6	protein-coding	Symbol
LOC111120555	679	111120555	LOC111120555	transcription elongation factor A N-terminal and central domain-containing protein 2-like	protein-coding	Symbol
LOC111123845	679	111123845	LOC111123845	uncharacterized LOC111123845	protein-coding	Symbol
LOC111134942	679	111134942	LOC111134942	spliceosome associated factor 3, U4/U6 recycling protein-like	protein-coding	Symbol
LOC111124935	678	111124935	LOC111124935	uncharacterized LOC111124935	protein-coding	Symbol
LOC111132920	678	NA	NA	NA	NA	NA
LOC111130239	677	111130239	LOC111130239	inositol-tetrakisphosphate 1-kinase-like	protein-coding	Symbol
LOC111132998	677	111132998	LOC111132998	repressor of RNA polymerase III transcription MAF1 homolog	protein-coding	Symbol
LOC111133511	677	111133511	LOC111133511	transmembrane 9 superfamily member 1-like	protein-coding	Symbol
LOC111135176	677	111135176	LOC111135176	arf-GAP with coiled-coil, ANK repeat and PH domain-containing protein 2-like	protein-coding	Symbol
LOC111136520	677	NA	NA	NA	NA	NA
LOC111107337	676	NA	NA	NA	NA	NA
LOC111120715	676	111120715	LOC111120715	uncharacterized LOC111120715	protein-coding	Symbol
LOC111125188	676	111125188	LOC111125188	ATP-binding cassette sub-family C member 5-like	protein-coding	Symbol
LOC111119942	675	111119942	LOC111119942	voltage-dependent T-type calcium channel subunit alpha-1G-like	protein-coding	Symbol
LOC111130743	675	111130743	LOC111130743	oxysterol-binding protein-related protein 1-like	protein-coding	Symbol
LOC111113167	674	111113167	LOC111113167	receptor-type tyrosine-protein phosphatase kappa-like	protein-coding	Symbol
LOC111122178	674	111122178	LOC111122178	dual specificity mitogen-activated protein kinase kinase 6-like	protein-coding	Symbol
LOC111119955	673	111119955	LOC111119955	multiple inositol polyphosphate phosphatase 1-like	protein-coding	Symbol
LOC111124816	673	111124816	LOC111124816	lariat debranching enzyme A-like	protein-coding	Symbol
LOC111134417	673	NA	NA	NA	NA	NA
LOC111134464	673	111134464	LOC111134464	fibroblast growth factor receptor-like 1	protein-coding	Symbol
LOC111109013	672	111109013	LOC111109013	PAS domain-containing serine/threonine-protein kinase-like	protein-coding	Symbol
LOC111129266	671	111129266	LOC111129266	uncharacterized LOC111129266	protein-coding	Symbol
LOC111133580	671	111133580	LOC111133580	uncharacterized LOC111133580	protein-coding	Symbol
LOC111107419	670	NA	NA	NA	NA	NA
LOC111108616	670	NA	NA	NA	NA	NA
LOC111106955	669	111106955	LOC111106955	mitochondrial inner membrane protease subunit 2-like	protein-coding	Symbol
LOC111127635	669	NA	NA	NA	NA	NA
LOC111129710	669	111129710	LOC111129710	uncharacterized LOC111129710	protein-coding	Symbol
LOC111101400	668	111101400	LOC111101400	lipid droplet-regulating VLDL assembly factor AUP1-like	protein-coding	Symbol
LOC111121981	668	111121981	LOC111121981	uncharacterized LOC111121981	protein-coding	Symbol
LOC111129082	668	111129082	LOC111129082	uncharacterized LOC111129082	protein-coding	Symbol
LOC111137232	668	111137232	LOC111137232	uncharacterized LOC111137232	protein-coding	Symbol
LOC111120946	667	111120946	LOC111120946	ubiquitin-conjugating enzyme E2-17 kDa-like	protein-coding	Symbol
LOC111128484	667	NA	NA	NA	NA	NA
LOC111135378	667	111135378	LOC111135378	uncharacterized LOC111135378	protein-coding	Symbol
LOC111130505	666	111130505	LOC111130505	kelch-like protein 28	protein-coding	Symbol
LOC111134676	666	111134676	LOC111134676	beta-arrestin-1-like	protein-coding	Symbol
LOC111136403	666	NA	NA	NA	NA	NA
LOC111099102	665	111099102	LOC111099102	protein FAM76A-like	protein-coding	Symbol
LOC111133359	665	NA	NA	NA	NA	NA
LOC111122840	664	111122840	LOC111122840	calcium channel flower homolog	protein-coding	Symbol
LOC111123423	664	111123423	LOC111123423	uncharacterized LOC111123423	protein-coding	Symbol
LOC111130166	664	111130166	LOC111130166	adenylosuccinate synthetase-like	protein-coding	Symbol
LOC111130151	663	111130151	LOC111130151	cyclic nucleotide-gated channel alpha-3-like	protein-coding	Symbol
LOC111135722	663	111135722	LOC111135722	uncharacterized LOC111135722	protein-coding	Symbol
LOC111100845	662	111100845	LOC111100845	uncharacterized LOC111100845	protein-coding	Symbol
LOC111126173	662	111126173	LOC111126173	progesterone-induced-blocking factor 1-like	protein-coding	Symbol
LOC111132394	662	111132394	LOC111132394	putative cytochrome P450 49a1	protein-coding	Symbol
LOC111101923	660	111101923	LOC111101923	uncharacterized LOC111101923	pseudo	Symbol
LOC111108697	660	111108697	LOC111108697	phosphatidylinositol-3,5-bisphosphate 3-phosphatase MTMR14-like	protein-coding	Symbol
LOC111119460	660	111119460	LOC111119460	heterogeneous nuclear ribonucleoprotein L pseudogene	pseudo	Symbol
LOC111123069	660	111123069	LOC111123069	nicotinamidase-like	protein-coding	Symbol
LOC111099612	659	111099612	LOC111099612	uncharacterized LOC111099612	protein-coding	Symbol
LOC111100141	659	111100141	LOC111100141	zinc metalloproteinase dpy-31-like	protein-coding	Symbol
LOC111103930	659	111103930	LOC111103930	uncharacterized LOC111103930	protein-coding	Symbol
LOC111107338	659	111107338	LOC111107338	kinesin-like protein KIF11-B	protein-coding	Symbol
LOC111122911	659	111122911	LOC111122911	Na(+)/H(+) exchange regulatory cofactor NHE-RF1-like	protein-coding	Symbol
LOC111131570	658	111131570	LOC111131570	protein madd-4-like	protein-coding	Symbol
LOC111133957	658	111133957	LOC111133957	uncharacterized LOC111133957	protein-coding	Symbol
LOC111134479	658	111134479	LOC111134479	ATP-dependent translocase ABCB1-like	protein-coding	Symbol
LOC111117995	656	111117995	LOC111117995	dystrophin-like	protein-coding	Symbol
LOC111130237	656	111130237	LOC111130237	uncharacterized LOC111130237	protein-coding	Symbol
LOC111100861	655	111100861	LOC111100861	nucleotide exchange factor SIL1-like	protein-coding	Symbol
LOC111121984	653	111121984	LOC111121984	regulator of chromosome condensation-like	protein-coding	Symbol
LOC111125026	653	111125026	LOC111125026	toll-like receptor 6	protein-coding	Symbol
LOC111101901	652	NA	NA	NA	NA	NA
LOC111106021	652	111106021	LOC111106021	transforming growth factor-beta receptor-associated protein 1-like	protein-coding	Symbol
LOC111119120	651	111119120	LOC111119120	BTB/POZ domain-containing protein KCTD5-like	protein-coding	Symbol
LOC111120167	651	111120167	LOC111120167	uncharacterized LOC111120167	protein-coding	Symbol
LOC111124470	651	111124470	LOC111124470	uncharacterized LOC111124470	protein-coding	Symbol
LOC111133012	650	111133012	LOC111133012	PSME3-interacting protein-like	protein-coding	Symbol
LOC111135575	650	111135575	LOC111135575	ran-binding protein 9-like	protein-coding	Symbol
LOC111111041	649	111111041	LOC111111041	coenzyme Q-binding protein COQ10 homolog B, mitochondrial-like	protein-coding	Symbol
LOC111103552	647	111103552	LOC111103552	dolichyl-diphosphooligosaccharide--protein glycosyltransferase subunit 2-like	protein-coding	Symbol
LOC111129623	647	NA	NA	NA	NA	NA
LOC111129625	647	111129625	LOC111129625	uncharacterized LOC111129625	protein-coding	Symbol
LOC111101033	646	111101033	LOC111101033	dorsal-ventral patterning tolloid-like protein 1	protein-coding	Symbol
LOC111120503	646	111120503	LOC111120503	beta-1,3-galactosyltransferase 5-like	protein-coding	Symbol
LOC111118794	645	111118794	LOC111118794	folliculin-interacting protein 2-like	protein-coding	Symbol
LOC111126894	645	111126894	LOC111126894	endoplasmic reticulum transmembrane helix translocase-like	protein-coding	Symbol
LOC111131100	644	111131100	LOC111131100	adenylyl cyclase-associated protein 1-like	protein-coding	Symbol
LOC111107931	643	111107931	LOC111107931	leucine-rich repeat neuronal protein 1-like	protein-coding	Symbol
LOC111123203	643	111123203	LOC111123203	uncharacterized LOC111123203	protein-coding	Symbol
LOC111123830	643	NA	NA	NA	NA	NA
LOC111125877	643	NA	NA	NA	NA	NA
LOC111131525	642	111131525	LOC111131525	serine/threonine-protein kinase Nek9-like	protein-coding	Symbol
LOC111101543	641	111101543	LOC111101543	uncharacterized LOC111101543	protein-coding	Symbol
LOC111125494	641	NA	NA	NA	NA	NA
LOC111126809	641	NA	NA	NA	NA	NA
LOC111133261	641	NA	NA	NA	NA	NA
LOC111134895	639	111134895	LOC111134895	uncharacterized LOC111134895	protein-coding	Symbol
LOC111101916	637	111101916	LOC111101916	isocitrate dehydrogenase [NADP] cytoplasmic-like	protein-coding	Symbol
LOC111109598	637	NA	NA	NA	NA	NA
LOC111116156	637	111116156	LOC111116156	putative transporter YutK	protein-coding	Symbol
LOC111105223	636	111105223	LOC111105223	elongation factor 1-delta-like	protein-coding	Symbol
LOC111126070	636	111126070	LOC111126070	ganglioside GM2 activator-like	protein-coding	Symbol
LOC111134171	636	NA	NA	NA	NA	NA
LOC111137280	635	111137280	LOC111137280	microprocessor complex subunit DGCR8-like	protein-coding	Symbol
LOC111100652	633	111100652	LOC111100652	oxysterol-binding protein-related protein 11-like	protein-coding	Symbol
LOC111122717	633	111122717	LOC111122717	autophagy-related protein 101-like	protein-coding	Symbol
LOC111137456	633	111137456	LOC111137456	transmembrane emp24 domain-containing protein eca-like	protein-coding	Symbol
LOC111123325	632	111123325	LOC111123325	ER membrane protein complex subunit 6-like	protein-coding	Symbol
LOC111123851	632	111123851	LOC111123851	uncharacterized LOC111123851	protein-coding	Symbol
LOC111136459	632	111136459	LOC111136459	uncharacterized LOC111136459	protein-coding	Symbol
LOC111105421	631	111105421	LOC111105421	uncharacterized LOC111105421	pseudo	Symbol
LOC111123357	630	111123357	LOC111123357	dynactin subunit 5-like	protein-coding	Symbol
LOC111123496	630	111123496	LOC111123496	TBC domain-containing protein kinase-like protein	protein-coding	Symbol
LOC111133807	630	111133807	LOC111133807	GEL complex subunit OPTI-like	protein-coding	Symbol
LOC111137596	630	111137596	LOC111137596	aspartate aminotransferase, mitochondrial-like	protein-coding	Symbol
LOC111105026	629	111105026	LOC111105026	uncharacterized protein F54H12.2-like	protein-coding	Symbol
LOC111119211	629	111119211	LOC111119211	N-acetylglucosamine-1-phosphotransferase subunit gamma-like	protein-coding	Symbol
LOC111118363	627	NA	NA	NA	NA	NA
LOC111122376	627	111122376	LOC111122376	leucine-rich melanocyte differentiation-associated protein-like	protein-coding	Symbol
LOC111134789	627	111134789	LOC111134789	MLX-interacting protein-like	protein-coding	Symbol
LOC111137241	627	111137241	LOC111137241	protein farnesyltransferase/geranylgeranyltransferase type-1 subunit alpha-like	protein-coding	Symbol
LOC111112659	626	NA	NA	NA	NA	NA
LOC111125030	626	111125030	LOC111125030	transient receptor potential-gamma protein-like	protein-coding	Symbol
LOC111137818	626	111137818	LOC111137818	di-N-acetylchitobiase-like	protein-coding	Symbol
LOC111105531	625	111105531	LOC111105531	uracil phosphoribosyltransferase homolog	protein-coding	Symbol
LOC111123436	625	111123436	LOC111123436	uncharacterized LOC111123436	protein-coding	Symbol
LOC111112307	624	NA	NA	NA	NA	NA
LOC111108313	623	111108313	LOC111108313	inner nuclear membrane protein Man1-like	protein-coding	Symbol
LOC111125077	623	111125077	LOC111125077	uncharacterized LOC111125077	protein-coding	Symbol
LOC111119930	621	111119930	LOC111119930	protein KRI1 homolog	protein-coding	Symbol
LOC111122527	621	111122527	LOC111122527	calcyclin-binding protein-like	protein-coding	Symbol
LOC111136750	621	111136750	LOC111136750	uncharacterized LOC111136750	protein-coding	Symbol
LOC111119666	620	111119666	LOC111119666	vesicle-associated membrane protein 4-like	protein-coding	Symbol
LOC111129327	620	111129327	LOC111129327	ubiquitin thioesterase OTUB1-like	protein-coding	Symbol
LOC111135424	620	111135424	LOC111135424	type-1 angiotensin II receptor-associated protein-like	protein-coding	Symbol
LOC111129071	619	111129071	LOC111129071	tetraspanin-18-like	protein-coding	Symbol
LOC111137662	619	111137662	LOC111137662	protein phosphatase PTC7 homolog	protein-coding	Symbol
LOC111117335	618	111117335	LOC111117335	uncharacterized LOC111117335	protein-coding	Symbol
LOC111135962	618	111135962	LOC111135962	A disintegrin and metalloproteinase with thrombospondin motifs 16-like	protein-coding	Symbol
LOC111118413	617	111118413	LOC111118413	general transcription factor IIE subunit 2-like	protein-coding	Symbol
LOC111123422	617	111123422	LOC111123422	thioredoxin 1	protein-coding	Symbol
LOC111135203	617	111135203	LOC111135203	actin-related protein 2/3 complex subunit 3-like	protein-coding	Symbol
LOC111135637	617	111135637	LOC111135637	RILP-like protein 1	protein-coding	Symbol
LOC111125427	616	111125427	LOC111125427	ras-related protein Rab-14	protein-coding	Symbol
LOC111132658	616	111132658	LOC111132658	DNA replication factor Cdt1-like	protein-coding	Symbol
LOC111133748	616	111133748	LOC111133748	apicoplast pyruvate carrier 1-like	protein-coding	Symbol
LOC111101471	615	NA	NA	NA	NA	NA
LOC111103855	615	111103855	LOC111103855	BTB/POZ domain-containing protein 10-like	protein-coding	Symbol
LOC111126810	614	111126810	LOC111126810	teneurin-m-like	protein-coding	Symbol
LOC111130219	614	111130219	LOC111130219	dipeptidyl peptidase 3-like	protein-coding	Symbol
LOC111133336	614	111133336	LOC111133336	uncharacterized protein C1orf50 homolog	protein-coding	Symbol
LOC111136040	614	111136040	LOC111136040	uncharacterized LOC111136040	protein-coding	Symbol
LOC111133237	613	111133237	LOC111133237	ras-related protein Rab-22A-like	protein-coding	Symbol
LOC111118331	612	111118331	LOC111118331	methionine-R-sulfoxide reductase B1-like	protein-coding	Symbol
LOC111131366	611	NA	NA	NA	NA	NA
LOC111136461	611	111136461	LOC111136461	uncharacterized LOC111136461	protein-coding	Symbol
LOC111124414	610	NA	NA	NA	NA	NA
LOC111125532	610	111125532	LOC111125532	alpha-catulin-like	protein-coding	Symbol
LOC111104085	609	111104085	LOC111104085	mitochondrial inner membrane protein Mpv17-like	protein-coding	Symbol
LOC111104685	609	NA	NA	NA	NA	NA
LOC111103971	608	111103971	LOC111103971	uncharacterized LOC111103971	protein-coding	Symbol
LOC111127288	608	111127288	LOC111127288	parafibromin-like	protein-coding	Symbol
LOC111129873	607	111129873	LOC111129873	protein unc-79 homolog	protein-coding	Symbol
LOC111135106	607	111135106	LOC111135106	fructose-bisphosphate aldolase-like	protein-coding	Symbol
LOC111105733	606	111105733	LOC111105733	CXXC-type zinc finger protein 1-like	protein-coding	Symbol
LOC111121175	606	111121175	LOC111121175	tetraspanin-18-like	protein-coding	Symbol
LOC111133527	605	111133527	LOC111133527	centromere protein N-like	protein-coding	Symbol
LOC111137688	605	111137688	LOC111137688	succinate dehydrogenase [ubiquinone] iron-sulfur subunit, mitochondrial-like	protein-coding	Symbol
LOC111100406	604	111100406	LOC111100406	far upstream element-binding protein 3-like	protein-coding	Symbol
LOC111125154	604	111125154	LOC111125154	uncharacterized LOC111125154	protein-coding	Symbol
LOC111128965	604	NA	NA	NA	NA	NA
LOC111134460	603	111134460	LOC111134460	adhesion G protein-coupled receptor A2-like	protein-coding	Symbol
LOC111112150	602	NA	NA	NA	NA	NA
LOC111118250	602	111118250	LOC111118250	NAD-dependent protein deacetylase Sirt6-like	protein-coding	Symbol
LOC111128491	602	111128491	LOC111128491	uncharacterized LOC111128491	protein-coding	Symbol
LOC111135459	602	111135459	LOC111135459	gamma-aminobutyric acid receptor-associated protein	protein-coding	Symbol
LOC111136760	602	111136760	LOC111136760	ribosomal protein S6 kinase-related protein-like	protein-coding	Symbol
LOC111107474	601	111107474	LOC111107474	phospholipid-transporting ATPase ABCA3-like	protein-coding	Symbol
LOC111100190	599	111100190	LOC111100190	uncharacterized LOC111100190	protein-coding	Symbol
LOC111105096	599	111105096	LOC111105096	two pore channel protein 2-like	protein-coding	Symbol
LOC111114913	599	NA	NA	NA	NA	NA
LOC111135930	599	111135930	LOC111135930	uncharacterized LOC111135930	protein-coding	Symbol
LOC111103115	598	111103115	LOC111103115	uncharacterized LOC111103115	protein-coding	Symbol
LOC111110359	598	111110359	LOC111110359	mitochondrial-processing peptidase subunit beta-like	protein-coding	Symbol
LOC111126706	598	111126706	LOC111126706	suppressor APC domain-containing protein 2-like	protein-coding	Symbol
LOC111129170	598	NA	NA	NA	NA	NA
LOC111131501	598	111131501	LOC111131501	ataxin-3-like	protein-coding	Symbol
LOC111131566	598	NA	NA	NA	NA	NA
LOC111134719	598	111134719	LOC111134719	ubiquitin carboxyl-terminal hydrolase 32-like	protein-coding	Symbol
LOC111137077	598	111137077	LOC111137077	pyridine nucleotide-disulfide oxidoreductase domain-containing protein 2-like	protein-coding	Symbol
LOC111118168	597	111118168	LOC111118168	coiled-coil domain-containing protein 137-like	protein-coding	Symbol
LOC111120655	597	111120655	LOC111120655	D-erythrulose reductase-like	protein-coding	Symbol
LOC111137076	597	111137076	LOC111137076	density-regulated protein homolog	protein-coding	Symbol
LOC111100399	596	111100399	LOC111100399	uncharacterized LOC111100399	protein-coding	Symbol
LOC111127183	596	111127183	LOC111127183	leucine-rich repeat-containing protein 58-like	protein-coding	Symbol
LOC111126113	595	NA	NA	NA	NA	NA
LOC111130435	595	111130435	LOC111130435	uncharacterized LOC111130435	protein-coding	Symbol
LOC111100637	594	111100637	LOC111100637	serine/threonine-protein kinase RIO3-like	protein-coding	Symbol
LOC111120180	594	NA	NA	NA	NA	NA
LOC111125665	594	111125665	LOC111125665	valine--tRNA ligase-like	protein-coding	Symbol
LOC111128185	594	111128185	LOC111128185	selenoprotein F-like	protein-coding	Symbol
LOC111132876	593	111132876	LOC111132876	uncharacterized LOC111132876	protein-coding	Symbol
LOC111119215	592	111119215	LOC111119215	dual specificity protein phosphatase CDC14AB-like	protein-coding	Symbol
LOC111123962	592	NA	NA	NA	NA	NA
LOC111135225	592	111135225	LOC111135225	selenocysteine-specific elongation factor-like	protein-coding	Symbol
LOC111103539	590	111103539	LOC111103539	synapse-associated protein 1-like	protein-coding	Symbol
LOC111111579	590	111111579	LOC111111579	RNA polymerase II elongation factor ELL-like	protein-coding	Symbol
LOC111128024	590	111128024	LOC111128024	small ribosomal subunit protein uS12m-like	protein-coding	Symbol
LOC111125223	589	111125223	LOC111125223	TGF-beta receptor type-1-like	protein-coding	Symbol
LOC111104023	588	NA	NA	NA	NA	NA
LOC111128674	588	111128674	LOC111128674	uncharacterized LOC111128674	protein-coding	Symbol
LOC111130661	586	111130661	LOC111130661	tubulin epsilon chain-like	protein-coding	Symbol
LOC111118793	585	111118793	LOC111118793	uncharacterized LOC111118793	protein-coding	Symbol
LOC111130222	585	111130222	LOC111130222	uncharacterized LOC111130222	protein-coding	Symbol
LOC111138440	585	111138440	LOC111138440	26S proteasome regulatory subunit 7	protein-coding	Symbol
LOC111124697	584	111124697	LOC111124697	homeobox protein Mohawk-like	protein-coding	Symbol
LOC111121413	582	111121413	LOC111121413	uncharacterized LOC111121413	protein-coding	Symbol
LOC111136432	582	111136432	LOC111136432	protein unc-119 homolog B-like	protein-coding	Symbol
LOC111128762	581	111128762	LOC111128762	uncharacterized LOC111128762	protein-coding	Symbol
LOC111131356	581	111131356	LOC111131356	DNA-directed RNA polymerase II subunit GRINL1A-like	protein-coding	Symbol
LOC111135887	581	111135887	LOC111135887	uncharacterized LOC111135887	protein-coding	Symbol
LOC111099182	580	111099182	LOC111099182	phosphoenolpyruvate phosphomutase	protein-coding	Symbol
LOC111124350	580	111124350	LOC111124350	phytanoyl-CoA hydroxylase-interacting protein-like	protein-coding	Symbol
LOC111135553	580	111135553	LOC111135553	long-chain-fatty-acid--CoA ligase 4-like	protein-coding	Symbol
LOC111136230	580	NA	NA	NA	NA	NA
LOC111127322	579	111127322	LOC111127322	voltage-dependent L-type calcium channel subunit beta-1-like	protein-coding	Symbol
LOC111136410	578	111136410	LOC111136410	potassium channel subfamily T member 2-like	protein-coding	Symbol
LOC111103220	577	111103220	LOC111103220	moesin a-like	protein-coding	Symbol
LOC111118919	577	NA	NA	NA	NA	NA
LOC111127008	576	111127008	LOC111127008	coiled-coil domain-containing protein 22 homolog	protein-coding	Symbol
LOC111103787	575	111103787	LOC111103787	cullin-5-like	protein-coding	Symbol
LOC111112045	575	111112045	LOC111112045	leucine-rich repeat flightless-interacting protein 2-like	protein-coding	Symbol
LOC111108255	574	111108255	LOC111108255	ADP-ribosylation factor-like protein 8A	protein-coding	Symbol
LOC111126926	574	111126926	LOC111126926	centromere protein S-like	protein-coding	Symbol
LOC111127475	574	111127475	LOC111127475	nucleolar protein 58-like	protein-coding	Symbol
LOC111134266	574	111134266	LOC111134266	calumenin-B-like	protein-coding	Symbol
LOC111109848	573	111109848	LOC111109848	low molecular weight phosphotyrosine protein phosphatase 1-like	protein-coding	Symbol
LOC111130898	573	111130898	LOC111130898	solute carrier family 12 member 1-like	protein-coding	Symbol
LOC111135003	573	111135003	LOC111135003	transcription factor CP2-like	protein-coding	Symbol
LOC111135432	573	111135432	LOC111135432	SREBP regulating gene protein-like	protein-coding	Symbol
LOC111110357	572	111110357	LOC111110357	uncharacterized LOC111110357	protein-coding	Symbol
LOC111133414	572	111133414	LOC111133414	sin3 histone deacetylase corepressor complex component SDS3-like	protein-coding	Symbol
LOC111105129	571	111105129	LOC111105129	uncharacterized LOC111105129	pseudo	Symbol
LOC111135605	571	111135605	LOC111135605	uncharacterized LOC111135605	protein-coding	Symbol
LOC111104020	569	111104020	LOC111104020	macoilin-like	protein-coding	Symbol
LOC111123978	569	111123978	LOC111123978	deoxyhypusine synthase-like	protein-coding	Symbol
LOC111102644	568	111102644	LOC111102644	uncharacterized LOC111102644	protein-coding	Symbol
LOC111104752	568	111104752	LOC111104752	uncharacterized LOC111104752	protein-coding	Symbol
LOC111110155	568	111110155	LOC111110155	uncharacterized LOC111110155	protein-coding	Symbol
LOC111126086	568	111126086	LOC111126086	E3 ubiquitin-protein ligase SH3RF3-like	protein-coding	Symbol
LOC111130157	568	111130157	LOC111130157	sorting nexin-6-like	protein-coding	Symbol
LOC111131036	568	111131036	LOC111131036	eukaryotic translation initiation factor 3 subunit K-like	protein-coding	Symbol
LOC111117152	567	NA	NA	NA	NA	NA
LOC111134723	567	111134723	LOC111134723	E3 ubiquitin-protein ligase MARCHF6-like	protein-coding	Symbol
LOC111122265	566	111122265	LOC111122265	tRNA-dihydrouridine(16/17) synthase [NAD(P)(+)]-like	protein-coding	Symbol
LOC111122436	566	111122436	LOC111122436	YTH domain-containing protein 1-like	protein-coding	Symbol
LOC111124314	566	111124314	LOC111124314	ADP-ribosylation factor-like protein 3	protein-coding	Symbol
LOC111127540	566	NA	NA	NA	NA	NA
LOC111128022	566	111128022	LOC111128022	small ribosomal subunit protein uS5m-like	protein-coding	Symbol
LOC111132962	566	111132962	LOC111132962	stimulator of interferon genes protein-like	protein-coding	Symbol
LOC111134243	566	111134243	LOC111134243	protein phosphatase 1 regulatory subunit 16A-like	protein-coding	Symbol
LOC111126987	565	111126987	LOC111126987	uncharacterized LOC111126987	protein-coding	Symbol
LOC111128605	565	111128605	LOC111128605	uncharacterized LOC111128605	protein-coding	Symbol
LOC111138124	565	111138124	LOC111138124	uncharacterized LOC111138124	protein-coding	Symbol
LOC111132803	564	111132803	LOC111132803	protein AATF-like	protein-coding	Symbol
LOC111111276	563	111111276	LOC111111276	uncharacterized LOC111111276	protein-coding	Symbol
LOC111121456	563	111121456	LOC111121456	histone chaperone asf1b-B-like	protein-coding	Symbol
LOC111131267	562	111131267	LOC111131267	serine/threonine-protein phosphatase 2A regulatory subunit B'' subunit gamma-like	protein-coding	Symbol
LOC111136084	562	111136084	LOC111136084	chromodomain-helicase-DNA-binding protein Mi-2 homolog	protein-coding	Symbol
LOC111123878	560	111123878	LOC111123878	zinc finger MYND domain-containing protein 19-like	protein-coding	Symbol
LOC111134612	560	111134612	LOC111134612	CD109 antigen-like	protein-coding	Symbol
LOC111123243	559	111123243	LOC111123243	phospholipid transfer protein C2CD2L-like	protein-coding	Symbol
LOC111124479	559	111124479	LOC111124479	mitogen-activated protein kinase kinase kinase 13-like	protein-coding	Symbol
LOC111104368	558	NA	NA	NA	NA	NA
LOC111117619	558	111117619	LOC111117619	uncharacterized LOC111117619	protein-coding	Symbol
LOC111135353	558	111135353	LOC111135353	5'-3' exoribonuclease 1-like	protein-coding	Symbol
LOC111125757	557	111125757	LOC111125757	uncharacterized LOC111125757	protein-coding	Symbol
LOC111099626	556	NA	NA	NA	NA	NA
LOC111135800	556	111135800	LOC111135800	general transcription factor IIF subunit 2-like	protein-coding	Symbol
LOC111101059	555	111101059	LOC111101059	uncharacterized LOC111101059	protein-coding	Symbol
LOC111102938	555	111102938	LOC111102938	uncharacterized LOC111102938	protein-coding	Symbol
LOC111114593	555	111114593	LOC111114593	integrin alpha-4-like	protein-coding	Symbol
LOC111099210	554	111099210	LOC111099210	uncharacterized LOC111099210	protein-coding	Symbol
LOC111103434	554	NA	NA	NA	NA	NA
LOC111112965	554	111112965	LOC111112965	vesicle-associated membrane protein 8-like	protein-coding	Symbol
LOC111126601	554	111126601	LOC111126601	lachesin-like	protein-coding	Symbol
LOC111106862	553	111106862	LOC111106862	inosine-5'-monophosphate dehydrogenase 1-like	protein-coding	Symbol
LOC111101313	552	111101313	LOC111101313	rho GTPase-activating protein 18-like	protein-coding	Symbol
LOC111113265	552	111113265	LOC111113265	integrin alpha-6-like	protein-coding	Symbol
LOC111122043	552	111122043	LOC111122043	phosphatidate cytidylyltransferase, photoreceptor-specific-like	protein-coding	Symbol
LOC111103094	551	111103094	LOC111103094	uncharacterized LOC111103094	protein-coding	Symbol
LOC111114799	551	111114799	LOC111114799	V-type proton ATPase subunit C 1-like	protein-coding	Symbol
LOC111126467	551	111126467	LOC111126467	very-long-chain 3-oxoacyl-CoA reductase-like	protein-coding	Symbol
LOC111119376	550	111119376	LOC111119376	uncharacterized LOC111119376	protein-coding	Symbol
LOC111135360	549	111135360	LOC111135360	alanine--glyoxylate aminotransferase 2, mitochondrial-like	protein-coding	Symbol
LOC111132421	548	NA	NA	NA	NA	NA
LOC111123266	547	111123266	LOC111123266	post-GPI attachment to proteins factor 2-like	protein-coding	Symbol
LOC111129443	547	NA	NA	NA	NA	NA
LOC111129444	547	111129444	LOC111129444	calmodulin	protein-coding	Symbol
LOC111123526	546	111123526	LOC111123526	uncharacterized LOC111123526	protein-coding	Symbol
LOC111138504	546	NA	NA	NA	NA	NA
LOC111099068	545	111099068	LOC111099068	protein unc-93 homolog A-like	protein-coding	Symbol
LOC111136180	545	111136180	LOC111136180	type 2 phosphatidylinositol 4,5-bisphosphate 4-phosphatase-like	protein-coding	Symbol
LOC111108426	544	111108426	LOC111108426	dedicator of cytokinesis protein 3-like	protein-coding	Symbol
LOC111119690	544	111119690	LOC111119690	uncharacterized LOC111119690	protein-coding	Symbol
LOC111133386	543	111133386	LOC111133386	putative methyltransferase DDB_G0268948	protein-coding	Symbol
LOC111130544	542	NA	NA	NA	NA	NA
LOC111131815	542	111131815	LOC111131815	transmembrane 6 superfamily member 1-like	protein-coding	Symbol
LOC111133045	542	NA	NA	NA	NA	NA
LOC111136329	542	111136329	LOC111136329	uncharacterized LOC111136329	protein-coding	Symbol
LOC111119285	541	111119285	LOC111119285	adhesion G protein-coupled receptor L3-like	protein-coding	Symbol
LOC111124324	541	111124324	LOC111124324	uncharacterized LOC111124324	protein-coding	Symbol
LOC111131044	540	111131044	LOC111131044	protein FAM136A-like	protein-coding	Symbol
LOC111136295	540	111136295	LOC111136295	uncharacterized LOC111136295	protein-coding	Symbol
LOC111122308	537	111122308	LOC111122308	uncharacterized LOC111122308	protein-coding	Symbol
LOC111111170	536	111111170	LOC111111170	uncharacterized LOC111111170	protein-coding	Symbol
LOC111115730	536	NA	NA	NA	NA	NA
LOC111119855	536	111119855	LOC111119855	forkhead box protein K1-like	protein-coding	Symbol
LOC111100900	534	111100900	LOC111100900	protein limb expression 1 homolog	protein-coding	Symbol
LOC111103323	534	111103323	LOC111103323	uncharacterized LOC111103323	protein-coding	Symbol
LOC111105286	534	NA	NA	NA	NA	NA
LOC111109163	534	NA	NA	NA	NA	NA
LOC111115689	534	111115689	LOC111115689	uncharacterized LOC111115689	protein-coding	Symbol
LOC111110867	533	NA	NA	NA	NA	NA
LOC111118028	533	111118028	LOC111118028	thymidine kinase 2, mitochondrial-like	protein-coding	Symbol
LOC111103339	532	111103339	LOC111103339	uncharacterized LOC111103339	protein-coding	Symbol
LOC111118860	532	NA	NA	NA	NA	NA
LOC111119243	532	111119243	LOC111119243	uncharacterized LOC111119243	protein-coding	Symbol
LOC111119799	532	111119799	LOC111119799	uncharacterized LOC111119799	protein-coding	Symbol
LOC111133892	532	111133892	LOC111133892	N-terminal EF-hand calcium-binding protein 1-like	protein-coding	Symbol
LOC111101148	531	111101148	LOC111101148	ADP-ribosylation factor GTPase-activating protein 3-like	protein-coding	Symbol
LOC111119177	531	111119177	LOC111119177	uncharacterized LOC111119177	protein-coding	Symbol
LOC111099460	530	111099460	LOC111099460	uncharacterized LOC111099460	protein-coding	Symbol
LOC111137955	530	111137955	LOC111137955	uncharacterized LOC111137955	protein-coding	Symbol
LOC111108370	529	111108370	LOC111108370	gelsolin-like protein 1	protein-coding	Symbol
LOC111135592	529	111135592	LOC111135592	uncharacterized LOC111135592	protein-coding	Symbol
LOC111120064	528	111120064	LOC111120064	coiled-coil domain-containing protein 6-like	protein-coding	Symbol
LOC111121839	528	111121839	LOC111121839	5'-AMP-activated protein kinase catalytic subunit alpha-2-like	protein-coding	Symbol
LOC111132990	528	111132990	LOC111132990	uncharacterized LOC111132990	protein-coding	Symbol
LOC111125671	527	111125671	LOC111125671	ATP-binding cassette sub-family E member 1	protein-coding	Symbol
LOC111111157	526	111111157	LOC111111157	vesicle transport through interaction with t-SNAREs homolog 1B-like	protein-coding	Symbol
LOC111115147	526	111115147	LOC111115147	homologous-pairing protein 2 homolog	protein-coding	Symbol
LOC111123045	526	111123045	LOC111123045	protein FRG1-like	protein-coding	Symbol
LOC111134973	525	111134973	LOC111134973	protein mono-ADP-ribosyltransferase PARP14-like	protein-coding	Symbol
LOC111109072	524	111109072	LOC111109072	uncharacterized LOC111109072	protein-coding	Symbol
LOC111123841	523	111123841	LOC111123841	ubiquitin carboxyl-terminal hydrolase isozyme L5-like	protein-coding	Symbol
LOC111134535	523	NA	NA	NA	NA	NA
LOC111107863	522	111107863	LOC111107863	neuroglian-like	protein-coding	Symbol
LOC111116431	521	NA	NA	NA	NA	NA
LOC111112993	519	111112993	LOC111112993	tubulin alpha-1A chain	protein-coding	Symbol
LOC111123494	518	NA	NA	NA	NA	NA
LOC111136795	518	111136795	LOC111136795	uncharacterized LOC111136795	protein-coding	Symbol
LOC111136886	517	111136886	LOC111136886	uncharacterized LOC111136886	protein-coding	Symbol
LOC111104179	515	111104179	LOC111104179	ras-related protein Rab-21-like	protein-coding	Symbol
LOC111115442	515	111115442	LOC111115442	uncharacterized LOC111115442	protein-coding	Symbol
LOC111131178	515	111131178	LOC111131178	sodium channel protein para-like	protein-coding	Symbol
LOC111103626	514	111103626	LOC111103626	uncharacterized LOC111103626	pseudo	Symbol
LOC111130529	514	NA	NA	NA	NA	NA
LOC111135160	514	111135160	LOC111135160	protein timeless homolog	protein-coding	Symbol
LOC111125551	513	NA	NA	NA	NA	NA
LOC111125784	513	111125784	LOC111125784	glutathione S-transferase C-terminal domain-containing protein-like	protein-coding	Symbol
LOC111128913	513	111128913	LOC111128913	band 4.1-like protein 3	protein-coding	Symbol
LOC111134129	513	NA	NA	NA	NA	NA
LOC111100426	512	111100426	LOC111100426	far upstream element-binding protein 3-like	protein-coding	Symbol
LOC111129301	512	111129301	LOC111129301	U1 small nuclear ribonucleoprotein 70 kDa-like	protein-coding	Symbol
LOC111133259	512	111133259	LOC111133259	AP-1 complex subunit gamma-1-like	protein-coding	Symbol
LOC111138017	512	111138017	LOC111138017	uncharacterized LOC111138017	protein-coding	Symbol
LOC111129332	511	111129332	LOC111129332	myeloid-derived growth factor-like	protein-coding	Symbol
LOC111122365	510	111122365	LOC111122365	putative histone deacetylase 1-B	protein-coding	Symbol
LOC111109775	509	111109775	LOC111109775	store-operated calcium entry regulator STIMATE-like	protein-coding	Symbol
LOC111128979	508	111128979	LOC111128979	muscle-specific protein 300 kDa-like	protein-coding	Symbol
LOC111108086	507	111108086	LOC111108086	plasma membrane calcium-transporting ATPase 2-like	protein-coding	Symbol
LOC111119375	506	111119375	LOC111119375	extracellular signal-regulated kinase 2-like	protein-coding	Symbol
LOC111106386	505	NA	NA	NA	NA	NA
LOC111134928	505	NA	NA	NA	NA	NA
LOC111137624	505	111137624	LOC111137624	uncharacterized LOC111137624	protein-coding	Symbol
LOC111100676	504	111100676	LOC111100676	endoribonuclease LACTB2-like	protein-coding	Symbol
LOC111137761	504	111137761	LOC111137761	CCR4-NOT transcription complex subunit 10-like	protein-coding	Symbol
LOC111103945	503	111103945	LOC111103945	TBC1 domain family member 15-like	protein-coding	Symbol
LOC111114987	503	111114987	LOC111114987	uncharacterized LOC111114987	protein-coding	Symbol
LOC111115569	503	111115569	LOC111115569	actin-related protein 2/3 complex subunit 2-like	protein-coding	Symbol
LOC111121131	503	111121131	LOC111121131	non-structural maintenance of chromosomes element 1 homolog	protein-coding	Symbol
LOC111135857	503	111135857	LOC111135857	F-box/WD repeat-containing protein 1A-like	protein-coding	Symbol
LOC111137581	501	111137581	LOC111137581	large ribosomal subunit protein uL18m-like	protein-coding	Symbol
LOC111133478	500	111133478	LOC111133478	uncharacterized LOC111133478	protein-coding	Symbol
LOC111103819	499	111103819	LOC111103819	uncharacterized LOC111103819	protein-coding	Symbol
LOC111125441	499	111125441	LOC111125441	uncharacterized LOC111125441	protein-coding	Symbol
LOC111128801	499	NA	NA	NA	NA	NA
LOC111127772	498	111127772	LOC111127772	COP9 signalosome complex subunit 2	protein-coding	Symbol
LOC111102817	497	NA	NA	NA	NA	NA
LOC111138487	497	111138487	LOC111138487	nonsense-mediated mRNA decay factor SMG9-like	protein-coding	Symbol
LOC111122286	496	111122286	LOC111122286	protein HtrL-like	protein-coding	Symbol
LOC111130385	496	111130385	LOC111130385	uncharacterized LOC111130385	protein-coding	Symbol
LOC111100587	495	111100587	LOC111100587	coiled-coil domain-containing protein 186-like	protein-coding	Symbol
LOC111103512	495	111103512	LOC111103512	uncharacterized LOC111103512	protein-coding	Symbol
LOC111108412	495	NA	NA	NA	NA	NA
LOC111124719	495	NA	NA	NA	NA	NA
LOC111129297	495	111129297	LOC111129297	BTB/POZ domain-containing protein 7-like	protein-coding	Symbol
LOC111136315	495	111136315	LOC111136315	uncharacterized LOC111136315	protein-coding	Symbol
LOC111130687	494	111130687	LOC111130687	uncharacterized LOC111130687	protein-coding	Symbol
LOC111134841	494	111134841	LOC111134841	protein yippee-like 1	protein-coding	Symbol
LOC111135650	494	111135650	LOC111135650	E3 SUMO-protein ligase NSE2-like	protein-coding	Symbol
LOC111100562	493	111100562	LOC111100562	propionyl-CoA carboxylase alpha chain, mitochondrial-like	protein-coding	Symbol
LOC111134967	493	111134967	LOC111134967	polyamine-transporting ATPase 13A3-like	protein-coding	Symbol
LOC111115006	491	111115006	LOC111115006	uncharacterized LOC111115006	protein-coding	Symbol
LOC111121098	489	111121098	LOC111121098	sterol carrier protein 2-like	protein-coding	Symbol
LOC111128086	489	NA	NA	NA	NA	NA
LOC111135462	487	111135462	LOC111135462	protein FAM124A-like	protein-coding	Symbol
LOC111130349	486	111130349	LOC111130349	cell division cycle-associated protein 4-like	protein-coding	Symbol
LOC111134378	486	111134378	LOC111134378	mpv17-like protein 2	protein-coding	Symbol
LOC111107715	484	111107715	LOC111107715	E3 ubiquitin-protein ligase RNF113A-like	protein-coding	Symbol
LOC111120529	484	111120529	LOC111120529	meiosis regulator and mRNA stability factor 1-like	protein-coding	Symbol
LOC111128716	484	NA	NA	NA	NA	NA
LOC111129891	483	111129891	LOC111129891	ribosome biogenesis protein NOP53-like	protein-coding	Symbol
LOC111129680	482	NA	NA	NA	NA	NA
LOC111137997	482	111137997	LOC111137997	uncharacterized LOC111137997	protein-coding	Symbol
LOC111104294	481	111104294	LOC111104294	monomeric sarcosine oxidase-like	protein-coding	Symbol
LOC111111234	481	NA	NA	NA	NA	NA
LOC111119585	481	111119585	LOC111119585	myelin transcription factor 1-like	protein-coding	Symbol
LOC111124436	481	111124436	LOC111124436	uncharacterized LOC111124436	protein-coding	Symbol
LOC111129882	480	111129882	LOC111129882	selenoprotein N-like	protein-coding	Symbol
LOC111129257	479	111129257	LOC111129257	proteasome activator complex subunit 4B-like	protein-coding	Symbol
LOC111118968	477	NA	NA	NA	NA	NA
LOC111126574	477	111126574	LOC111126574	golgin subfamily A member 1-like	protein-coding	Symbol
LOC111137248	477	111137248	LOC111137248	RPA-interacting protein A-like	protein-coding	Symbol
LOC111113264	474	111113264	LOC111113264	5'-AMP-activated protein kinase subunit gamma-1-like	protein-coding	Symbol
LOC111113578	474	NA	NA	NA	NA	NA
LOC111102904	473	NA	NA	NA	NA	NA
LOC111109896	473	111109896	LOC111109896	succinate dehydrogenase assembly factor 3, mitochondrial-like	protein-coding	Symbol
LOC111116497	473	111116497	LOC111116497	uncharacterized LOC111116497	protein-coding	Symbol
LOC111121868	472	111121868	LOC111121868	uncharacterized LOC111121868	protein-coding	Symbol
LOC111102243	471	111102243	LOC111102243	ras-related GTP-binding protein A	protein-coding	Symbol
LOC111108124	471	111108124	LOC111108124	IQ motif and SEC7 domain-containing protein 1-like	protein-coding	Symbol
LOC111125353	470	111125353	LOC111125353	coiled-coil domain-containing protein 138-like	protein-coding	Symbol
LOC111130755	470	NA	NA	NA	NA	NA
LOC111125202	469	111125202	LOC111125202	lipoyl synthase, mitochondrial-like	protein-coding	Symbol
LOC111102010	468	NA	NA	NA	NA	NA
LOC111126389	468	111126389	LOC111126389	dystonin-like	protein-coding	Symbol
LOC111102756	466	NA	NA	NA	NA	NA
LOC111105834	466	111105834	LOC111105834	ruvB-like 1	protein-coding	Symbol
LOC111130697	466	111130697	LOC111130697	centrosomal protein of 112 kDa-like	protein-coding	Symbol
LOC111136079	466	NA	NA	NA	NA	NA
LOC111137026	465	111137026	LOC111137026	uncharacterized LOC111137026	protein-coding	Symbol
LOC111111061	464	111111061	LOC111111061	U6 snRNA-associated Sm-like protein LSm7	protein-coding	Symbol
LOC111112913	464	111112913	LOC111112913	uncharacterized LOC111112913	protein-coding	Symbol
LOC111123624	464	111123624	LOC111123624	uncharacterized LOC111123624	protein-coding	Symbol
LOC111114229	463	111114229	LOC111114229	serine hydroxymethyltransferase, mitochondrial-like	protein-coding	Symbol
LOC111120390	463	111120390	LOC111120390	annexin A4-like	protein-coding	Symbol
LOC111119428	462	NA	NA	NA	NA	NA
LOC111133508	462	111133508	LOC111133508	uncharacterized LOC111133508	protein-coding	Symbol
LOC111122264	461	111122264	LOC111122264	V-type proton ATPase 116 kDa subunit a 1-like	protein-coding	Symbol
LOC111100351	460	111100351	LOC111100351	putative phosphoglycerate mutase	protein-coding	Symbol
LOC111100610	460	111100610	LOC111100610	mediator of RNA polymerase II transcription subunit 4-like	protein-coding	Symbol
LOC111109529	460	111109529	LOC111109529	uncharacterized LOC111109529	pseudo	Symbol
LOC111114768	459	111114768	LOC111114768	actin-related protein 3	protein-coding	Symbol
LOC111135580	459	111135580	LOC111135580	uncharacterized protein C8orf34-like	protein-coding	Symbol
LOC111105268	458	111105268	LOC111105268	uncharacterized LOC111105268	protein-coding	Symbol
LOC111118210	458	111118210	LOC111118210	oxidized purine nucleoside triphosphate hydrolase-like	protein-coding	Symbol
LOC111104350	457	NA	NA	NA	NA	NA
LOC111120062	457	111120062	LOC111120062	uncharacterized LOC111120062	protein-coding	Symbol
LOC111120294	457	111120294	LOC111120294	uncharacterized LOC111120294	protein-coding	Symbol
LOC111136479	457	111136479	LOC111136479	calpain-5-like	protein-coding	Symbol
LOC111125358	456	111125358	LOC111125358	protein dachsous-like	protein-coding	Symbol
LOC111126457	456	111126457	LOC111126457	uncharacterized LOC111126457	protein-coding	Symbol
LOC111135163	456	111135163	LOC111135163	phospholipid scramblase 2-like	protein-coding	Symbol
LOC111130582	455	111130582	LOC111130582	cyclin-dependent kinase-like 1	protein-coding	Symbol
LOC111135217	455	111135217	LOC111135217	uncharacterized LOC111135217	protein-coding	Symbol
LOC111100503	454	111100503	LOC111100503	monocarboxylate transporter 12-like	pseudo	Symbol
LOC111134865	454	111134865	LOC111134865	uncharacterized LOC111134865	protein-coding	Symbol
LOC111124753	453	NA	NA	NA	NA	NA
LOC111126658	453	111126658	LOC111126658	BMP-binding endothelial regulator protein-like	protein-coding	Symbol
LOC111130037	453	111130037	LOC111130037	organic cation transporter protein-like	protein-coding	Symbol
LOC111103867	452	111103867	LOC111103867	importin subunit alpha-1-like	protein-coding	Symbol
LOC111121108	452	NA	NA	NA	NA	NA
LOC111121844	452	111121844	LOC111121844	NADH dehydrogenase [ubiquinone] 1 alpha subcomplex subunit 7-like	protein-coding	Symbol
LOC111135872	452	111135872	LOC111135872	zyxin-like	protein-coding	Symbol
LOC111104327	451	NA	NA	NA	NA	NA
LOC111130192	451	111130192	LOC111130192	protein transport protein Sec23A-like	protein-coding	Symbol
LOC111133903	451	111133903	LOC111133903	kidney mitochondrial carrier protein 1	protein-coding	Symbol
LOC111114769	450	111114769	LOC111114769	NADH dehydrogenase [ubiquinone] 1 alpha subcomplex subunit 10, mitochondrial-like	protein-coding	Symbol
LOC111123262	449	111123262	LOC111123262	autophagy-related protein 13-like	protein-coding	Symbol
LOC111132949	449	111132949	LOC111132949	uncharacterized LOC111132949	protein-coding	Symbol
LOC111118102	448	111118102	LOC111118102	lipopolysaccharide-induced tumor necrosis factor-alpha factor homolog	protein-coding	Symbol
LOC111129178	448	NA	NA	NA	NA	NA
LOC111122414	447	111122414	LOC111122414	thimet oligopeptidase-like	protein-coding	Symbol
LOC111127789	447	111127789	LOC111127789	uncharacterized LOC111127789	protein-coding	Symbol
LOC111105356	446	111105356	LOC111105356	uncharacterized LOC111105356	protein-coding	Symbol
LOC111135853	446	111135853	LOC111135853	uncharacterized LOC111135853	protein-coding	Symbol
LOC111099932	445	111099932	LOC111099932	exostosin-1a-like	protein-coding	Symbol
LOC111122335	444	111122335	LOC111122335	tyrosine-protein kinase SYK-like	protein-coding	Symbol
LOC111136418	444	111136418	LOC111136418	uncharacterized LOC111136418	protein-coding	Symbol
LOC111137905	444	111137905	LOC111137905	5'-nucleotidase domain-containing protein 3-like	protein-coding	Symbol
LOC111137679	442	111137679	LOC111137679	pescadillo homolog	protein-coding	Symbol
LOC111135485	441	111135485	LOC111135485	retinoblastoma-like protein 1	protein-coding	Symbol
LOC111135555	440	111135555	LOC111135555	THO complex subunit 5 homolog	protein-coding	Symbol
LOC111119625	439	111119625	LOC111119625	DNA-binding protein RFX2-like	protein-coding	Symbol
LOC111128042	439	111128042	LOC111128042	uncharacterized LOC111128042	protein-coding	Symbol
LOC111126166	438	111126166	LOC111126166	D-serine dehydratase-like	protein-coding	Symbol
LOC111100612	437	111100612	LOC111100612	eukaryotic translation initiation factor 4E type 2-like	protein-coding	Symbol
LOC111121139	437	111121139	LOC111121139	guanine nucleotide-binding protein G(o) subunit alpha-like	protein-coding	Symbol
LOC111105199	436	111105199	LOC111105199	serine-threonine kinase receptor-associated protein-like	protein-coding	Symbol
LOC111108656	435	NA	NA	NA	NA	NA
LOC111115046	435	111115046	LOC111115046	kinesin-like protein KIF23	protein-coding	Symbol
LOC111120085	435	111120085	LOC111120085	guanylate cyclase 32E-like	protein-coding	Symbol
LOC111112880	434	111112880	LOC111112880	transcription factor IIIB 90 kDa subunit-like	protein-coding	Symbol
LOC111137989	434	111137989	LOC111137989	protein GUCD1-like	protein-coding	Symbol
LOC111107356	433	111107356	LOC111107356	UDP-galactose translocator-like	protein-coding	Symbol
LOC111113709	433	111113709	LOC111113709	prenylcysteine oxidase 1-like	protein-coding	Symbol
LOC111131272	433	111131272	LOC111131272	ribosomal RNA processing protein 36 homolog	protein-coding	Symbol
LOC111115752	432	NA	NA	NA	NA	NA
LOC111119395	432	NA	NA	NA	NA	NA
LOC111133780	432	111133780	LOC111133780	ceramide-1-phosphate transfer protein-like	protein-coding	Symbol
LOC111124377	430	111124377	LOC111124377	ATP-dependent (S)-NAD(P)H-hydrate dehydratase-like	protein-coding	Symbol
LOC111128027	430	111128027	LOC111128027	uncharacterized LOC111128027	protein-coding	Symbol
LOC111137032	429	111137032	LOC111137032	uncharacterized LOC111137032	protein-coding	Symbol
LOC111099216	428	111099216	LOC111099216	F-box only protein 42-like	protein-coding	Symbol
LOC111121200	428	111121200	LOC111121200	calcium-regulated heat stable protein 1-like	protein-coding	Symbol
LOC111127945	428	111127945	LOC111127945	protein angel homolog 2-like	protein-coding	Symbol
LOC111131375	428	111131375	LOC111131375	microfibrillar-associated protein 1-like	protein-coding	Symbol
LOC111134830	428	111134830	LOC111134830	E3 ubiquitin-protein ligase Bre1-like	protein-coding	Symbol
LOC111135835	428	111135835	LOC111135835	F-box only protein 9-like	protein-coding	Symbol
LOC111099081	427	111099081	LOC111099081	grpE protein homolog 1, mitochondrial-like	protein-coding	Symbol
LOC111119213	427	111119213	LOC111119213	mitochondrial import receptor subunit TOM22 homolog	protein-coding	Symbol
LOC111127729	427	111127729	LOC111127729	condensin complex subunit 1-like	protein-coding	Symbol
LOC111134735	427	111134735	LOC111134735	cohesin subunit SA-1-like	protein-coding	Symbol
LOC111107542	426	NA	NA	NA	NA	NA
LOC111110284	426	111110284	LOC111110284	uncharacterized LOC111110284	protein-coding	Symbol
LOC111136528	426	111136528	LOC111136528	acid phosphatase type 7-like	protein-coding	Symbol
LOC111110980	425	111110980	LOC111110980	uncharacterized LOC111110980	protein-coding	Symbol
LOC111126171	424	NA	NA	NA	NA	NA
LOC111131963	424	111131963	LOC111131963	rho guanine nucleotide exchange factor 39-like	protein-coding	Symbol
LOC111126002	423	111126002	LOC111126002	ubiquitin-conjugating enzyme E2 E2-like	protein-coding	Symbol
LOC111103080	422	111103080	LOC111103080	apoptosis regulator BAX-like	protein-coding	Symbol
LOC111135100	422	111135100	LOC111135100	large ribosomal subunit protein mL52-like	protein-coding	Symbol
LOC111103655	421	111103655	LOC111103655	uncharacterized LOC111103655	protein-coding	Symbol
LOC111129885	421	111129885	LOC111129885	transmembrane protein 87A-like	protein-coding	Symbol
LOC111108084	420	NA	NA	NA	NA	NA
LOC111114442	420	111114442	LOC111114442	uncharacterized LOC111114442	protein-coding	Symbol
LOC111118983	420	NA	NA	NA	NA	NA
LOC111135588	420	111135588	LOC111135588	exocyst complex component 4-like	protein-coding	Symbol
LOC111113238	419	111113238	LOC111113238	protein scribble homolog	protein-coding	Symbol
LOC111127416	419	111127416	LOC111127416	myotubularin-related protein 9-like	protein-coding	Symbol
LOC111130338	419	111130338	LOC111130338	uncharacterized LOC111130338	protein-coding	Symbol
LOC111135328	419	111135328	LOC111135328	uncharacterized LOC111135328	protein-coding	Symbol
LOC111107757	418	NA	NA	NA	NA	NA
LOC111110084	418	111110084	LOC111110084	CD151 antigen-like	protein-coding	Symbol
LOC111118362	418	111118362	LOC111118362	THUMP domain-containing protein 1-like	protein-coding	Symbol
LOC111106200	417	111106200	LOC111106200	thioredoxin domain-containing protein 9-like	protein-coding	Symbol
LOC111127248	416	NA	NA	NA	NA	NA
LOC111135313	416	111135313	LOC111135313	signal peptide peptidase-like 3	protein-coding	Symbol
LOC111129746	415	NA	NA	NA	NA	NA
LOC111136968	414	111136968	LOC111136968	histone acetyltransferase type B catalytic subunit-like	protein-coding	Symbol
LOC111100599	413	111100599	LOC111100599	glycerol kinase 5-like	protein-coding	Symbol
LOC111119749	413	111119749	LOC111119749	ras-related protein Rab-40B-like	protein-coding	Symbol
LOC111125293	413	111125293	LOC111125293	large neutral amino acids transporter small subunit 1-like	protein-coding	Symbol
LOC111127095	413	111127095	LOC111127095	succinate dehydrogenase cytochrome b560 subunit, mitochondrial-like	protein-coding	Symbol
LOC111129175	413	111129175	LOC111129175	perilipin-2-like	protein-coding	Symbol
LOC111120034	412	111120034	LOC111120034	uncharacterized LOC111120034	protein-coding	Symbol
LOC111134884	412	111134884	LOC111134884	cytoplasmic tRNA 2-thiolation protein 2-like	protein-coding	Symbol
LOC111106570	411	111106570	LOC111106570	nuclear receptor coactivator 7-like	protein-coding	Symbol
LOC111123852	411	111123852	LOC111123852	DNA (cytosine-5)-methyltransferase 1-like	protein-coding	Symbol
LOC111123961	411	111123961	LOC111123961	cyclin-dependent kinase 6-like	protein-coding	Symbol
LOC111100993	410	111100993	LOC111100993	uncharacterized LOC111100993	protein-coding	Symbol
LOC111125826	410	111125826	LOC111125826	DNA-directed RNA polymerase III subunit RPC9-like	protein-coding	Symbol
LOC111125156	409	111125156	LOC111125156	uncharacterized LOC111125156	protein-coding	Symbol
LOC111102163	408	111102163	LOC111102163	uncharacterized LOC111102163	protein-coding	Symbol
LOC111118653	408	111118653	LOC111118653	uncharacterized LOC111118653	protein-coding	Symbol
LOC111125921	408	111125921	LOC111125921	uncharacterized LOC111125921	protein-coding	Symbol
LOC111119185	407	111119185	LOC111119185	uncharacterized LOC111119185	protein-coding	Symbol
LOC111136157	406	111136157	LOC111136157	uncharacterized LOC111136157	protein-coding	Symbol
LOC111104415	404	111104415	LOC111104415	uncharacterized LOC111104415	protein-coding	Symbol
LOC111118184	404	NA	NA	NA	NA	NA
LOC111121363	404	111121363	LOC111121363	uncharacterized LOC111121363	protein-coding	Symbol
LOC111124565	402	111124565	LOC111124565	ribose-5-phosphate isomerase-like	protein-coding	Symbol
LOC111120494	401	111120494	LOC111120494	hillarin-like	protein-coding	Symbol
LOC111134008	401	111134008	LOC111134008	cytoskeleton-associated protein 5-like	protein-coding	Symbol
LOC111137616	401	111137616	LOC111137616	uncharacterized LOC111137616	protein-coding	Symbol
LOC111123087	399	111123087	LOC111123087	NF-kappa-B inhibitor-like protein 1	protein-coding	Symbol
LOC111108896	398	111108896	LOC111108896	uncharacterized LOC111108896	protein-coding	Symbol
LOC111122274	398	111122274	LOC111122274	uncharacterized LOC111122274	protein-coding	Symbol
LOC111135219	398	111135219	LOC111135219	monocarboxylate transporter 12-like	protein-coding	Symbol
LOC111137300	398	111137300	LOC111137300	prefoldin subunit 4-like	protein-coding	Symbol
LOC111120230	397	111120230	LOC111120230	uncharacterized LOC111120230	protein-coding	Symbol
LOC111125089	397	111125089	LOC111125089	solute carrier family 4 member 11-like	protein-coding	Symbol
LOC111132268	397	NA	NA	NA	NA	NA
LOC111128639	396	111128639	LOC111128639	uncharacterized LOC111128639	protein-coding	Symbol
LOC111122732	394	111122732	LOC111122732	uncharacterized LOC111122732	protein-coding	Symbol
LOC111122848	394	111122848	LOC111122848	vacuolar protein sorting-associated protein 26C-like	protein-coding	Symbol
LOC111118830	392	NA	NA	NA	NA	NA
LOC111126107	392	111126107	LOC111126107	WW domain-binding protein 4-like	protein-coding	Symbol
LOC111134404	392	111134404	LOC111134404	nicotinate phosphoribosyltransferase-like	protein-coding	Symbol
LOC111134783	392	NA	NA	NA	NA	NA
LOC111099459	391	111099459	LOC111099459	uncharacterized LOC111099459	protein-coding	Symbol
LOC111108553	391	111108553	LOC111108553	uncharacterized LOC111108553	protein-coding	Symbol
LOC111120053	391	NA	NA	NA	NA	NA
LOC111135628	391	111135628	LOC111135628	uncharacterized LOC111135628	protein-coding	Symbol
LOC111105165	390	111105165	LOC111105165	uncharacterized LOC111105165	protein-coding	Symbol
LOC111134615	390	111134615	LOC111134615	uncharacterized LOC111134615	protein-coding	Symbol
LOC111120037	389	111120037	LOC111120037	polycomb protein suz12-like	protein-coding	Symbol
LOC111129194	389	111129194	LOC111129194	galactose mutarotase-like	protein-coding	Symbol
LOC111132239	389	NA	NA	NA	NA	NA
LOC111119761	388	NA	NA	NA	NA	NA
LOC111125078	388	111125078	LOC111125078	uncharacterized LOC111125078	protein-coding	Symbol
LOC111129087	388	111129087	LOC111129087	uncharacterized LOC111129087	protein-coding	Symbol
LOC111129643	387	NA	NA	NA	NA	NA
LOC111125234	386	111125234	LOC111125234	uncharacterized LOC111125234	protein-coding	Symbol
LOC111125363	386	111125363	LOC111125363	centrosomal protein of 135 kDa-like	protein-coding	Symbol
LOC111125748	386	111125748	LOC111125748	anaphase-promoting complex subunit 10-like	protein-coding	Symbol
LOC111126211	386	111126211	LOC111126211	complex III assembly factor LYRM7-like	protein-coding	Symbol
LOC111130051	386	111130051	LOC111130051	tRNA (32-2'-O)-methyltransferase regulator THADA-like	protein-coding	Symbol
LOC111121444	385	111121444	LOC111121444	trafficking protein particle complex subunit 5-like	protein-coding	Symbol
LOC111125660	385	111125660	LOC111125660	DNA repair protein SWI5 homolog	protein-coding	Symbol
LOC111122806	384	NA	NA	NA	NA	NA
LOC111128062	384	111128062	LOC111128062	MAU2 chromatid cohesion factor homolog	protein-coding	Symbol
LOC111103422	383	NA	NA	NA	NA	NA
LOC111121226	383	111121226	LOC111121226	NADPH-dependent 3-demethoxyubiquinone 3-hydroxylase, mitochondrial-like	protein-coding	Symbol
LOC111129144	382	111129144	LOC111129144	cap-specific mRNA (nucleoside-2'-O-)-methyltransferase 1-like	protein-coding	Symbol
LOC111103987	381	NA	NA	NA	NA	NA
LOC111105213	381	NA	NA	NA	NA	NA
LOC111115883	381	111115883	LOC111115883	peroxisomal bifunctional enzyme-like	protein-coding	Symbol
LOC111129732	380	111129732	LOC111129732	uncharacterized LOC111129732	protein-coding	Symbol
LOC111112862	379	111112862	LOC111112862	FAST kinase domain-containing protein 4-like	protein-coding	Symbol
LOC111113271	379	111113271	LOC111113271	EKC/KEOPS complex subunit LAGE3-like	protein-coding	Symbol
LOC111127266	379	111127266	LOC111127266	uncharacterized LOC111127266	protein-coding	Symbol
LOC111138492	379	111138492	LOC111138492	uncharacterized LOC111138492	protein-coding	Symbol
LOC111124696	378	111124696	LOC111124696	E3 SUMO-protein ligase RanBP2-like	protein-coding	Symbol
LOC111129484	378	111129484	LOC111129484	protein PALS1-like	protein-coding	Symbol
LOC111131391	378	111131391	LOC111131391	NPC intracellular cholesterol transporter 2-like	protein-coding	Symbol
LOC111119098	376	111119098	LOC111119098	uncharacterized LOC111119098	protein-coding	Symbol
LOC111119417	376	111119417	LOC111119417	COMM domain-containing protein 9-like	protein-coding	Symbol
LOC111136093	376	111136093	LOC111136093	transmembrane protein 248-like	protein-coding	Symbol
LOC111133239	375	111133239	LOC111133239	calcium/calmodulin-dependent protein kinase kinase 1-like	protein-coding	Symbol
LOC111113051	373	111113051	LOC111113051	uncharacterized LOC111113051	protein-coding	Symbol
LOC111120002	373	111120002	LOC111120002	EF-hand calcium-binding domain-containing protein 14-like	protein-coding	Symbol
LOC111099410	372	111099410	LOC111099410	signal peptide, CUB and EGF-like domain-containing protein 2	protein-coding	Symbol
LOC111131843	372	111131843	LOC111131843	lysosomal-trafficking regulator-like	protein-coding	Symbol
LOC111120833	371	111120833	LOC111120833	protein patched homolog 1-like	protein-coding	Symbol
LOC111126139	371	111126139	LOC111126139	uncharacterized LOC111126139	protein-coding	Symbol
LOC111135201	371	NA	NA	NA	NA	NA
LOC111114536	370	111114536	LOC111114536	nuclear receptor ROR-beta-like	protein-coding	Symbol
LOC111123959	370	NA	NA	NA	NA	NA
LOC111126347	368	111126347	LOC111126347	LIM/homeobox protein LMX-1.2-like	protein-coding	Symbol
LOC111102002	367	NA	NA	NA	NA	NA
LOC111122863	366	111122863	LOC111122863	uncharacterized LOC111122863	protein-coding	Symbol
LOC111126441	366	NA	NA	NA	NA	NA
LOC111118703	365	111118703	LOC111118703	uncharacterized LOC111118703	protein-coding	Symbol
LOC111119635	365	111119635	LOC111119635	alpha-2-macroglobulin receptor-associated protein-like	protein-coding	Symbol
LOC111135244	365	111135244	LOC111135244	RWD domain-containing protein 4-like	protein-coding	Symbol
LOC111120231	364	111120231	LOC111120231	uncharacterized LOC111120231	protein-coding	Symbol
LOC111131105	364	111131105	LOC111131105	importin-11-like	protein-coding	Symbol
LOC111134647	364	111134647	LOC111134647	coronin-1B-like	protein-coding	Symbol
LOC111118231	363	111118231	LOC111118231	FAS-associated death domain protein-like	protein-coding	Symbol
LOC111120575	363	111120575	LOC111120575	sorting nexin-19-like	protein-coding	Symbol
LOC111126356	363	111126356	LOC111126356	glycosaminoglycan xylosylkinase-like	protein-coding	Symbol
LOC111135927	363	111135927	LOC111135927	uncharacterized LOC111135927	protein-coding	Symbol
LOC111136442	363	111136442	LOC111136442	uncharacterized LOC111136442	protein-coding	Symbol
LOC111137466	363	111137466	LOC111137466	heat shock 70 kDa protein 12A-like	protein-coding	Symbol
LOC111100181	362	NA	NA	NA	NA	NA
LOC111133205	362	111133205	LOC111133205	uncharacterized LOC111133205	protein-coding	Symbol
LOC111137582	361	111137582	LOC111137582	uncharacterized protein F21D5.5-like	protein-coding	Symbol
LOC111138132	360	111138132	LOC111138132	centromere protein L-like	protein-coding	Symbol
LOC111107387	359	111107387	LOC111107387	leucine-rich repeat serine/threonine-protein kinase 2-like	protein-coding	Symbol
LOC111126003	358	111126003	LOC111126003	leucine--tRNA ligase, cytoplasmic-like	protein-coding	Symbol
LOC111126284	358	111126284	LOC111126284	ankyrin repeat and SOCS box protein 16-like	protein-coding	Symbol
LOC111118346	356	111118346	LOC111118346	uncharacterized protein C6orf62 homolog	protein-coding	Symbol
LOC111121055	356	111121055	LOC111121055	kinesin-like protein KIF2A	protein-coding	Symbol
LOC111118626	355	111118626	LOC111118626	uncharacterized LOC111118626	protein-coding	Symbol
LOC111120956	354	111120956	LOC111120956	structural maintenance of chromosomes protein 2-like	protein-coding	Symbol
LOC111129014	354	111129014	LOC111129014	DNA-directed RNA polymerase II subunit RPB9-like	protein-coding	Symbol
LOC111135489	354	111135489	LOC111135489	dCTP pyrophosphatase 1-like	protein-coding	Symbol
LOC111114641	353	111114641	LOC111114641	cartilage acidic protein 1-like	protein-coding	Symbol
LOC111131488	353	NA	NA	NA	NA	NA
LOC111131611	353	111131611	LOC111131611	uncharacterized LOC111131611	protein-coding	Symbol
LOC111101944	352	NA	NA	NA	NA	NA
LOC111126406	351	111126406	LOC111126406	large ribosomal subunit protein uL22m-like	protein-coding	Symbol
LOC111133378	351	111133378	LOC111133378	protein fantom-like	protein-coding	Symbol
LOC111120981	350	111120981	LOC111120981	large ribosomal subunit protein bL27m-like	protein-coding	Symbol
LOC111136629	350	111136629	LOC111136629	neuroguidin-like	protein-coding	Symbol
LOC111105744	349	111105744	LOC111105744	uncharacterized LOC111105744	protein-coding	Symbol
LOC111112065	349	111112065	LOC111112065	uncharacterized LOC111112065	protein-coding	Symbol
LOC111114230	349	NA	NA	NA	NA	NA
LOC111115857	348	111115857	LOC111115857	uncharacterized LOC111115857	protein-coding	Symbol
LOC111118406	348	111118406	LOC111118406	uncharacterized LOC111118406	protein-coding	Symbol
LOC111122095	348	111122095	LOC111122095	signal recognition particle subunit SRP68-like	protein-coding	Symbol
LOC111125304	348	111125304	LOC111125304	sterol regulatory element-binding protein 1-like	protein-coding	Symbol
LOC111125871	348	111125871	LOC111125871	uncharacterized LOC111125871	protein-coding	Symbol
LOC111134559	348	111134559	LOC111134559	propionyl-CoA carboxylase beta chain, mitochondrial-like	protein-coding	Symbol
LOC111137225	348	111137225	LOC111137225	PHD finger protein 14-like	protein-coding	Symbol
LOC111107149	347	NA	NA	NA	NA	NA
LOC111118315	347	111118315	LOC111118315	F-BAR domain only protein 2-like	protein-coding	Symbol
LOC111120953	347	111120953	LOC111120953	uncharacterized LOC111120953	protein-coding	Symbol
LOC111123381	347	111123381	LOC111123381	rRNA 2'-O-methyltransferase fibrillarin-like	protein-coding	Symbol
LOC111127826	347	111127826	LOC111127826	dicarboxylate carrier UCP2	protein-coding	Symbol
LOC111132936	347	111132936	LOC111132936	uncharacterized LOC111132936	protein-coding	Symbol
LOC111135499	347	111135499	LOC111135499	pre-mRNA-processing factor 6-like	protein-coding	Symbol
LOC111135542	347	111135542	LOC111135542	DNA-binding protein RFX6-like	protein-coding	Symbol
LOC111136036	347	111136036	LOC111136036	uncharacterized LOC111136036	protein-coding	Symbol
LOC111122052	346	111122052	LOC111122052	threonylcarbamoyladenosine tRNA methylthiotransferase-like	protein-coding	Symbol
LOC111127133	346	111127133	LOC111127133	ADAM 17-like protease	protein-coding	Symbol
LOC111102965	345	111102965	LOC111102965	uncharacterized LOC111102965	protein-coding	Symbol
LOC111137537	345	111137537	LOC111137537	something about silencing protein 10-like	protein-coding	Symbol
LOC111116344	344	NA	NA	NA	NA	NA
LOC111106819	342	111106819	LOC111106819	cadherin EGF LAG seven-pass G-type receptor 1-like	protein-coding	Symbol
LOC111129131	342	111129131	LOC111129131	uncharacterized LOC111129131	protein-coding	Symbol
LOC111133221	342	111133221	LOC111133221	uncharacterized LOC111133221	protein-coding	Symbol
LOC111100957	341	111100957	LOC111100957	cyclic AMP-dependent transcription factor ATF-7-like	protein-coding	Symbol
LOC111122170	341	111122170	LOC111122170	uncharacterized LOC111122170	protein-coding	Symbol
LOC111115775	340	111115775	LOC111115775	uncharacterized LOC111115775	protein-coding	Symbol
LOC111135005	340	111135005	LOC111135005	uncharacterized LOC111135005	protein-coding	Symbol
LOC111135774	340	111135774	LOC111135774	phagosome assembly factor 1-like	protein-coding	Symbol
LOC111120888	339	111120888	LOC111120888	replication protein A 32 kDa subunit-like	protein-coding	Symbol
LOC111107484	338	NA	NA	NA	NA	NA
LOC111130760	338	111130760	LOC111130760	TATA box-binding protein-associated factor RNA polymerase I subunit A-like	protein-coding	Symbol
LOC111135317	338	111135317	LOC111135317	acyl-coenzyme A thioesterase 9, mitochondrial-like	protein-coding	Symbol
LOC111136675	338	111136675	LOC111136675	pachytene checkpoint protein 2 homolog	protein-coding	Symbol
LOC111108122	337	NA	NA	NA	NA	NA
LOC111108345	337	111108345	LOC111108345	metallothionein	protein-coding	Symbol
LOC111128470	337	111128470	LOC111128470	CDK-activating kinase assembly factor MAT1-like	protein-coding	Symbol
LOC111136530	337	111136530	LOC111136530	poly(A)-specific ribonuclease PNLDC1-like	protein-coding	Symbol
LOC111137781	337	111137781	LOC111137781	RIMS-binding protein 2-like	protein-coding	Symbol
LOC111118304	336	111118304	LOC111118304	RNA binding protein fox-1 homolog 1-like	protein-coding	Symbol
LOC111120629	336	111120629	LOC111120629	uncharacterized LOC111120629	protein-coding	Symbol
LOC111123630	336	NA	NA	NA	NA	NA
LOC111124308	336	111124308	LOC111124308	F-box only protein 5-like	protein-coding	Symbol
LOC111132361	336	111132361	LOC111132361	protein DDI1 homolog 2-like	protein-coding	Symbol
LOC111133216	335	111133216	LOC111133216	sideroflexin-1-like	protein-coding	Symbol
LOC111101029	334	111101029	LOC111101029	chromatin accessibility complex protein 1-like	protein-coding	Symbol
LOC111118975	334	111118975	LOC111118975	uncharacterized LOC111118975	protein-coding	Symbol
LOC111136239	334	111136239	LOC111136239	protein HIRA-like	protein-coding	Symbol
LOC111124091	332	NA	NA	NA	NA	NA
LOC111130826	332	NA	NA	NA	NA	NA
LOC111138400	332	111138400	LOC111138400	uncharacterized LOC111138400	ncRNA	Symbol
LOC111119150	331	NA	NA	NA	NA	NA
LOC111129965	331	111129965	LOC111129965	uncharacterized LOC111129965	protein-coding	Symbol
LOC111124757	330	111124757	LOC111124757	protein mono-ADP-ribosyltransferase PARP15-like	protein-coding	Symbol
LOC111130919	330	NA	NA	NA	NA	NA
LOC111100374	329	111100374	LOC111100374	uncharacterized LOC111100374	protein-coding	Symbol
LOC111124836	329	111124836	LOC111124836	uncharacterized LOC111124836	protein-coding	Symbol
LOC111100047	327	111100047	LOC111100047	uncharacterized LOC111100047	protein-coding	Symbol
LOC111100584	327	111100584	LOC111100584	tudor domain-containing 6-like	protein-coding	Symbol
LOC111118437	327	111118437	LOC111118437	uncharacterized LOC111118437	protein-coding	Symbol
LOC111122328	326	111122328	LOC111122328	E3 ubiquitin-protein ligase UHRF1-like	protein-coding	Symbol
LOC111123252	325	NA	NA	NA	NA	NA
LOC111134216	325	111134216	LOC111134216	eukaryotic translation initiation factor 3 subunit A-like	protein-coding	Symbol
LOC111138204	325	111138204	LOC111138204	putative E3 ubiquitin-protein ligase HECTD2	protein-coding	Symbol
LOC111121197	324	111121197	LOC111121197	peroxisome biogenesis factor 10-like	protein-coding	Symbol
LOC111134852	324	111134852	LOC111134852	2,4-dienoyl-CoA reductase [(3E)-enoyl-CoA-producing], mitochondrial-like	protein-coding	Symbol
LOC111124568	323	111124568	LOC111124568	uncharacterized LOC111124568	protein-coding	Symbol
LOC111119318	322	NA	NA	NA	NA	NA
LOC111104180	321	111104180	LOC111104180	SAM and SH3 domain-containing protein 1-like	protein-coding	Symbol
LOC111128145	321	111128145	LOC111128145	protein FAM177A1-like	protein-coding	Symbol
LOC111128202	321	NA	NA	NA	NA	NA
LOC111115943	319	111115943	LOC111115943	coiled-coil domain-containing protein 93-like	protein-coding	Symbol
LOC111119735	319	111119735	LOC111119735	cadherin-23-like	protein-coding	Symbol
LOC111125379	319	111125379	LOC111125379	DCN1-like protein 5	protein-coding	Symbol
LOC111122288	318	111122288	LOC111122288	uncharacterized LOC111122288	protein-coding	Symbol
LOC111128909	318	111128909	LOC111128909	alpha-mannosidase 2-like	protein-coding	Symbol
LOC111132644	316	NA	NA	NA	NA	NA
LOC111108286	315	NA	NA	NA	NA	NA
LOC111109973	315	111109973	LOC111109973	isocitrate dehydrogenase [NAD] subunit gamma, mitochondrial-like	protein-coding	Symbol
LOC111124507	315	NA	NA	NA	NA	NA
LOC111124584	315	111124584	LOC111124584	heat shock 70 kDa protein 12A-like	protein-coding	Symbol
LOC111126272	315	111126272	LOC111126272	fibrocystin-L-like	protein-coding	Symbol
LOC111105042	314	111105042	LOC111105042	uncharacterized LOC111105042	ncRNA	Symbol
LOC111115638	314	NA	NA	NA	NA	NA
LOC111119775	314	111119775	LOC111119775	protein CLEC16A-like	protein-coding	Symbol
LOC111120127	313	111120127	LOC111120127	histone-arginine methyltransferase CARMER-like	protein-coding	Symbol
LOC111121171	313	111121171	LOC111121171	DNA ligase 1-like	protein-coding	Symbol
LOC111126736	313	111126736	LOC111126736	oligosaccharyltransferase complex subunit OSTC-like	protein-coding	Symbol
LOC111126990	312	NA	NA	NA	NA	NA
LOC111130485	312	111130485	LOC111130485	GRIP and coiled-coil domain-containing protein 1-like	protein-coding	Symbol
LOC111101331	311	NA	NA	NA	NA	NA
LOC111118225	311	111118225	LOC111118225	uncharacterized LOC111118225	protein-coding	Symbol
LOC111125589	311	111125589	LOC111125589	glycoprotein-N-acetylgalactosamine 3-beta-galactosyltransferase 1-like	protein-coding	Symbol
LOC111130145	311	111130145	LOC111130145	uncharacterized LOC111130145	protein-coding	Symbol
LOC111105064	310	111105064	LOC111105064	stomatin-like protein 1	protein-coding	Symbol
LOC111128589	310	111128589	LOC111128589	mitochondrial fission factor-like	protein-coding	Symbol
LOC111100709	309	111100709	LOC111100709	integrase/recombinase xerD homolog	protein-coding	Symbol
LOC111127009	309	111127009	LOC111127009	muscle-specific protein 20-like	protein-coding	Symbol
LOC111129922	309	111129922	LOC111129922	thrombospondin type-1 domain-containing protein 4-like	protein-coding	Symbol
LOC111137727	309	111137727	LOC111137727	piezo-type mechanosensitive ion channel component 1-like	protein-coding	Symbol
LOC111101035	308	111101035	LOC111101035	baculoviral IAP repeat-containing protein 7-B-like	protein-coding	Symbol
LOC111117244	308	NA	NA	NA	NA	NA
LOC111101020	307	NA	NA	NA	NA	NA
LOC111105716	307	111105716	LOC111105716	protein polybromo-1-like	protein-coding	Symbol
LOC111120291	307	111120291	LOC111120291	uncharacterized LOC111120291	protein-coding	Symbol
LOC111120518	307	111120518	LOC111120518	protein transport protein Sec31A-like	protein-coding	Symbol
LOC111119994	306	111119994	LOC111119994	transcription factor E2F3-like	protein-coding	Symbol
LOC111123796	305	111123796	LOC111123796	malignant fibrous histiocytoma-amplified sequence 1 homolog	protein-coding	Symbol
LOC111131656	305	111131656	LOC111131656	triokinase/FMN cyclase-like	protein-coding	Symbol
LOC111137757	305	111137757	LOC111137757	carbohydrate sulfotransferase 15-like	protein-coding	Symbol
LOC111137968	305	111137968	LOC111137968	DNA fragmentation factor subunit beta-like	protein-coding	Symbol
LOC111135195	304	NA	NA	NA	NA	NA
LOC111106419	303	NA	NA	NA	NA	NA
LOC111112204	303	111112204	LOC111112204	uncharacterized LOC111112204	protein-coding	Symbol
LOC111123676	302	111123676	LOC111123676	extracellular matrix protein 3-like	protein-coding	Symbol
LOC111132691	302	NA	NA	NA	NA	NA
LOC111107171	301	111107171	LOC111107171	dipeptidyl peptidase 1-like	protein-coding	Symbol
LOC111119448	301	111119448	LOC111119448	ADP-ribosylation factor-like protein 4C	protein-coding	Symbol
LOC111124297	301	111124297	LOC111124297	DNA replication licensing factor MCM3-like	protein-coding	Symbol
LOC111123705	300	111123705	LOC111123705	uncharacterized LOC111123705	ncRNA	Symbol
LOC111136263	300	111136263	LOC111136263	uncharacterized LOC111136263	protein-coding	Symbol
LOC111127491	299	111127491	LOC111127491	amidophosphoribosyltransferase-like	protein-coding	Symbol
LOC111129086	299	111129086	LOC111129086	protein toll-like	protein-coding	Symbol
LOC111129516	299	111129516	LOC111129516	multiple C2 and transmembrane domain-containing protein 1-like	protein-coding	Symbol
LOC111106820	298	NA	NA	NA	NA	NA
LOC111137271	298	111137271	LOC111137271	protein lin-7 homolog C-like	protein-coding	Symbol
LOC111112940	296	111112940	LOC111112940	mothers against decapentaplegic homolog 3-like	protein-coding	Symbol
LOC111123964	296	111123964	LOC111123964	kelch-like protein 5	protein-coding	Symbol
LOC111124573	296	111124573	LOC111124573	uncharacterized LOC111124573	protein-coding	Symbol
LOC111133568	296	NA	NA	NA	NA	NA
LOC111136680	296	111136680	LOC111136680	uncharacterized LOC111136680	protein-coding	Symbol
LOC111138222	296	111138222	LOC111138222	F-box/SPRY domain-containing protein 1-like	protein-coding	Symbol
LOC111120480	295	111120480	LOC111120480	prolyl 4-hydroxylase subunit alpha-1-like	protein-coding	Symbol
LOC111122023	295	111122023	LOC111122023	uncharacterized LOC111122023	protein-coding	Symbol
LOC111125600	295	NA	NA	NA	NA	NA
LOC111129436	295	111129436	LOC111129436	universal stress protein YxiE-like	protein-coding	Symbol
LOC111136735	295	111136735	LOC111136735	nucleoside hydrolase-like	protein-coding	Symbol
LOC111122579	294	111122579	LOC111122579	uncharacterized LOC111122579	protein-coding	Symbol
LOC111123221	294	111123221	LOC111123221	RAB6-interacting golgin-like	protein-coding	Symbol
LOC111138107	294	NA	NA	NA	NA	NA
LOC111129736	293	111129736	LOC111129736	uncharacterized LOC111129736	protein-coding	Symbol
LOC111131289	293	111131289	LOC111131289	uncharacterized LOC111131289	protein-coding	Symbol
LOC111133452	293	111133452	LOC111133452	large ribosomal subunit protein uL10m-like	protein-coding	Symbol
LOC111136183	293	NA	NA	NA	NA	NA
LOC111138170	293	111138170	LOC111138170	uncharacterized LOC111138170	protein-coding	Symbol
LOC111099547	292	111099547	LOC111099547	uncharacterized LOC111099547	protein-coding	Symbol
LOC111100590	292	111100590	LOC111100590	armadillo-like helical domain-containing protein 3	protein-coding	Symbol
LOC111107403	292	111107403	LOC111107403	G-protein coupled receptor moody-like	protein-coding	Symbol
LOC111107760	292	NA	NA	NA	NA	NA
LOC111109398	292	111109398	LOC111109398	uncharacterized LOC111109398	protein-coding	Symbol
LOC111129558	292	111129558	LOC111129558	uncharacterized LOC111129558	protein-coding	Symbol
LOC111128544	291	NA	NA	NA	NA	NA
LOC111130820	291	111130820	LOC111130820	zinc transporter ZIP9-A-like	protein-coding	Symbol
LOC111133811	291	111133811	LOC111133811	transmembrane protein 64-like	protein-coding	Symbol
LOC111102112	290	111102112	LOC111102112	small integral membrane protein 8-like	protein-coding	Symbol
LOC111105310	290	NA	NA	NA	NA	NA
LOC111108502	290	111108502	LOC111108502	uncharacterized LOC111108502	protein-coding	Symbol
LOC111113070	290	111113070	LOC111113070	uncharacterized LOC111113070	ncRNA	Symbol
LOC111136233	290	111136233	LOC111136233	uncharacterized LOC111136233	protein-coding	Symbol
LOC111102685	289	111102685	LOC111102685	dynein light chain Tctex-type 1	protein-coding	Symbol
LOC111112319	289	111112319	LOC111112319	ADP-ribosylation factor 2	protein-coding	Symbol
LOC111114057	289	NA	NA	NA	NA	NA
LOC111135788	289	111135788	LOC111135788	cullin-associated NEDD8-dissociated protein 1-like	protein-coding	Symbol
LOC111119194	288	NA	NA	NA	NA	NA
LOC111118441	287	111118441	LOC111118441	uncharacterized LOC111118441	protein-coding	Symbol
LOC111101369	286	NA	NA	NA	NA	NA
LOC111118858	286	111118858	LOC111118858	uncharacterized LOC111118858	protein-coding	Symbol
LOC111121303	286	111121303	LOC111121303	large ribosomal subunit protein uL13m-like	protein-coding	Symbol
LOC111135620	286	111135620	LOC111135620	kelch-like protein 26	protein-coding	Symbol
LOC111134894	285	111134894	LOC111134894	lon protease homolog 2, peroxisomal-like	protein-coding	Symbol
LOC111135189	285	111135189	LOC111135189	uncharacterized LOC111135189	protein-coding	Symbol
LOC111118568	284	111118568	LOC111118568	polycystin-1-like	protein-coding	Symbol
LOC111120110	284	111120110	LOC111120110	NADH dehydrogenase [ubiquinone] 1 beta subcomplex subunit 10-like	protein-coding	Symbol
LOC111100549	283	111100549	LOC111100549	uncharacterized LOC111100549	pseudo	Symbol
LOC111114702	283	111114702	LOC111114702	protein TANC2-like	protein-coding	Symbol
LOC111118927	282	111118927	LOC111118927	uncharacterized LOC111118927	protein-coding	Symbol
LOC111124411	282	NA	NA	NA	NA	NA
LOC111130644	282	111130644	LOC111130644	lysocardiolipin acyltransferase 1-like	protein-coding	Symbol
LOC111122960	281	111122960	LOC111122960	B-cell receptor CD22-like	protein-coding	Symbol
LOC111107093	280	111107093	LOC111107093	importin-9-like	protein-coding	Symbol
LOC111101837	279	111101837	LOC111101837	uncharacterized LOC111101837	protein-coding	Symbol
LOC111138358	279	111138358	LOC111138358	uncharacterized LOC111138358	protein-coding	Symbol
LOC111101828	278	111101828	LOC111101828	uncharacterized LOC111101828	protein-coding	Symbol
LOC111126203	278	111126203	LOC111126203	calcium uptake protein 3, mitochondrial-like	protein-coding	Symbol
LOC111119646	277	111119646	LOC111119646	PCNA-interacting partner-like	protein-coding	Symbol
LOC111122745	277	111122745	LOC111122745	sortilin-related receptor-like	protein-coding	Symbol
LOC111128051	277	111128051	LOC111128051	uncharacterized LOC111128051	protein-coding	Symbol
LOC111128776	277	111128776	LOC111128776	uncharacterized LOC111128776	protein-coding	Symbol
LOC111138228	277	111138228	LOC111138228	uncharacterized LOC111138228	protein-coding	Symbol
LOC111119112	276	111119112	LOC111119112	large ribosomal subunit protein uL1-like	protein-coding	Symbol
LOC111124671	276	NA	NA	NA	NA	NA
LOC111126123	276	111126123	LOC111126123	protein inturned-like	protein-coding	Symbol
LOC111137797	276	111137797	LOC111137797	dynein light chain roadblock-type 2	protein-coding	Symbol
LOC111114072	275	NA	NA	NA	NA	NA
LOC111136458	275	111136458	LOC111136458	bridging integrator 3-like	protein-coding	Symbol
LOC111117309	274	111117309	LOC111117309	ATP-dependent zinc metalloprotease FtsH-like	protein-coding	Symbol
LOC111134499	274	111134499	LOC111134499	tyrosine-protein kinase RYK-like	protein-coding	Symbol
LOC111113385	273	111113385	LOC111113385	serine/threonine-protein kinase tousled-like 1	protein-coding	Symbol
LOC111122561	273	111122561	LOC111122561	neurogenic locus protein delta-like	protein-coding	Symbol
LOC111107146	272	NA	NA	NA	NA	NA
LOC111112773	272	111112773	LOC111112773	potassium voltage-gated channel protein Shaw-like	protein-coding	Symbol
LOC111121156	272	111121156	LOC111121156	uncharacterized LOC111121156	protein-coding	Symbol
LOC111120134	271	111120134	LOC111120134	coiled-coil and C2 domain-containing protein 2A-like	protein-coding	Symbol
LOC111120549	271	111120549	LOC111120549	G patch domain and ankyrin repeat-containing protein 1 homolog	protein-coding	Symbol
LOC111123965	271	111123965	LOC111123965	mediator of RNA polymerase II transcription subunit 7-like	protein-coding	Symbol
LOC111125714	271	NA	NA	NA	NA	NA
LOC111130987	271	111130987	LOC111130987	putative RNA-binding protein EIF1AD	protein-coding	Symbol
LOC111111027	270	111111027	LOC111111027	neuroligin-4, X-linked-like	protein-coding	Symbol
LOC111124104	270	NA	NA	NA	NA	NA
LOC111127227	270	111127227	LOC111127227	protein KIBRA-like	protein-coding	Symbol
LOC111100794	269	111100794	LOC111100794	TBC1 domain family member 12-like	protein-coding	Symbol
LOC111117997	269	111117997	LOC111117997	DNA-directed RNA polymerase III subunit RPC8-like	protein-coding	Symbol
LOC111103143	268	111103143	LOC111103143	uncharacterized LOC111103143	protein-coding	Symbol
LOC111106024	268	111106024	LOC111106024	plexin-B2-like	pseudo	Symbol
LOC111126322	268	111126322	LOC111126322	uncharacterized LOC111126322	protein-coding	Symbol
LOC111111252	267	111111252	LOC111111252	NAD-dependent protein deacetylase sirtuin-2-like	protein-coding	Symbol
LOC111129065	267	111129065	LOC111129065	pre-mRNA-processing factor 39-like	protein-coding	Symbol
LOC111132942	267	111132942	LOC111132942	membrane metallo-endopeptidase-like 1	protein-coding	Symbol
LOC111133658	267	111133658	LOC111133658	putative RNA polymerase II nuclear localization protein SLC7A6OS	protein-coding	Symbol
LOC111136486	267	111136486	LOC111136486	transmembrane protein 128-like	protein-coding	Symbol
LOC111117743	266	111117743	LOC111117743	NPC intracellular cholesterol transporter 1-like	protein-coding	Symbol
LOC111121212	266	111121212	LOC111121212	vacuolar protein sorting-associated protein 52 homolog	protein-coding	Symbol
LOC111129852	266	111129852	LOC111129852	uncharacterized LOC111129852	protein-coding	Symbol
LOC111108785	265	111108785	LOC111108785	RNA exonuclease 4-like	protein-coding	Symbol
LOC111125291	265	111125291	LOC111125291	protein MIS12 homolog	protein-coding	Symbol
LOC111099168	264	111099168	LOC111099168	fatty acid synthase-like	protein-coding	Symbol
LOC111106176	264	111106176	LOC111106176	S-adenosylhomocysteine hydrolase-like protein 1	protein-coding	Symbol
LOC111117207	264	NA	NA	NA	NA	NA
LOC111136463	264	111136463	LOC111136463	uncharacterized LOC111136463	protein-coding	Symbol
LOC111119851	263	111119851	LOC111119851	lysosomal alpha-mannosidase-like	protein-coding	Symbol
LOC111125048	263	111125048	LOC111125048	guanine nucleotide exchange factor VAV3-like	protein-coding	Symbol
LOC111125823	263	NA	NA	NA	NA	NA
LOC111138321	263	111138321	LOC111138321	dual specificity tyrosine-phosphorylation-regulated kinase 4-like	protein-coding	Symbol
LOC111117367	262	NA	NA	NA	NA	NA
LOC111119863	261	111119863	LOC111119863	uncharacterized LOC111119863	protein-coding	Symbol
LOC111120883	261	111120883	LOC111120883	palmitoyltransferase ZDHHC21-like	protein-coding	Symbol
LOC111122396	261	111122396	LOC111122396	mitochondrial import inner membrane translocase subunit Tim23-like	protein-coding	Symbol
LOC111125079	261	111125079	LOC111125079	putative Ras-related protein Rab-33	protein-coding	Symbol
LOC111130046	261	111130046	LOC111130046	chondroitin sulfate synthase 1-like	protein-coding	Symbol
LOC111135144	261	111135144	LOC111135144	putative cysteine protease YraA	protein-coding	Symbol
LOC111137078	261	111137078	LOC111137078	V-type proton ATPase subunit e 2-like	protein-coding	Symbol
LOC111105139	260	111105139	LOC111105139	uncharacterized LOC111105139	protein-coding	Symbol
LOC111128655	260	NA	NA	NA	NA	NA
LOC111110996	259	NA	NA	NA	NA	NA
LOC111112387	259	111112387	LOC111112387	dynein axonemal assembly factor 1-like	protein-coding	Symbol
LOC111122642	259	111122642	LOC111122642	outer dynein arm-docking complex subunit 3-like	protein-coding	Symbol
LOC111128477	259	111128477	LOC111128477	uncharacterized LOC111128477	protein-coding	Symbol
LOC111130669	259	NA	NA	NA	NA	NA
LOC111100909	258	NA	NA	NA	NA	NA
LOC111111117	258	111111117	LOC111111117	kelch-like protein 40	protein-coding	Symbol
LOC111116065	258	NA	NA	NA	NA	NA
LOC111134639	258	111134639	LOC111134639	uncharacterized LOC111134639	protein-coding	Symbol
LOC111103624	257	111103624	LOC111103624	uncharacterized LOC111103624	protein-coding	Symbol
LOC111118404	257	111118404	LOC111118404	PRELI domain-containing protein 1, mitochondrial-like	protein-coding	Symbol
LOC111119407	257	111119407	LOC111119407	coiled-coil domain-containing protein 57-like	protein-coding	Symbol
LOC111124045	257	NA	NA	NA	NA	NA
LOC111130095	257	111130095	LOC111130095	NADH-cytochrome b5 reductase 3-like	protein-coding	Symbol
LOC111136002	257	111136002	LOC111136002	Golgi apparatus protein 1-like	protein-coding	Symbol
LOC111115740	256	111115740	LOC111115740	putative transporter HI_0519	protein-coding	Symbol
LOC111120831	256	111120831	LOC111120831	ATPase ASNA1 homolog	protein-coding	Symbol
LOC111136823	256	111136823	LOC111136823	zinc finger CCHC domain-containing protein 8-like	protein-coding	Symbol
LOC111134662	255	111134662	LOC111134662	xyloside xylosyltransferase 1-like	protein-coding	Symbol
LOC111118383	254	111118383	LOC111118383	uncharacterized LOC111118383	protein-coding	Symbol
LOC111129611	254	111129611	LOC111129611	uncharacterized LOC111129611	protein-coding	Symbol
LOC111130363	254	111130363	LOC111130363	pinin-like	protein-coding	Symbol
LOC111129050	253	111129050	LOC111129050	uncharacterized LOC111129050	protein-coding	Symbol
LOC111131715	253	111131715	LOC111131715	uncharacterized LOC111131715	protein-coding	Symbol
LOC111138243	253	111138243	LOC111138243	nucleolar protein 10-like	protein-coding	Symbol
LOC111106314	252	NA	NA	NA	NA	NA
LOC111110266	252	NA	NA	NA	NA	NA
LOC111111473	252	111111473	LOC111111473	large ribosomal subunit protein mL53-like	protein-coding	Symbol
LOC111133487	250	111133487	LOC111133487	uncharacterized LOC111133487	protein-coding	Symbol
LOC111135563	250	111135563	LOC111135563	sperm microtubule associated protein 2-like	protein-coding	Symbol
LOC111110368	249	111110368	LOC111110368	inactive selenide, water dikinase-like protein	protein-coding	Symbol
LOC111125295	249	111125295	LOC111125295	carnosine synthase 1-like	protein-coding	Symbol
LOC111131439	249	111131439	LOC111131439	enolase-phosphatase E1-like	protein-coding	Symbol
LOC111137033	249	111137033	LOC111137033	mannosyl-oligosaccharide glucosidase-like	protein-coding	Symbol
LOC111133196	248	111133196	LOC111133196	sorting nexin-14-like	protein-coding	Symbol
LOC111100065	247	111100065	LOC111100065	pyruvate dehydrogenase (acetyl-transferring) kinase isozyme 2, mitochondrial-like	protein-coding	Symbol
LOC111103396	247	111103396	LOC111103396	uncharacterized LOC111103396	protein-coding	Symbol
LOC111129627	247	111129627	LOC111129627	uncharacterized LOC111129627	protein-coding	Symbol
LOC111099112	246	111099112	LOC111099112	CBY1-interacting BAR domain-containing protein 2-like	protein-coding	Symbol
LOC111121086	246	111121086	LOC111121086	eukaryotic translation initiation factor 4E-binding protein 1-like	protein-coding	Symbol
LOC111124319	246	111124319	LOC111124319	discoidin domain-containing receptor 2-like	protein-coding	Symbol
LOC111105684	245	111105684	LOC111105684	uncharacterized LOC111105684	protein-coding	Symbol
LOC111120987	245	111120987	LOC111120987	ubiquitin-protein ligase E3C-like	protein-coding	Symbol
LOC111111998	244	111111998	LOC111111998	splicing factor 3B subunit 1-like	protein-coding	Symbol
LOC111116384	244	111116384	LOC111116384	uncharacterized LOC111116384	protein-coding	Symbol
LOC111119678	244	111119678	LOC111119678	glycogen debranching enzyme-like	protein-coding	Symbol
LOC111131549	243	111131549	LOC111131549	zinc finger CCCH domain-containing protein 14-like	protein-coding	Symbol
LOC111101814	242	111101814	LOC111101814	8-oxo-dGDP phosphatase NUDT18-like	protein-coding	Symbol
LOC111133307	242	111133307	LOC111133307	integrator complex subunit 6-like	protein-coding	Symbol
LOC111137045	242	NA	NA	NA	NA	NA
LOC111111773	241	111111773	LOC111111773	uncharacterized LOC111111773	protein-coding	Symbol
LOC111121726	241	NA	NA	NA	NA	NA
LOC111099524	240	111099524	LOC111099524	nuclear pore complex protein Nup107-like	protein-coding	Symbol
LOC111108911	240	NA	NA	NA	NA	NA
LOC111132318	239	111132318	LOC111132318	putative succinate dehydrogenase [ubiquinone] cytochrome b small subunit, mitochondrial	protein-coding	Symbol
LOC111137942	239	111137942	LOC111137942	protein ABHD15-like	protein-coding	Symbol
LOC111107306	238	111107306	LOC111107306	transcription factor GATA-3-like	protein-coding	Symbol
LOC111122080	238	111122080	LOC111122080	uncharacterized LOC111122080	protein-coding	Symbol
LOC111122366	238	111122366	LOC111122366	mitochondrial uncoupling protein 4-like	protein-coding	Symbol
LOC111126165	238	111126165	LOC111126165	uncharacterized LOC111126165	protein-coding	Symbol
LOC111132755	238	NA	NA	NA	NA	NA
LOC111135373	238	111135373	LOC111135373	CUE domain-containing protein 1-like	protein-coding	Symbol
LOC111112953	237	111112953	LOC111112953	integrin beta-2-like	protein-coding	Symbol
LOC111136396	237	111136396	LOC111136396	uncharacterized LOC111136396	protein-coding	Symbol
LOC111103235	236	NA	NA	NA	NA	NA
LOC111116350	236	NA	NA	NA	NA	NA
LOC111123806	236	NA	NA	NA	NA	NA
LOC111126865	236	111126865	LOC111126865	dnaJ homolog subfamily C member 10-like	protein-coding	Symbol
LOC111130404	235	111130404	LOC111130404	ribosomal protein S6 kinase delta-1-like	protein-coding	Symbol
LOC111133666	235	111133666	LOC111133666	uncharacterized LOC111133666	protein-coding	Symbol
LOC111100280	234	111100280	LOC111100280	steroid 17-alpha-hydroxylase/17,20 lyase-like	protein-coding	Symbol
LOC111110831	234	111110831	LOC111110831	acireductone dioxygenase-like	protein-coding	Symbol
LOC111135836	234	111135836	LOC111135836	uncharacterized LOC111135836	protein-coding	Symbol
LOC111130337	233	111130337	LOC111130337	transmembrane emp24 domain-containing protein 10-like	protein-coding	Symbol
LOC111132543	233	111132543	LOC111132543	uncharacterized LOC111132543	protein-coding	Symbol
LOC111135497	233	111135497	LOC111135497	serine/threonine-protein kinase 25-like	protein-coding	Symbol
LOC111100483	232	111100483	LOC111100483	uncharacterized LOC111100483	protein-coding	Symbol
LOC111113266	232	111113266	LOC111113266	biogenesis of lysosome-related organelles complex 1 subunit 1-like	protein-coding	Symbol
LOC111127391	232	111127391	LOC111127391	BAG family molecular chaperone regulator 1-like	protein-coding	Symbol
LOC111102162	231	111102162	LOC111102162	uncharacterized LOC111102162	protein-coding	Symbol
LOC111118428	231	111118428	LOC111118428	double-stranded RNA-binding protein Staufen homolog	protein-coding	Symbol
LOC111103496	230	111103496	LOC111103496	pre-mRNA-processing factor 17-like	protein-coding	Symbol
LOC111123884	230	111123884	LOC111123884	beta-mannosidase-like	protein-coding	Symbol
LOC111124889	230	111124889	LOC111124889	uncharacterized LOC111124889	protein-coding	Symbol
LOC111117652	229	111117652	LOC111117652	uncharacterized LOC111117652	protein-coding	Symbol
LOC111124412	229	111124412	LOC111124412	uncharacterized LOC111124412	protein-coding	Symbol
LOC111100042	228	111100042	LOC111100042	elongation factor G, mitochondrial-like	protein-coding	Symbol
LOC111121646	228	111121646	LOC111121646	transmembrane protein 14C-like	protein-coding	Symbol
LOC111134925	228	111134925	LOC111134925	myosin regulatory light chain A, smooth adductor muscle-like	protein-coding	Symbol
LOC111124619	227	111124619	LOC111124619	ubiquitin carboxyl-terminal hydrolase 44-like	protein-coding	Symbol
LOC111125192	227	111125192	LOC111125192	SUN domain-containing ossification factor-like	protein-coding	Symbol
LOC111112642	226	111112642	LOC111112642	uncharacterized LOC111112642	protein-coding	Symbol
LOC111116437	226	111116437	LOC111116437	uncharacterized LOC111116437	protein-coding	Symbol
LOC111121829	226	111121829	LOC111121829	zinc finger protein 511-like	protein-coding	Symbol
LOC111099884	225	111099884	LOC111099884	uncharacterized LOC111099884	protein-coding	Symbol
LOC111118090	225	111118090	LOC111118090	nuclear receptor coactivator 4-like	protein-coding	Symbol
LOC111111087	224	NA	NA	NA	NA	NA
LOC111133858	224	111133858	LOC111133858	3-oxoacyl-[acyl-carrier-protein] synthase, mitochondrial-like	protein-coding	Symbol
LOC111137120	224	111137120	LOC111137120	ankyrin repeat domain-containing protein 13D-like	protein-coding	Symbol
LOC111138058	224	111138058	LOC111138058	uncharacterized LOC111138058	protein-coding	Symbol
LOC111122389	223	111122389	LOC111122389	putative ATP-dependent RNA helicase DDX43	protein-coding	Symbol
LOC111127835	223	111127835	LOC111127835	uncharacterized LOC111127835	protein-coding	Symbol
LOC111123097	222	111123097	LOC111123097	thyroid transcription factor 1-associated protein 26 homolog	protein-coding	Symbol
LOC111130762	221	NA	NA	NA	NA	NA
LOC111137552	221	111137552	LOC111137552	DDB1- and CUL4-associated factor 11-like	protein-coding	Symbol
LOC111112919	220	NA	NA	NA	NA	NA
LOC111127743	220	111127743	LOC111127743	uncharacterized LOC111127743	protein-coding	Symbol
LOC111129777	220	111129777	LOC111129777	neurexin-4-like	protein-coding	Symbol
LOC111135689	220	111135689	LOC111135689	uncharacterized LOC111135689	protein-coding	Symbol
LOC111100718	219	111100718	LOC111100718	MAM and LDL-receptor class A domain-containing protein 1-like	protein-coding	Symbol
LOC111105580	219	NA	NA	NA	NA	NA
LOC111108797	218	111108797	LOC111108797	mitochondrial potassium channel-like	protein-coding	Symbol
LOC111108844	218	NA	NA	NA	NA	NA
LOC111099872	217	111099872	LOC111099872	uncharacterized LOC111099872	protein-coding	Symbol
LOC111111236	217	111111236	LOC111111236	lysM and putative peptidoglycan-binding domain-containing protein 1-like	protein-coding	Symbol
LOC111122026	217	111122026	LOC111122026	translation initiation factor eIF2B subunit gamma-like	protein-coding	Symbol
LOC111112866	216	111112866	LOC111112866	serine/threonine-protein kinase OSR1-like	protein-coding	Symbol
LOC111126067	216	111126067	LOC111126067	putative bifunctional dTTP/UTP pyrophosphatase/methyltransferase protein	protein-coding	Symbol
LOC111128303	216	111128303	LOC111128303	protein FAM98A-like	protein-coding	Symbol
LOC111130869	216	111130869	LOC111130869	uncharacterized LOC111130869	protein-coding	Symbol
LOC111123218	215	111123218	LOC111123218	mutS protein homolog 4-like	protein-coding	Symbol
LOC111128106	215	111128106	LOC111128106	uncharacterized LOC111128106	protein-coding	Symbol
LOC111132242	215	111132242	LOC111132242	DNA repair protein XRCC4-like	protein-coding	Symbol
LOC111136950	215	111136950	LOC111136950	exportin-7-like	protein-coding	Symbol
LOC111120745	214	111120745	LOC111120745	COP9 signalosome complex subunit 5	protein-coding	Symbol
LOC111125386	213	111125386	LOC111125386	selenoprotein S-like	protein-coding	Symbol
LOC111125821	213	111125821	LOC111125821	mitochondrial inner membrane protease subunit 1-like	protein-coding	Symbol
LOC111131633	213	111131633	LOC111131633	putative oligoribonuclease	protein-coding	Symbol
LOC111100574	212	NA	NA	NA	NA	NA
LOC111121140	212	111121140	LOC111121140	uncharacterized LOC111121140	protein-coding	Symbol
LOC111123155	212	111123155	LOC111123155	ubiquitin-conjugating enzyme E2 G2-like	protein-coding	Symbol
LOC111132259	212	111132259	LOC111132259	microfibril-associated glycoprotein 4-like	protein-coding	Symbol
LOC111135773	212	111135773	LOC111135773	argininosuccinate lyase-like	protein-coding	Symbol
LOC111123248	211	111123248	LOC111123248	uncharacterized LOC111123248	protein-coding	Symbol
LOC111130209	211	111130209	LOC111130209	coiled-coil domain-containing protein 171-like	protein-coding	Symbol
LOC111116594	210	NA	NA	NA	NA	NA
LOC111117041	210	111117041	LOC111117041	protein archease-like	protein-coding	Symbol
LOC111119767	210	111119767	LOC111119767	ras-related protein Rab-23-like	protein-coding	Symbol
LOC111121124	210	111121124	LOC111121124	uncharacterized LOC111121124	protein-coding	Symbol
LOC111104535	209	111104535	LOC111104535	uncharacterized LOC111104535	protein-coding	Symbol
LOC111108651	209	NA	NA	NA	NA	NA
LOC111101358	208	NA	NA	NA	NA	NA
LOC111112131	207	111112131	LOC111112131	kinesin-like protein KIF21A	protein-coding	Symbol
LOC111125632	206	111125632	LOC111125632	dolichyldiphosphatase 1-like	protein-coding	Symbol
LOC111137103	206	111137103	LOC111137103	lysophosphatidylcholine acyltransferase 2-like	protein-coding	Symbol
LOC111119857	205	111119857	LOC111119857	uncharacterized LOC111119857	ncRNA	Symbol
LOC111124644	205	111124644	LOC111124644	uncharacterized LOC111124644	protein-coding	Symbol
LOC111134136	205	111134136	LOC111134136	DNA polymerase nu-like	protein-coding	Symbol
LOC111135134	205	111135134	LOC111135134	uncharacterized LOC111135134	protein-coding	Symbol
LOC111113622	204	111113622	LOC111113622	phosphoacetylglucosamine mutase-like	protein-coding	Symbol
LOC111135174	204	111135174	LOC111135174	chloride channel protein C-like	protein-coding	Symbol
LOC111102289	203	111102289	LOC111102289	DNA replication complex GINS protein SLD5-like	protein-coding	Symbol
LOC111107064	203	111107064	LOC111107064	uncharacterized LOC111107064	protein-coding	Symbol
LOC111121831	203	111121831	LOC111121831	palmitoyltransferase ZDHHC6-like	protein-coding	Symbol
LOC111123575	203	111123575	LOC111123575	CD109 antigen-like	protein-coding	Symbol
LOC111115556	202	111115556	LOC111115556	BRCA1-associated RING domain protein 1-like	protein-coding	Symbol
LOC111129334	202	111129334	LOC111129334	regulator of G-protein signaling 7-like	protein-coding	Symbol
LOC111131800	202	111131800	LOC111131800	helicase-like transcription factor	protein-coding	Symbol
LOC111136241	202	111136241	LOC111136241	acyl-coenzyme A diphosphatase FITM2-like	protein-coding	Symbol
LOC111100188	201	111100188	LOC111100188	uncharacterized LOC111100188	protein-coding	Symbol
LOC111103342	201	111103342	LOC111103342	uncharacterized LOC111103342	protein-coding	Symbol
LOC111114886	201	111114886	LOC111114886	uncharacterized LOC111114886	protein-coding	Symbol
LOC111117985	201	111117985	LOC111117985	Golgi to ER traffic protein 4 homolog	protein-coding	Symbol
LOC111126170	201	111126170	LOC111126170	uncharacterized LOC111126170	protein-coding	Symbol
LOC111128497	201	111128497	LOC111128497	uncharacterized LOC111128497	protein-coding	Symbol
LOC111137411	201	111137411	LOC111137411	ganglioside-induced differentiation-associated protein 1-like	protein-coding	Symbol
LOC111118612	200	111118612	LOC111118612	F-box/LRR-repeat protein 12-like	protein-coding	Symbol
LOC111119927	200	NA	NA	NA	NA	NA
LOC111123227	200	NA	NA	NA	NA	NA
LOC111128995	200	111128995	LOC111128995	uncharacterized LOC111128995	protein-coding	Symbol
LOC111132880	200	111132880	LOC111132880	putative beta-hexosaminidase	protein-coding	Symbol
LOC111125882	199	111125882	LOC111125882	opioid growth factor receptor-like protein 1	protein-coding	Symbol
LOC111129287	199	111129287	LOC111129287	breast cancer metastasis-suppressor 1-like protein	protein-coding	Symbol
LOC111103517	198	111103517	LOC111103517	uncharacterized LOC111103517	protein-coding	Symbol
LOC111123339	198	NA	NA	NA	NA	NA
LOC111127104	198	111127104	LOC111127104	dihydropyrimidinase-like	protein-coding	Symbol
LOC111130581	198	111130581	LOC111130581	mitogen-activated protein kinase kinase kinase kinase 3-like	protein-coding	Symbol
LOC111131228	198	NA	NA	NA	NA	NA
LOC111134566	198	111134566	LOC111134566	interferon-induced protein 44-like	protein-coding	Symbol
LOC111135038	198	111135038	LOC111135038	mediator of RNA polymerase II transcription subunit 10-like	protein-coding	Symbol
LOC111108006	197	NA	NA	NA	NA	NA
LOC111123734	197	111123734	LOC111123734	uncharacterized LOC111123734	protein-coding	Symbol
LOC111129296	197	111129296	LOC111129296	NADH-quinone oxidoreductase subunit B 2-like	protein-coding	Symbol
LOC111106810	196	111106810	LOC111106810	uncharacterized LOC111106810	protein-coding	Symbol
LOC111109505	196	NA	NA	NA	NA	NA
LOC111112743	196	111112743	LOC111112743	uncharacterized LOC111112743	protein-coding	Symbol
LOC111115059	196	111115059	LOC111115059	low-density lipoprotein receptor-related protein 6-like	protein-coding	Symbol
LOC111123343	196	111123343	LOC111123343	serine/threonine-protein kinase TNNI3K-like	protein-coding	Symbol
LOC111127465	196	111127465	LOC111127465	TBC1 domain family member 1-like	protein-coding	Symbol
LOC111135294	195	NA	NA	NA	NA	NA
LOC111136821	195	111136821	LOC111136821	spermidine synthase-like	protein-coding	Symbol
LOC111099104	194	111099104	LOC111099104	uncharacterized LOC111099104	protein-coding	Symbol
LOC111129622	194	NA	NA	NA	NA	NA
LOC111136721	194	111136721	LOC111136721	uncharacterized LOC111136721	protein-coding	Symbol
LOC111117761	193	111117761	LOC111117761	uncharacterized LOC111117761	protein-coding	Symbol
LOC111121170	193	111121170	LOC111121170	coiled-coil domain-containing protein 43-like	protein-coding	Symbol
LOC111133988	193	111133988	LOC111133988	beta-catenin-like protein 1	protein-coding	Symbol
LOC111128646	192	111128646	LOC111128646	large ribosomal subunit protein uL14m-like	protein-coding	Symbol
LOC111107600	191	111107600	LOC111107600	uncharacterized LOC111107600	protein-coding	Symbol
LOC111108408	191	111108408	LOC111108408	universal stress protein Slr1101-like	protein-coding	Symbol
LOC111109171	191	111109171	LOC111109171	nuclear protein MDM1-like	protein-coding	Symbol
LOC111117182	191	111117182	LOC111117182	uncharacterized LOC111117182	protein-coding	Symbol
LOC111117437	191	111117437	LOC111117437	uncharacterized LOC111117437	protein-coding	Symbol
LOC111133034	191	111133034	LOC111133034	amino acid transporter heavy chain SLC3A1-like	protein-coding	Symbol
LOC111138231	191	111138231	LOC111138231	dual specificity protein phosphatase 3-like	protein-coding	Symbol
LOC111116850	190	111116850	LOC111116850	heat shock 70 kDa protein 12A-like	protein-coding	Symbol
LOC111107844	189	NA	NA	NA	NA	NA
LOC111120079	189	111120079	LOC111120079	UV excision repair protein RAD23 homolog A-like	protein-coding	Symbol
LOC111126904	189	NA	NA	NA	NA	NA
LOC111136405	189	111136405	LOC111136405	uncharacterized LOC111136405	protein-coding	Symbol
LOC111104899	188	NA	NA	NA	NA	NA
LOC111131066	188	NA	NA	NA	NA	NA
LOC111137832	188	111137832	LOC111137832	uncharacterized LOC111137832	protein-coding	Symbol
LOC111103622	187	NA	NA	NA	NA	NA
LOC111115811	187	111115811	LOC111115811	uncharacterized LOC111115811	protein-coding	Symbol
LOC111118551	187	111118551	LOC111118551	uncharacterized LOC111118551	protein-coding	Symbol
LOC111120719	187	NA	NA	NA	NA	NA
LOC111122998	187	111122998	LOC111122998	uncharacterized LOC111122998	protein-coding	Symbol
LOC111125795	187	NA	NA	NA	NA	NA
LOC111131546	187	111131546	LOC111131546	putative ATP-dependent RNA helicase DDX52	protein-coding	Symbol
LOC111135851	187	111135851	LOC111135851	cullin-3-B-like	protein-coding	Symbol
LOC111136575	187	111136575	LOC111136575	vacuolar ATPase assembly protein VMA22-like	protein-coding	Symbol
LOC111102525	186	111102525	LOC111102525	iron-sulfur clusters transporter ABCB7, mitochondrial-like	protein-coding	Symbol
LOC111104642	186	111104642	LOC111104642	protein downstream neighbor of son homolog	protein-coding	Symbol
LOC111110678	186	NA	NA	NA	NA	NA
LOC111128085	186	111128085	LOC111128085	kinesin light chain-like	protein-coding	Symbol
LOC111137017	185	111137017	LOC111137017	multifunctional procollagen lysine hydroxylase and glycosyltransferase LH3-like	protein-coding	Symbol
LOC111137712	185	111137712	LOC111137712	solute carrier family 35 member C2-like	protein-coding	Symbol
LOC111114066	184	NA	NA	NA	NA	NA
LOC111121760	184	111121760	LOC111121760	gem-associated protein 6-like	protein-coding	Symbol
LOC111133464	184	111133464	LOC111133464	dnaJ homolog subfamily C member 11-like	protein-coding	Symbol
LOC111123577	183	111123577	LOC111123577	uncharacterized LOC111123577	protein-coding	Symbol
LOC111126343	183	111126343	LOC111126343	uncharacterized LOC111126343	protein-coding	Symbol
LOC111136903	183	111136903	LOC111136903	uncharacterized LOC111136903	protein-coding	Symbol
LOC111101902	182	NA	NA	NA	NA	NA
LOC111104148	182	111104148	LOC111104148	polycomb protein EED-like	protein-coding	Symbol
LOC111134503	182	111134503	LOC111134503	uncharacterized LOC111134503	protein-coding	Symbol
LOC111110182	181	111110182	LOC111110182	ubiquitin carboxyl-terminal hydrolase Usp2-like	protein-coding	Symbol
LOC111121533	181	111121533	LOC111121533	heat shock 70 kDa protein 12A-like	protein-coding	Symbol
LOC111109453	180	NA	NA	NA	NA	NA
LOC111134771	180	111134771	LOC111134771	uncharacterized LOC111134771	protein-coding	Symbol
LOC111122852	179	111122852	LOC111122852	lipoxygenase homology domain-containing protein 1-like	protein-coding	Symbol
LOC111128976	179	111128976	LOC111128976	asparagine--tRNA ligase, cytoplasmic-like	protein-coding	Symbol
LOC111114595	178	111114595	LOC111114595	E3 ubiquitin-protein ligase HECW2-like	protein-coding	Symbol
LOC111117952	178	NA	NA	NA	NA	NA
LOC111120454	178	111120454	LOC111120454	uncharacterized LOC111120454	protein-coding	Symbol
LOC111126192	178	111126192	LOC111126192	DNA primase small subunit-like	protein-coding	Symbol
LOC111108052	177	111108052	LOC111108052	heat shock 70 kDa protein 12A-like	protein-coding	Symbol
LOC111124580	177	NA	NA	NA	NA	NA
LOC111116273	176	NA	NA	NA	NA	NA
LOC111124057	176	111124057	LOC111124057	3-hydroxyisobutyrate dehydrogenase, mitochondrial-like	protein-coding	Symbol
LOC111119811	175	NA	NA	NA	NA	NA
LOC111123200	175	NA	NA	NA	NA	NA
LOC111124587	175	111124587	LOC111124587	uncharacterized LOC111124587	protein-coding	Symbol
LOC111127088	175	NA	NA	NA	NA	NA
LOC111131379	175	111131379	LOC111131379	uncharacterized LOC111131379	protein-coding	Symbol
LOC111137485	175	111137485	LOC111137485	DNA polymerase alpha catalytic subunit-like	protein-coding	Symbol
LOC111117050	174	NA	NA	NA	NA	NA
LOC111118576	174	111118576	LOC111118576	tyrosine-protein phosphatase non-receptor type 13-like	protein-coding	Symbol
LOC111128795	174	111128795	LOC111128795	succinate dehydrogenase assembly factor 4, mitochondrial-like	protein-coding	Symbol
LOC111135537	174	111135537	LOC111135537	uncharacterized LOC111135537	protein-coding	Symbol
LOC111101930	173	NA	NA	NA	NA	NA
LOC111103785	173	111103785	LOC111103785	adhesion G-protein coupled receptor G4-like	protein-coding	Symbol
LOC111109135	173	NA	NA	NA	NA	NA
LOC111100852	172	111100852	LOC111100852	protein FAM53A-like	protein-coding	Symbol
LOC111114616	172	111114616	LOC111114616	sterol O-acyltransferase 1-like	protein-coding	Symbol
LOC111116392	172	NA	NA	NA	NA	NA
LOC111118500	172	111118500	LOC111118500	uncharacterized LOC111118500	protein-coding	Symbol
LOC111119570	172	111119570	LOC111119570	fatty acid synthase-like	protein-coding	Symbol
LOC111127757	172	111127757	LOC111127757	uncharacterized LOC111127757	protein-coding	Symbol
LOC111128151	172	111128151	LOC111128151	exonuclease 1-like	protein-coding	Symbol
LOC111134140	172	111134140	LOC111134140	uncharacterized LOC111134140	protein-coding	Symbol
LOC111106322	170	NA	NA	NA	NA	NA
LOC111123404	170	111123404	LOC111123404	uncharacterized LOC111123404	protein-coding	Symbol
LOC111124616	170	111124616	LOC111124616	next to BRCA1 gene 1 protein-like	protein-coding	Symbol
LOC111126210	170	111126210	LOC111126210	anaphase-promoting complex subunit 15-like	protein-coding	Symbol
LOC111100403	169	111100403	LOC111100403	uncharacterized LOC111100403	protein-coding	Symbol
LOC111102580	169	NA	NA	NA	NA	NA
LOC111109130	169	NA	NA	NA	NA	NA
LOC111118892	169	NA	NA	NA	NA	NA
LOC111128321	169	111128321	LOC111128321	small ribosomal subunit protein mS29-like	protein-coding	Symbol
LOC111133475	169	111133475	LOC111133475	protein-S-isoprenylcysteine O-methyltransferase-like	protein-coding	Symbol
LOC111135439	169	111135439	LOC111135439	biotin--protein ligase-like	protein-coding	Symbol
LOC111101822	168	NA	NA	NA	NA	NA
LOC111107408	168	111107408	LOC111107408	uncharacterized LOC111107408	protein-coding	Symbol
LOC111114831	168	NA	NA	NA	NA	NA
LOC111117195	168	NA	NA	NA	NA	NA
LOC111127744	167	NA	NA	NA	NA	NA
LOC111135048	167	111135048	LOC111135048	uncharacterized LOC111135048	protein-coding	Symbol
LOC111104183	166	111104183	LOC111104183	uncharacterized LOC111104183	protein-coding	Symbol
LOC111119404	166	NA	NA	NA	NA	NA
LOC111120012	166	NA	NA	NA	NA	NA
LOC111121519	166	111121519	LOC111121519	active regulator of SIRT1-like	protein-coding	Symbol
LOC111124633	166	111124633	LOC111124633	dixin-like	protein-coding	Symbol
LOC111127980	166	111127980	LOC111127980	protein cornichon homolog 1-like	protein-coding	Symbol
LOC111128757	166	NA	NA	NA	NA	NA
LOC111130441	166	NA	NA	NA	NA	NA
LOC111130946	166	111130946	LOC111130946	arrestin domain-containing protein 3-like	protein-coding	Symbol
LOC111131317	166	NA	NA	NA	NA	NA
LOC111131318	166	NA	NA	NA	NA	NA
LOC111132030	166	111132030	LOC111132030	lymphoid-specific helicase-like	protein-coding	Symbol
LOC111135220	166	111135220	LOC111135220	malectin-like	protein-coding	Symbol
LOC111135861	166	111135861	LOC111135861	uncharacterized LOC111135861	protein-coding	Symbol
LOC111119433	165	NA	NA	NA	NA	NA
LOC111123997	165	111123997	LOC111123997	protein unc-80 homolog	protein-coding	Symbol
LOC111126382	165	111126382	LOC111126382	calcineurin-binding protein cabin-1-like	protein-coding	Symbol
LOC111126538	164	111126538	LOC111126538	uncharacterized LOC111126538	protein-coding	Symbol
LOC111127482	164	111127482	LOC111127482	palmitoyltransferase ZDHHC23-like	protein-coding	Symbol
LOC111129120	164	NA	NA	NA	NA	NA
LOC111138265	164	NA	NA	NA	NA	NA
LOC111106051	163	NA	NA	NA	NA	NA
LOC111108112	163	111108112	LOC111108112	mitochondrial import inner membrane translocase subunit Tim17-A-like	protein-coding	Symbol
LOC111108509	163	111108509	LOC111108509	N-alpha-acetyltransferase 11-like	protein-coding	Symbol
LOC111112758	163	111112758	LOC111112758	alcohol dehydrogenase-like	protein-coding	Symbol
LOC111118583	163	111118583	LOC111118583	NACHT domain- and WD repeat-containing protein 1-like	protein-coding	Symbol
LOC111125557	163	111125557	LOC111125557	inverted formin-2-like	protein-coding	Symbol
LOC111128983	163	111128983	LOC111128983	macrophage mannose receptor 1-like	protein-coding	Symbol
LOC111133023	163	111133023	LOC111133023	lysosomal amino acid transporter 1 homolog	protein-coding	Symbol
LOC111134856	163	111134856	LOC111134856	uncharacterized LOC111134856	protein-coding	Symbol
LOC111137415	163	111137415	LOC111137415	RNA polymerase II subunit A C-terminal domain phosphatase-like	protein-coding	Symbol
LOC111103993	162	NA	NA	NA	NA	NA
LOC111105153	162	111105153	LOC111105153	organic cation transporter protein-like	protein-coding	Symbol
LOC111108265	162	111108265	LOC111108265	uncharacterized LOC111108265	protein-coding	Symbol
LOC111108629	162	NA	NA	NA	NA	NA
LOC111122987	162	111122987	LOC111122987	E3 ubiquitin-protein ligase UBR4-like	protein-coding	Symbol
LOC111128648	161	NA	NA	NA	NA	NA
LOC111121129	160	111121129	LOC111121129	mapk-regulated corepressor-interacting protein 1-like	protein-coding	Symbol
LOC111125490	160	111125490	LOC111125490	transmembrane protein 144-like	protein-coding	Symbol
LOC111129982	160	111129982	LOC111129982	uncharacterized LOC111129982	protein-coding	Symbol
LOC111101101	159	111101101	LOC111101101	WD repeat-containing protein 1-B-like	protein-coding	Symbol
LOC111104359	159	111104359	LOC111104359	protein C-mannosyl-transferase DPY19L3-like	protein-coding	Symbol
LOC111117025	158	111117025	LOC111117025	uncharacterized LOC111117025	protein-coding	Symbol
LOC111118120	158	NA	NA	NA	NA	NA
LOC111126179	158	111126179	LOC111126179	ubiquitin-related modifier 1-like	protein-coding	Symbol
LOC111127431	158	111127431	LOC111127431	uncharacterized LOC111127431	protein-coding	Symbol
LOC111134406	158	111134406	LOC111134406	CD151 antigen-like	protein-coding	Symbol
LOC111105248	157	111105248	LOC111105248	intersectin-1-like	protein-coding	Symbol
LOC111111493	157	111111493	LOC111111493	condensin-2 complex subunit H2-like	protein-coding	Symbol
LOC111132267	157	111132267	LOC111132267	kelch domain-containing protein 4-like	protein-coding	Symbol
LOC111136017	157	111136017	LOC111136017	uncharacterized LOC111136017	protein-coding	Symbol
LOC111130281	156	111130281	LOC111130281	uncharacterized LOC111130281	protein-coding	Symbol
LOC111137214	156	111137214	LOC111137214	SMC5-SMC6 complex localization factor protein 2-like	protein-coding	Symbol
LOC111099484	155	NA	NA	NA	NA	NA
LOC111104769	155	111104769	LOC111104769	uncharacterized LOC111104769	protein-coding	Symbol
LOC111106624	155	111106624	LOC111106624	blastula protease 10-like	protein-coding	Symbol
LOC111122072	154	111122072	LOC111122072	myotubularin-related protein 13-like	protein-coding	Symbol
LOC111131327	154	111131327	LOC111131327	mitochondrial genome maintenance exonuclease 1-like	protein-coding	Symbol
LOC111134249	154	111134249	LOC111134249	catalase-like	protein-coding	Symbol
LOC111134363	154	NA	NA	NA	NA	NA
LOC111101872	153	NA	NA	NA	NA	NA
LOC111114110	153	NA	NA	NA	NA	NA
LOC111124311	153	111124311	LOC111124311	uncharacterized LOC111124311	pseudo	Symbol
LOC111102665	152	111102665	LOC111102665	uncharacterized LOC111102665	protein-coding	Symbol
LOC111118678	152	111118678	LOC111118678	microtubule-actin cross-linking factor 1-like	protein-coding	Symbol
LOC111126395	152	111126395	LOC111126395	uncharacterized LOC111126395	protein-coding	Symbol
LOC111130378	152	111130378	LOC111130378	protein FAM161A-like	protein-coding	Symbol
LOC111134577	152	111134577	LOC111134577	uncharacterized LOC111134577	protein-coding	Symbol
LOC111135790	152	NA	NA	NA	NA	NA
LOC111105566	151	111105566	LOC111105566	uncharacterized LOC111105566	protein-coding	Symbol
LOC111105690	151	111105690	LOC111105690	uncharacterized LOC111105690	protein-coding	Symbol
LOC111114561	151	111114561	LOC111114561	uncharacterized LOC111114561	protein-coding	Symbol
LOC111123059	151	111123059	LOC111123059	uncharacterized LOC111123059	protein-coding	Symbol
LOC111126616	151	111126616	LOC111126616	uncharacterized LOC111126616	protein-coding	Symbol
LOC111126759	151	111126759	LOC111126759	centriole and centriolar satellite protein OFD1-like	protein-coding	Symbol
LOC111102596	150	111102596	LOC111102596	kinesin-like protein KIF25	protein-coding	Symbol
LOC111111098	149	111111098	LOC111111098	uncharacterized LOC111111098	protein-coding	Symbol
LOC111116092	149	111116092	LOC111116092	hydroxymethylglutaryl-CoA lyase, mitochondrial-like	protein-coding	Symbol
LOC111121111	149	111121111	LOC111121111	NADH dehydrogenase [ubiquinone] 1 alpha subcomplex subunit 6-like	protein-coding	Symbol
LOC111135209	149	111135209	LOC111135209	protein mono-ADP-ribosyltransferase PARP12-like	protein-coding	Symbol
LOC111136433	149	111136433	LOC111136433	transcription termination factor 2-like	protein-coding	Symbol
LOC111113236	148	111113236	LOC111113236	zinc finger MYND domain-containing protein 11-like	protein-coding	Symbol
LOC111119640	148	111119640	LOC111119640	single-stranded DNA-binding protein 3-like	protein-coding	Symbol
LOC111135916	148	111135916	LOC111135916	glycine cleavage system H protein-like	protein-coding	Symbol
LOC111137789	148	111137789	LOC111137789	uncharacterized LOC111137789	protein-coding	Symbol
LOC111110146	147	111110146	LOC111110146	centrosomal protein of 95 kDa-like	protein-coding	Symbol
LOC111121270	147	111121270	LOC111121270	uncharacterized LOC111121270	protein-coding	Symbol
LOC111122403	147	111122403	LOC111122403	dynein axonemal assembly factor 5-like	protein-coding	Symbol
LOC111122783	147	111122783	LOC111122783	uncharacterized LOC111122783	protein-coding	Symbol
LOC111128064	147	NA	NA	NA	NA	NA
LOC111102086	146	NA	NA	NA	NA	NA
LOC111121470	146	111121470	LOC111121470	tyramine beta-hydroxylase-like	protein-coding	Symbol
LOC111124596	146	111124596	LOC111124596	uncharacterized LOC111124596	protein-coding	Symbol
LOC111130707	146	NA	NA	NA	NA	NA
LOC111103813	145	111103813	LOC111103813	protein MIX23-like	protein-coding	Symbol
LOC111120223	145	NA	NA	NA	NA	NA
LOC111123604	145	111123604	LOC111123604	COMM domain-containing protein 8-like	protein-coding	Symbol
LOC111137332	145	111137332	LOC111137332	cleavage and polyadenylation specificity factor subunit 5-like	protein-coding	Symbol
LOC111103829	144	111103829	LOC111103829	uncharacterized LOC111103829	protein-coding	Symbol
LOC111114601	144	111114601	LOC111114601	uncharacterized LOC111114601	protein-coding	Symbol
LOC111126609	144	111126609	LOC111126609	WD repeat-containing protein 5-like	protein-coding	Symbol
LOC111132609	144	111132609	LOC111132609	uncharacterized LOC111132609	protein-coding	Symbol
LOC111137173	144	111137173	LOC111137173	mitochondrial ribosome-associated GTPase 2-like	protein-coding	Symbol
LOC111137527	144	111137527	LOC111137527	nucleoredoxin-like	protein-coding	Symbol
LOC111137575	144	111137575	LOC111137575	uncharacterized LOC111137575	protein-coding	Symbol
LOC111110259	143	111110259	LOC111110259	uncharacterized LOC111110259	protein-coding	Symbol
LOC111122310	143	NA	NA	NA	NA	NA
LOC111125360	143	111125360	LOC111125360	dachshund homolog 1-like	protein-coding	Symbol
LOC111135162	143	111135162	LOC111135162	mitoferrin-2-like	protein-coding	Symbol
LOC111133872	142	111133872	LOC111133872	agmatinase, mitochondrial-like	protein-coding	Symbol
LOC111134673	142	111134673	LOC111134673	LIM domain kinase 1-like	protein-coding	Symbol
LOC111102934	141	111102934	LOC111102934	kynurenine formamidase-like	protein-coding	Symbol
LOC111103223	141	NA	NA	NA	NA	NA
LOC111120963	141	111120963	LOC111120963	COP9 signalosome complex subunit 4-like	protein-coding	Symbol
LOC111127121	141	NA	NA	NA	NA	NA
LOC111127828	141	111127828	LOC111127828	denticleless protein homolog	protein-coding	Symbol
LOC111129223	141	111129223	LOC111129223	uncharacterized LOC111129223	protein-coding	Symbol
LOC111134124	141	111134124	LOC111134124	regulator of G-protein signaling protein-like	protein-coding	Symbol
LOC111136677	141	111136677	LOC111136677	aquaporin AQPAe.a-like	protein-coding	Symbol
LOC111138099	141	111138099	LOC111138099	uncharacterized LOC111138099	protein-coding	Symbol
LOC111129348	140	111129348	LOC111129348	uncharacterized LOC111129348	protein-coding	Symbol
LOC111131433	140	111131433	LOC111131433	WD repeat-containing protein 91-like	protein-coding	Symbol
LOC111110682	139	111110682	LOC111110682	kelch-like protein 12	protein-coding	Symbol
LOC111123312	139	NA	NA	NA	NA	NA
LOC111134816	139	111134816	LOC111134816	ragulator complex protein LAMTOR4 homolog	protein-coding	Symbol
LOC111138246	139	111138246	LOC111138246	neprilysin-1-like	protein-coding	Symbol
LOC111100511	138	111100511	LOC111100511	immunoglobulin-binding protein 1-like	protein-coding	Symbol
LOC111102684	138	111102684	LOC111102684	glucose-6-phosphate exchanger SLC37A4-like	protein-coding	Symbol
LOC111103441	138	NA	NA	NA	NA	NA
LOC111127964	138	111127964	LOC111127964	uncharacterized LOC111127964	protein-coding	Symbol
LOC111132291	138	111132291	LOC111132291	uncharacterized LOC111132291	protein-coding	Symbol
LOC111135471	138	111135471	LOC111135471	uncharacterized LOC111135471	protein-coding	Symbol
LOC111101006	137	111101006	LOC111101006	uncharacterized LOC111101006	protein-coding	Symbol
LOC111115744	137	NA	NA	NA	NA	NA
LOC111122077	137	111122077	LOC111122077	SPRY domain-containing SOCS box protein 3-like	protein-coding	Symbol
LOC111124525	137	111124525	LOC111124525	ribonuclease 3-like	protein-coding	Symbol
LOC111124550	137	111124550	LOC111124550	syntaxin-binding protein 4-like	protein-coding	Symbol
LOC111126149	137	NA	NA	NA	NA	NA
LOC111135587	137	111135587	LOC111135587	phosphatidylinositide phosphatase SAC2-like	protein-coding	Symbol
LOC111111656	136	111111656	LOC111111656	uncharacterized LOC111111656	protein-coding	Symbol
LOC111120608	136	111120608	LOC111120608	uncharacterized LOC111120608	protein-coding	Symbol
LOC111124320	136	111124320	LOC111124320	cardioacceleratory peptide receptor-like	protein-coding	Symbol
LOC111128808	136	NA	NA	NA	NA	NA
LOC111130114	136	111130114	LOC111130114	jouberin-like	protein-coding	Symbol
LOC111130257	136	111130257	LOC111130257	tropomyosin	protein-coding	Symbol
LOC111135330	136	111135330	LOC111135330	putative ABC transporter phosphonate/phosphite binding protein PhnD2	protein-coding	Symbol
LOC111101103	135	111101103	LOC111101103	muscarinic acetylcholine receptor gar-2-like	protein-coding	Symbol
LOC111120759	135	111120759	LOC111120759	uncharacterized LOC111120759	protein-coding	Symbol
LOC111133107	135	111133107	LOC111133107	tribbles homolog 2-like	protein-coding	Symbol
LOC111130019	134	111130019	LOC111130019	BTB/POZ domain-containing protein 6-like	protein-coding	Symbol
LOC111126692	133	111126692	LOC111126692	uncharacterized LOC111126692	protein-coding	Symbol
LOC111134887	133	111134887	LOC111134887	transcription factor ETV7-like	protein-coding	Symbol
LOC111103956	132	NA	NA	NA	NA	NA
LOC111106754	132	NA	NA	NA	NA	NA
LOC111113598	132	NA	NA	NA	NA	NA
LOC111133124	132	111133124	LOC111133124	uncharacterized LOC111133124	protein-coding	Symbol
LOC111114148	131	NA	NA	NA	NA	NA
LOC111119571	131	111119571	LOC111119571	uncharacterized LOC111119571	protein-coding	Symbol
LOC111120244	131	111120244	LOC111120244	uncharacterized LOC111120244	protein-coding	Symbol
LOC111128034	131	111128034	LOC111128034	uncharacterized LOC111128034	protein-coding	Symbol
LOC111129016	131	111129016	LOC111129016	phe13-bombesin receptor-like	protein-coding	Symbol
LOC111135252	131	111135252	LOC111135252	Na(+)/H(+) exchanger beta-like	protein-coding	Symbol
LOC111119116	130	111119116	LOC111119116	ubiquitin domain-containing protein UBFD1-like	protein-coding	Symbol
LOC111122171	130	111122171	LOC111122171	hydroxymethylglutaryl-CoA synthase 1-like	protein-coding	Symbol
LOC111129290	130	111129290	LOC111129290	uncharacterized LOC111129290	protein-coding	Symbol
LOC111135320	130	111135320	LOC111135320	metabotropic glutamate receptor 2-like	protein-coding	Symbol
LOC111107253	129	111107253	LOC111107253	uncharacterized LOC111107253	protein-coding	Symbol
LOC111111528	129	111111528	LOC111111528	uncharacterized LOC111111528	protein-coding	Symbol
LOC111113692	129	NA	NA	NA	NA	NA
LOC111128350	129	111128350	LOC111128350	uncharacterized LOC111128350	protein-coding	Symbol
LOC111136256	129	111136256	LOC111136256	linear primary-alkylsulfatase-like	protein-coding	Symbol
LOC111114981	128	NA	NA	NA	NA	NA
LOC111120880	128	NA	NA	NA	NA	NA
LOC111125920	128	111125920	LOC111125920	TNF receptor-associated factor 2-like	protein-coding	Symbol
LOC111133987	128	111133987	LOC111133987	chromosome transmission fidelity protein 8 homolog	protein-coding	Symbol
LOC111100398	127	111100398	LOC111100398	uncharacterized LOC111100398	pseudo	Symbol
LOC111115473	127	111115473	LOC111115473	PHD finger protein 21A-like	protein-coding	Symbol
LOC111123264	127	111123264	LOC111123264	uncharacterized LOC111123264	protein-coding	Symbol
LOC111128102	127	111128102	LOC111128102	mediator of RNA polymerase II transcription subunit 6-like	protein-coding	Symbol
LOC111130107	127	111130107	LOC111130107	carbonic anhydrase 2-like	protein-coding	Symbol
LOC111130704	126	111130704	LOC111130704	spectrin beta chain, non-erythrocytic 5-like	protein-coding	Symbol
LOC111132463	126	111132463	LOC111132463	E3 ubiquitin-protein ligase MIB2-like	protein-coding	Symbol
LOC111107342	125	111107342	LOC111107342	uncharacterized LOC111107342	protein-coding	Symbol
LOC111117721	125	111117721	LOC111117721	phosphatidylinositol-3-phosphatase SAC1-like	protein-coding	Symbol
LOC111117732	125	111117732	LOC111117732	disintegrin and metalloproteinase domain-containing protein 10-like	protein-coding	Symbol
LOC111117953	125	NA	NA	NA	NA	NA
LOC111120848	125	111120848	LOC111120848	aminoacyl tRNA synthase complex-interacting multifunctional protein 2-like	protein-coding	Symbol
LOC111128794	125	111128794	LOC111128794	synaptotagmin-14-like	protein-coding	Symbol
LOC111128927	125	111128927	LOC111128927	carboxypeptidase A4-like	protein-coding	Symbol
LOC111130259	125	111130259	LOC111130259	homeobox protein SIX4-like	protein-coding	Symbol
LOC111131341	125	NA	NA	NA	NA	NA
LOC111135657	125	111135657	LOC111135657	MMS19 nucleotide excision repair protein homolog	protein-coding	Symbol
LOC111105939	124	NA	NA	NA	NA	NA
LOC111111551	124	111111551	LOC111111551	deleted in lung and esophageal cancer protein 1-like	protein-coding	Symbol
LOC111113019	124	111113019	LOC111113019	uncharacterized LOC111113019	protein-coding	Symbol
LOC111115607	124	111115607	LOC111115607	growth/differentiation factor 8-like	protein-coding	Symbol
LOC111121322	124	111121322	LOC111121322	COP9 signalosome complex subunit 1-like	protein-coding	Symbol
LOC111129493	123	111129493	LOC111129493	AN1-type zinc finger protein 3 homolog	protein-coding	Symbol
LOC111132511	123	111132511	LOC111132511	ADP-ribosylarginine hydrolase Tri1-like	protein-coding	Symbol
LOC111135607	123	111135607	LOC111135607	uncharacterized LOC111135607	protein-coding	Symbol
LOC111136471	123	111136471	LOC111136471	cell division control protein 45 homolog	protein-coding	Symbol
LOC111109652	122	111109652	LOC111109652	uncharacterized LOC111109652	protein-coding	Symbol
LOC111113122	122	111113122	LOC111113122	sodium-dependent glucose transporter 1A-like	protein-coding	Symbol
LOC111113157	122	NA	NA	NA	NA	NA
LOC111115260	122	111115260	LOC111115260	uncharacterized LOC111115260	protein-coding	Symbol
LOC111121245	121	111121245	LOC111121245	uncharacterized LOC111121245	protein-coding	Symbol
LOC111126608	121	111126608	LOC111126608	protein furry-like	protein-coding	Symbol
LOC111126774	121	111126774	LOC111126774	F-box only protein 8-like	protein-coding	Symbol
LOC111129942	121	111129942	LOC111129942	mitochondrial import inner membrane translocase subunit TIM50-like	protein-coding	Symbol
LOC111135245	121	111135245	LOC111135245	protein-glutamine gamma-glutamyltransferase K-like	protein-coding	Symbol
LOC111137270	121	111137270	LOC111137270	serine/threonine-protein kinase 10-like	protein-coding	Symbol
LOC111103814	120	NA	NA	NA	NA	NA
LOC111115224	120	111115224	LOC111115224	protein lin-9 homolog	protein-coding	Symbol
LOC111129912	120	111129912	LOC111129912	peptidyl-glycine alpha-amidating monooxygenase A-like	protein-coding	Symbol
LOC111133545	120	111133545	LOC111133545	neural cell adhesion molecule L1-like	protein-coding	Symbol
LOC111099517	119	111099517	LOC111099517	uncharacterized LOC111099517	protein-coding	Symbol
LOC111099548	119	111099548	LOC111099548	osmotic avoidance abnormal protein 3-like	protein-coding	Symbol
LOC111104166	119	111104166	LOC111104166	guided entry of tail-anchored proteins factor 1-like	protein-coding	Symbol
LOC111124410	119	111124410	LOC111124410	trafficking protein particle complex subunit 4-like	protein-coding	Symbol
LOC111124621	119	111124621	LOC111124621	myosin heavy chain, striated muscle-like	protein-coding	Symbol
LOC111125712	119	111125712	LOC111125712	actin-related protein 2/3 complex subunit 5-C-like	protein-coding	Symbol
LOC111101590	118	111101590	LOC111101590	BTB/POZ domain-containing protein KCTD9-like	protein-coding	Symbol
LOC111123021	118	NA	NA	NA	NA	NA
LOC111100371	117	111100371	LOC111100371	triacylglycerol hydrolase DDHD2-like	protein-coding	Symbol
LOC111122639	117	111122639	LOC111122639	uncharacterized LOC111122639	protein-coding	Symbol
LOC111133200	117	111133200	LOC111133200	scavenger receptor cysteine-rich domain-containing protein DMBT1-like	protein-coding	Symbol
LOC111120597	116	111120597	LOC111120597	serine palmitoyltransferase 2-like	protein-coding	Symbol
LOC111121023	116	111121023	LOC111121023	uncharacterized LOC111121023	ncRNA	Symbol
LOC111127434	116	111127434	LOC111127434	ribonucleoside-diphosphate reductase large subunit-like	protein-coding	Symbol
LOC111099731	115	111099731	LOC111099731	cell division cycle protein 20 homolog	protein-coding	Symbol
LOC111105718	115	111105718	LOC111105718	proton myo-inositol cotransporter-like	protein-coding	Symbol
LOC111107409	115	NA	NA	NA	NA	NA
LOC111126130	115	NA	NA	NA	NA	NA
LOC111127355	115	NA	NA	NA	NA	NA
LOC111131424	115	111131424	LOC111131424	uncharacterized LOC111131424	protein-coding	Symbol
LOC111136018	115	111136018	LOC111136018	uncharacterized LOC111136018	protein-coding	Symbol
LOC111100603	114	111100603	LOC111100603	UDP-glucuronic acid decarboxylase 1-like	protein-coding	Symbol
LOC111102638	114	111102638	LOC111102638	major facilitator superfamily domain-containing protein 8-like	protein-coding	Symbol
LOC111119316	114	NA	NA	NA	NA	NA
LOC111121399	114	111121399	LOC111121399	uncharacterized LOC111121399	protein-coding	Symbol
LOC111133639	114	111133639	LOC111133639	protein brambleberry-like	protein-coding	Symbol
LOC111134703	114	111134703	LOC111134703	uncharacterized LOC111134703	protein-coding	Symbol
LOC111135808	114	111135808	LOC111135808	uncharacterized LOC111135808	protein-coding	Symbol
LOC111136205	114	111136205	LOC111136205	cytosolic iron-sulfur assembly component 2B-like	protein-coding	Symbol
LOC111138350	114	111138350	LOC111138350	pleckstrin homology domain-containing family M member 1-like	protein-coding	Symbol
LOC111105150	113	111105150	LOC111105150	cytochrome P450 10-like	protein-coding	Symbol
LOC111122083	113	NA	NA	NA	NA	NA
LOC111127822	113	111127822	LOC111127822	PIN2/TERF1-interacting telomerase inhibitor 1-like	protein-coding	Symbol
LOC111129021	113	111129021	LOC111129021	WD repeat and HMG-box DNA-binding protein 1-like	protein-coding	Symbol
LOC111131868	113	111131868	LOC111131868	CCA tRNA nucleotidyltransferase 1, mitochondrial-like	protein-coding	Symbol
LOC111135973	113	111135973	LOC111135973	uncharacterized LOC111135973	protein-coding	Symbol
LOC111136232	113	NA	NA	NA	NA	NA
LOC111137104	113	111137104	LOC111137104	SWI/SNF complex subunit SMARCC2-like	protein-coding	Symbol
LOC111102509	112	111102509	LOC111102509	CUE domain-containing protein 2-B-like	protein-coding	Symbol
LOC111110746	112	111110746	LOC111110746	uncharacterized LOC111110746	protein-coding	Symbol
LOC111114675	112	111114675	LOC111114675	uncharacterized LOC111114675	protein-coding	Symbol
LOC111119000	112	111119000	LOC111119000	putative methyltransferase-like protein 24	protein-coding	Symbol
LOC111120979	112	111120979	LOC111120979	structure-specific endonuclease subunit EME1-like	protein-coding	Symbol
LOC111130836	112	111130836	LOC111130836	V-type proton ATPase subunit D-like	protein-coding	Symbol
LOC111135842	112	111135842	LOC111135842	uncharacterized LOC111135842	protein-coding	Symbol
LOC111136393	112	111136393	LOC111136393	uncharacterized LOC111136393	protein-coding	Symbol
LOC111138147	112	111138147	LOC111138147	protein IMPACT-B-like	protein-coding	Symbol
LOC111108777	111	111108777	LOC111108777	haloacid dehalogenase-like hydrolase domain-containing 5	protein-coding	Symbol
LOC111109465	111	111109465	LOC111109465	uncharacterized LOC111109465	protein-coding	Symbol
LOC111118351	111	NA	NA	NA	NA	NA
LOC111120828	111	111120828	LOC111120828	peptidyl-prolyl cis-trans isomerase E-like	protein-coding	Symbol
LOC111122189	111	111122189	LOC111122189	solute carrier family 35 member E1 homolog	protein-coding	Symbol
LOC111126133	111	111126133	LOC111126133	multifunctional methyltransferase subunit TRM112-like protein	protein-coding	Symbol
LOC111127219	111	111127219	LOC111127219	phosphatidylinositol-3,5-bisphosphate 3-phosphatase MTMR2-like	protein-coding	Symbol
LOC111129470	111	111129470	LOC111129470	RAB6A-GEF complex partner protein 2-like	protein-coding	Symbol
LOC111130109	111	111130109	LOC111130109	methionine synthase reductase-like	protein-coding	Symbol
LOC111130231	111	111130231	LOC111130231	transcription initiation factor IIA subunit 1-like	protein-coding	Symbol
LOC111130952	111	111130952	LOC111130952	uncharacterized LOC111130952	protein-coding	Symbol
LOC111136858	111	111136858	LOC111136858	activated CDC42 kinase 1-like	protein-coding	Symbol
LOC111099203	110	111099203	LOC111099203	coiled-coil domain-containing protein 90B, mitochondrial-like	protein-coding	Symbol
LOC111113416	110	111113416	LOC111113416	uncharacterized LOC111113416	protein-coding	Symbol
LOC111119605	110	111119605	LOC111119605	uncharacterized LOC111119605	protein-coding	Symbol
LOC111130228	110	111130228	LOC111130228	uncharacterized LOC111130228	protein-coding	Symbol
LOC111137215	110	111137215	LOC111137215	uncharacterized LOC111137215	protein-coding	Symbol
LOC111111665	109	111111665	LOC111111665	uncharacterized LOC111111665	protein-coding	Symbol
LOC111112048	109	111112048	LOC111112048	elongation factor 1-beta-like	protein-coding	Symbol
LOC111119483	109	111119483	LOC111119483	dihydropyrimidine dehydrogenase [NADP(+)]-like	protein-coding	Symbol
LOC111130125	109	111130125	LOC111130125	neuronal acetylcholine receptor subunit alpha-10-like	protein-coding	Symbol
LOC111137702	109	111137702	LOC111137702	filamin-C-like	protein-coding	Symbol
LOC111129281	108	111129281	LOC111129281	potassium voltage-gated channel subfamily A member 1-like	protein-coding	Symbol
LOC111131285	108	111131285	LOC111131285	cholecystokinin receptor type A-like	protein-coding	Symbol
LOC111135008	108	111135008	LOC111135008	uncharacterized LOC111135008	protein-coding	Symbol
LOC111135514	108	111135514	LOC111135514	serine/threonine-protein kinase 26-like	protein-coding	Symbol
LOC111101291	107	111101291	LOC111101291	dnaJ homolog subfamily C member 27-like	protein-coding	Symbol
LOC111124033	107	111124033	LOC111124033	low-density lipoprotein receptor-related protein 6-like	protein-coding	Symbol
LOC111127549	107	111127549	LOC111127549	uncharacterized LOC111127549	protein-coding	Symbol
LOC111129817	107	NA	NA	NA	NA	NA
LOC111134907	107	111134907	LOC111134907	deoxynucleoside triphosphate triphosphohydrolase SAMHD1-like	protein-coding	Symbol
LOC111136115	107	111136115	LOC111136115	transcription initiation factor TFIID subunit 4-like	protein-coding	Symbol
LOC111121109	106	111121109	LOC111121109	growth arrest and DNA damage-inducible protein GADD45 beta-like	protein-coding	Symbol
LOC111123077	106	111123077	LOC111123077	uncharacterized LOC111123077	protein-coding	Symbol
LOC111135611	106	111135611	LOC111135611	uncharacterized LOC111135611	protein-coding	Symbol
LOC111116326	105	NA	NA	NA	NA	NA
LOC111131106	105	111131106	LOC111131106	ribonuclease Oy-like	protein-coding	Symbol
LOC111135099	105	111135099	LOC111135099	centromere protein M-like	protein-coding	Symbol
LOC111136911	105	111136911	LOC111136911	uncharacterized LOC111136911	protein-coding	Symbol
LOC111137307	105	111137307	LOC111137307	sperm axonemal maintenance protein CFAP97D1-like	protein-coding	Symbol
LOC111103272	104	NA	NA	NA	NA	NA
LOC111110630	104	NA	NA	NA	NA	NA
LOC111113331	104	NA	NA	NA	NA	NA
LOC111120774	104	111120774	LOC111120774	cytosolic Fe-S cluster assembly factor narfl-like	protein-coding	Symbol
LOC111122237	104	NA	NA	NA	NA	NA
LOC111128998	104	NA	NA	NA	NA	NA
LOC111134582	104	111134582	LOC111134582	uncharacterized LOC111134582	protein-coding	Symbol
LOC111100400	103	111100400	LOC111100400	uncharacterized LOC111100400	protein-coding	Symbol
LOC111107274	103	111107274	LOC111107274	solute carrier family 25 member 3-like	protein-coding	Symbol
LOC111129155	103	111129155	LOC111129155	organic cation transporter protein-like	protein-coding	Symbol
LOC111135760	103	NA	NA	NA	NA	NA
LOC111137971	103	111137971	LOC111137971	uncharacterized LOC111137971	protein-coding	Symbol
LOC111101199	102	111101199	LOC111101199	heat shock 70 kDa protein 12A-like	protein-coding	Symbol
LOC111107977	102	NA	NA	NA	NA	NA
LOC111111871	102	NA	NA	NA	NA	NA
LOC111123305	102	111123305	LOC111123305	uncharacterized LOC111123305	protein-coding	Symbol
LOC111126515	102	111126515	LOC111126515	uncharacterized LOC111126515	protein-coding	Symbol
LOC111103014	101	111103014	LOC111103014	uncharacterized LOC111103014	protein-coding	Symbol
LOC111112177	101	NA	NA	NA	NA	NA
LOC111114039	101	NA	NA	NA	NA	NA
LOC111117800	101	111117800	LOC111117800	uncharacterized LOC111117800	protein-coding	Symbol
LOC111119695	101	111119695	LOC111119695	uncharacterized LOC111119695	protein-coding	Symbol
LOC111120521	101	111120521	LOC111120521	eukaryotic translation initiation factor 3 subunit D-like	protein-coding	Symbol
LOC111133222	101	111133222	LOC111133222	uncharacterized LOC111133222	protein-coding	Symbol
LOC111135787	101	111135787	LOC111135787	matrix metallopeptidase-21-like	protein-coding	Symbol
LOC111126317	100	111126317	LOC111126317	uncharacterized LOC111126317	protein-coding	Symbol
LOC111127439	100	111127439	LOC111127439	peptidyl-prolyl cis-trans isomerase FKBP10-like	protein-coding	Symbol
LOC111129242	100	111129242	LOC111129242	uncharacterized LOC111129242	protein-coding	Symbol
LOC111136547	100	111136547	LOC111136547	cytochrome P450 3A13-like	protein-coding	Symbol
LOC111119534	99	111119534	LOC111119534	uncharacterized LOC111119534	protein-coding	Symbol
LOC111119702	99	111119702	LOC111119702	uncharacterized LOC111119702	protein-coding	Symbol
LOC111124306	99	111124306	LOC111124306	uncharacterized LOC111124306	protein-coding	Symbol
LOC111125357	99	111125357	LOC111125357	cadherin-related tumor suppressor-like	protein-coding	Symbol
LOC111125890	99	111125890	LOC111125890	exonuclease mut-7 homolog	protein-coding	Symbol
LOC111134886	99	111134886	LOC111134886	LIM and senescent cell antigen-like-containing domain protein 1	protein-coding	Symbol
LOC111137602	99	111137602	LOC111137602	uncharacterized LOC111137602	protein-coding	Symbol
LOC111138196	99	111138196	LOC111138196	eukaryotic translation initiation factor 3 subunit M-like	protein-coding	Symbol
LOC111104382	98	NA	NA	NA	NA	NA
LOC111118258	98	111118258	LOC111118258	nuclear inhibitor of protein phosphatase 1-like	protein-coding	Symbol
LOC111130461	98	111130461	LOC111130461	nuclear valosin-containing protein-like	protein-coding	Symbol
LOC111135747	98	111135747	LOC111135747	vacuole membrane protein 1-like	protein-coding	Symbol
LOC111110504	97	111110504	LOC111110504	uncharacterized LOC111110504	protein-coding	Symbol
LOC111108661	96	111108661	LOC111108661	uncharacterized LOC111108661	protein-coding	Symbol
LOC111120324	96	111120324	LOC111120324	nitric oxide synthase-interacting protein-like	protein-coding	Symbol
LOC111128768	96	111128768	LOC111128768	striatin-3-like	protein-coding	Symbol
LOC111132104	96	111132104	LOC111132104	sodium/potassium/calcium exchanger 5-like	protein-coding	Symbol
LOC111133789	96	111133789	LOC111133789	uncharacterized LOC111133789	protein-coding	Symbol
LOC111135777	96	111135777	LOC111135777	mitotic checkpoint protein BUB3-like	protein-coding	Symbol
LOC111136224	96	111136224	LOC111136224	calcium-transporting ATPase type 2C member 1-like	protein-coding	Symbol
LOC111103659	95	111103659	LOC111103659	uncharacterized LOC111103659	protein-coding	Symbol
LOC111104451	95	111104451	LOC111104451	potassium voltage-gated channel subfamily KQT member 1-like	protein-coding	Symbol
LOC111106048	95	NA	NA	NA	NA	NA
LOC111108424	95	111108424	LOC111108424	sentrin-specific protease 8-like	protein-coding	Symbol
LOC111120200	95	111120200	LOC111120200	uncharacterized LOC111120200	protein-coding	Symbol
LOC111122012	95	111122012	LOC111122012	uncharacterized LOC111122012	protein-coding	Symbol
LOC111123869	95	111123869	LOC111123869	uncharacterized LOC111123869	protein-coding	Symbol
LOC111133739	95	111133739	LOC111133739	translocon-associated protein subunit gamma-like	protein-coding	Symbol
LOC111108505	94	111108505	LOC111108505	dnaJ homolog subfamily C member 2-like	protein-coding	Symbol
LOC111110406	94	111110406	LOC111110406	uncharacterized LOC111110406	protein-coding	Symbol
LOC111117388	94	111117388	LOC111117388	uncharacterized LOC111117388	protein-coding	Symbol
LOC111118262	94	111118262	LOC111118262	chromosome transmission fidelity protein 18 homolog	protein-coding	Symbol
LOC111118844	94	111118844	LOC111118844	thioredoxin domain-containing protein 17-like	protein-coding	Symbol
LOC111125947	94	111125947	LOC111125947	receptor-type tyrosine-protein phosphatase kappa-like	protein-coding	Symbol
LOC111126497	94	111126497	LOC111126497	uncharacterized LOC111126497	protein-coding	Symbol
LOC111133246	94	111133246	LOC111133246	coatomer subunit beta'-like	protein-coding	Symbol
LOC111133718	94	111133718	LOC111133718	cysteinyl leukotriene receptor 1-like	protein-coding	Symbol
LOC111136303	94	111136303	LOC111136303	uncharacterized LOC111136303	protein-coding	Symbol
LOC111137006	94	111137006	LOC111137006	large ribosomal subunit protein bL20-like	protein-coding	Symbol
LOC111101394	93	111101394	LOC111101394	uncharacterized LOC111101394	protein-coding	Symbol
LOC111111881	93	NA	NA	NA	NA	NA
LOC111118255	93	111118255	LOC111118255	vacuolar fusion protein CCZ1 homolog	protein-coding	Symbol
LOC111119394	93	111119394	LOC111119394	transmembrane protein 11-B, mitochondrial-like	protein-coding	Symbol
LOC111122184	93	111122184	LOC111122184	transient receptor potential cation channel subfamily M member-like 2	protein-coding	Symbol
LOC111123656	93	111123656	LOC111123656	uncharacterized LOC111123656	protein-coding	Symbol
LOC111125879	93	111125879	LOC111125879	uncharacterized LOC111125879	protein-coding	Symbol
LOC111135491	93	111135491	LOC111135491	very long-chain specific acyl-CoA dehydrogenase, mitochondrial-like	protein-coding	Symbol
LOC111100766	92	111100766	LOC111100766	uncharacterized LOC111100766	protein-coding	Symbol
LOC111119652	92	NA	NA	NA	NA	NA
LOC111121052	92	111121052	LOC111121052	uncharacterized LOC111121052	protein-coding	Symbol
LOC111122650	92	111122650	LOC111122650	U4/U6 small nuclear ribonucleoprotein Prp4-like	protein-coding	Symbol
LOC111122838	92	111122838	LOC111122838	condensin-2 complex subunit D3-L-like	protein-coding	Symbol
LOC111129112	92	111129112	LOC111129112	RNA-binding protein 25-like	protein-coding	Symbol
LOC111100640	91	NA	NA	NA	NA	NA
LOC111101300	91	111101300	LOC111101300	uncharacterized LOC111101300	protein-coding	Symbol
LOC111102661	91	NA	NA	NA	NA	NA
LOC111112876	91	111112876	LOC111112876	uncharacterized LOC111112876	protein-coding	Symbol
LOC111116372	91	NA	NA	NA	NA	NA
LOC111121841	91	111121841	LOC111121841	armadillo repeat-containing protein 7-like	protein-coding	Symbol
LOC111123749	91	111123749	LOC111123749	uncharacterized LOC111123749	protein-coding	Symbol
LOC111132045	91	111132045	LOC111132045	uncharacterized LOC111132045	protein-coding	Symbol
LOC111134638	91	111134638	LOC111134638	nudC domain-containing protein 1-like	protein-coding	Symbol
LOC111100580	90	111100580	LOC111100580	uncharacterized LOC111100580	protein-coding	Symbol
LOC111105869	90	111105869	LOC111105869	uncharacterized LOC111105869	protein-coding	Symbol
LOC111107276	90	111107276	LOC111107276	uncharacterized LOC111107276	protein-coding	Symbol
LOC111107994	90	NA	NA	NA	NA	NA
LOC111111504	90	111111504	LOC111111504	chondroitin sulfate synthase 2-like	protein-coding	Symbol
LOC111111546	90	111111546	LOC111111546	deleted in lung and esophageal cancer protein 1-like	protein-coding	Symbol
LOC111118463	90	111118463	LOC111118463	uncharacterized LOC111118463	protein-coding	Symbol
LOC111121482	90	111121482	LOC111121482	thioredoxin domain-containing protein 12-like	protein-coding	Symbol
LOC111125459	90	111125459	LOC111125459	calnexin-like	protein-coding	Symbol
LOC111131243	90	111131243	LOC111131243	serine/threonine-protein kinase B-raf-like	protein-coding	Symbol
LOC111136999	90	111136999	LOC111136999	D(2) dopamine receptor-like	protein-coding	Symbol
LOC111137390	90	NA	NA	NA	NA	NA
LOC111100616	89	111100616	LOC111100616	exosome complex component CSL4-like	protein-coding	Symbol
LOC111119259	89	111119259	LOC111119259	uncharacterized LOC111119259	protein-coding	Symbol
LOC111121005	89	111121005	LOC111121005	AP-1 complex-associated regulatory protein-like	protein-coding	Symbol
LOC111122360	89	NA	NA	NA	NA	NA
LOC111130062	89	111130062	LOC111130062	limbic system-associated membrane protein-like	protein-coding	Symbol
LOC111133368	89	111133368	LOC111133368	transforming growth factor beta regulator 1-like	protein-coding	Symbol
LOC111135292	89	111135292	LOC111135292	uncharacterized LOC111135292	protein-coding	Symbol
LOC111137520	89	111137520	LOC111137520	citron Rho-interacting kinase-like	protein-coding	Symbol
LOC111108479	88	111108479	LOC111108479	18 kDa learning-associated protein of slug-like	protein-coding	Symbol
LOC111115725	88	111115725	LOC111115725	glycine--tRNA ligase-like	protein-coding	Symbol
LOC111124613	88	111124613	LOC111124613	activating signal cointegrator 1 complex subunit 2-like	protein-coding	Symbol
LOC111126377	88	111126377	LOC111126377	large ribosomal subunit protein mL40-like	protein-coding	Symbol
LOC111128281	88	111128281	LOC111128281	uncharacterized LOC111128281	protein-coding	Symbol
LOC111130791	88	111130791	LOC111130791	protein FAM136A-like	protein-coding	Symbol
LOC111133736	88	111133736	LOC111133736	uncharacterized LOC111133736	protein-coding	Symbol
LOC111104099	87	111104099	LOC111104099	thioredoxin domain-containing protein 5-like	protein-coding	Symbol
LOC111105858	87	111105858	LOC111105858	E3 ubiquitin-protein ligase PDZRN3-like	protein-coding	Symbol
LOC111115628	87	111115628	LOC111115628	uncharacterized LOC111115628	protein-coding	Symbol
LOC111117973	87	NA	NA	NA	NA	NA
LOC111118456	87	111118456	LOC111118456	putative very-long-chain enoyl-CoA reductase art-1	protein-coding	Symbol
LOC111118850	87	111118850	LOC111118850	uncharacterized LOC111118850	protein-coding	Symbol
LOC111125627	87	111125627	LOC111125627	uncharacterized LOC111125627	protein-coding	Symbol
LOC111129307	87	111129307	LOC111129307	mitogen-activated protein kinase kinase kinase 11-like	protein-coding	Symbol
LOC111129911	87	111129911	LOC111129911	uncharacterized LOC111129911	protein-coding	Symbol
LOC111131840	87	111131840	LOC111131840	BBSome complex member BBS1-like	protein-coding	Symbol
LOC111133926	87	111133926	LOC111133926	coiled-coil domain-containing protein 86-like	protein-coding	Symbol
LOC111134726	87	111134726	LOC111134726	tyrosine-protein phosphatase non-receptor type 11-like	protein-coding	Symbol
LOC111116597	86	111116597	LOC111116597	uncharacterized LOC111116597	protein-coding	Symbol
LOC111121916	86	111121916	LOC111121916	kelch-like protein 24	protein-coding	Symbol
LOC111123987	86	111123987	LOC111123987	kelch-like protein 24	protein-coding	Symbol
LOC111128428	86	111128428	LOC111128428	uncharacterized LOC111128428	protein-coding	Symbol
LOC111129077	86	111129077	LOC111129077	non-lysosomal glucosylceramidase-like	protein-coding	Symbol
LOC111129970	86	111129970	LOC111129970	ribosomal oxygenase 1-like	protein-coding	Symbol
LOC111134833	86	111134833	LOC111134833	xaa-Pro aminopeptidase 1-like	protein-coding	Symbol
LOC111135097	86	111135097	LOC111135097	dyslexia-associated protein KIAA0319-like protein	protein-coding	Symbol
LOC111135877	86	111135877	LOC111135877	uncharacterized LOC111135877	protein-coding	Symbol
LOC111112844	85	NA	NA	NA	NA	NA
LOC111126065	85	111126065	LOC111126065	protein ABHD18-like	protein-coding	Symbol
LOC111130884	85	111130884	LOC111130884	proton-coupled zinc antiporter SLC30A5-like	protein-coding	Symbol
LOC111103944	84	111103944	LOC111103944	aminopeptidase N-like	protein-coding	Symbol
LOC111104021	84	111104021	LOC111104021	armadillo repeat-containing protein 2-like	protein-coding	Symbol
LOC111112624	84	111112624	LOC111112624	glycoprotein-N-acetylgalactosamine 3-beta-galactosyltransferase 1-like	protein-coding	Symbol
LOC111119183	84	111119183	LOC111119183	uncharacterized LOC111119183	protein-coding	Symbol
LOC111129784	84	111129784	LOC111129784	uncharacterized LOC111129784	protein-coding	Symbol
LOC111136644	84	111136644	LOC111136644	proteasome subunit beta type-5-like	protein-coding	Symbol
LOC111138435	84	111138435	LOC111138435	ribosome maturation protein SBDS-like	protein-coding	Symbol
LOC111099692	83	111099692	LOC111099692	leucine-rich repeat and calponin homology domain-containing protein-like	protein-coding	Symbol
LOC111100788	83	111100788	LOC111100788	KH domain-containing RNA-binding protein qki.L-like	protein-coding	Symbol
LOC111104439	83	111104439	LOC111104439	ubiquinone biosynthesis O-methyltransferase, mitochondrial-like	protein-coding	Symbol
LOC111106558	83	111106558	LOC111106558	uncharacterized LOC111106558	protein-coding	Symbol
LOC111108514	83	111108514	LOC111108514	uncharacterized LOC111108514	protein-coding	Symbol
LOC111118910	83	111118910	LOC111118910	uncharacterized LOC111118910	protein-coding	Symbol
LOC111120704	83	111120704	LOC111120704	enoyl-CoA hydratase, mitochondrial-like	protein-coding	Symbol
LOC111125916	83	111125916	LOC111125916	uncharacterized LOC111125916	protein-coding	Symbol
LOC111126675	83	111126675	LOC111126675	general transcription factor 3C polypeptide 5-like	protein-coding	Symbol
LOC111126866	83	NA	NA	NA	NA	NA
LOC111129694	83	111129694	LOC111129694	usherin-like	protein-coding	Symbol
LOC111129795	83	NA	NA	NA	NA	NA
LOC111130503	83	111130503	LOC111130503	nuclear nucleic acid-binding protein C1D-like	protein-coding	Symbol
LOC111134347	83	111134347	LOC111134347	galactoside alpha-(1,2)-fucosyltransferase 2-like	protein-coding	Symbol
LOC111100373	82	111100373	LOC111100373	transmembrane anterior posterior transformation protein 1 homolog	protein-coding	Symbol
LOC111105329	82	111105329	LOC111105329	NFX1-type zinc finger-containing protein 1-like	protein-coding	Symbol
LOC111107154	82	111107154	LOC111107154	dystroglycan 1-like	protein-coding	Symbol
LOC111118552	82	111118552	LOC111118552	mitochondrial thiamine pyrophosphate carrier-like	protein-coding	Symbol
LOC111126456	82	111126456	LOC111126456	exostosin-like 3	protein-coding	Symbol
LOC111129221	82	111129221	LOC111129221	serine/threonine-protein kinase ULK4-like	protein-coding	Symbol
LOC111129788	82	111129788	LOC111129788	uncharacterized LOC111129788	protein-coding	Symbol
LOC111131690	82	111131690	LOC111131690	ESF1 homolog	protein-coding	Symbol
LOC111133661	82	111133661	LOC111133661	uracil-DNA glycosylase-like	protein-coding	Symbol
LOC111135287	82	111135287	LOC111135287	xaa-Pro dipeptidase-like	protein-coding	Symbol
LOC111136078	82	111136078	LOC111136078	uncharacterized LOC111136078	protein-coding	Symbol
LOC111136484	82	111136484	LOC111136484	ER membrane protein complex subunit 1-like	protein-coding	Symbol
LOC111102779	81	111102779	LOC111102779	uncharacterized LOC111102779	protein-coding	Symbol
LOC111105912	81	111105912	LOC111105912	dynamin-1-like protein	protein-coding	Symbol
LOC111108511	81	111108511	LOC111108511	uncharacterized LOC111108511	protein-coding	Symbol
LOC111112778	81	NA	NA	NA	NA	NA
LOC111119485	81	111119485	LOC111119485	uncharacterized LOC111119485	protein-coding	Symbol
LOC111121617	81	111121617	LOC111121617	17-beta-hydroxysteroid dehydrogenase type 6-like	protein-coding	Symbol
LOC111125676	81	111125676	LOC111125676	WD repeat-containing protein 19-like	protein-coding	Symbol
LOC111136408	81	111136408	LOC111136408	uncharacterized LOC111136408	protein-coding	Symbol
LOC111138232	81	111138232	LOC111138232	kelch repeat and BTB domain-containing protein 8-like	protein-coding	Symbol
LOC111103620	80	111103620	LOC111103620	ribosome production factor 2 homolog	protein-coding	Symbol
LOC111103792	80	NA	NA	NA	NA	NA
LOC111113183	80	111113183	LOC111113183	uncharacterized LOC111113183	protein-coding	Symbol
LOC111121979	80	111121979	LOC111121979	ketimine reductase mu-crystallin-like	protein-coding	Symbol
LOC111122447	80	111122447	LOC111122447	uncharacterized LOC111122447	protein-coding	Symbol
LOC111125562	80	111125562	LOC111125562	DNA polymerase epsilon catalytic subunit A-like	protein-coding	Symbol
LOC111131048	80	NA	NA	NA	NA	NA
LOC111131596	80	111131596	LOC111131596	uncharacterized LOC111131596	protein-coding	Symbol
LOC111135478	80	111135478	LOC111135478	uncharacterized LOC111135478	protein-coding	Symbol
LOC111108615	79	111108615	LOC111108615	NACHT domain- and WD repeat-containing protein 1-like	protein-coding	Symbol
LOC111109292	79	NA	NA	NA	NA	NA
LOC111112580	79	111112580	LOC111112580	cilia- and flagella- associated protein 210-like	protein-coding	Symbol
LOC111113425	79	111113425	LOC111113425	uncharacterized LOC111113425	protein-coding	Symbol
LOC111117320	79	111117320	LOC111117320	uncharacterized LOC111117320	protein-coding	Symbol
LOC111119410	79	111119410	LOC111119410	zinc finger MIZ domain-containing protein 1-like	protein-coding	Symbol
LOC111120499	79	111120499	LOC111120499	UNC93-like protein MFSD11	protein-coding	Symbol
LOC111120532	79	111120532	LOC111120532	uncharacterized LOC111120532	protein-coding	Symbol
LOC111120558	79	111120558	LOC111120558	cysteine-rich protein 1-like	pseudo	Symbol
LOC111124625	79	111124625	LOC111124625	MPN domain-containing protein-like	protein-coding	Symbol
LOC111129497	79	111129497	LOC111129497	WD repeat-containing protein 20-like	protein-coding	Symbol
LOC111133784	79	111133784	LOC111133784	uncharacterized LOC111133784	protein-coding	Symbol
LOC111134128	79	111134128	LOC111134128	actin-like protein 6A	protein-coding	Symbol
LOC111138341	79	111138341	LOC111138341	drebrin-like protein	protein-coding	Symbol
LOC111100465	78	111100465	LOC111100465	5-hydroxytryptamine receptor 1A-alpha-like	protein-coding	Symbol
LOC111100570	78	111100570	LOC111100570	protein phosphatase 1 regulatory subunit 3B-like	protein-coding	Symbol
LOC111107395	78	111107395	LOC111107395	monoacylglycerol lipase abhd6-B-like	protein-coding	Symbol
LOC111107699	78	111107699	LOC111107699	tumor suppressor candidate 2-like	protein-coding	Symbol
LOC111114497	78	111114497	LOC111114497	kinetochore protein Spc25-like	protein-coding	Symbol
LOC111118514	78	111118514	LOC111118514	UDP-sugar transporter sqv-7-like	protein-coding	Symbol
LOC111119413	78	111119413	LOC111119413	UPAR/Ly6 domain-containing protein bou-like	protein-coding	Symbol
LOC111120232	78	111120232	LOC111120232	uncharacterized LOC111120232	protein-coding	Symbol
LOC111120773	78	111120773	LOC111120773	cGMP-dependent protein kinase 1-like	protein-coding	Symbol
LOC111121549	78	111121549	LOC111121549	3'-5' exoribonuclease HELZ2-like	protein-coding	Symbol
LOC111122669	78	111122669	LOC111122669	SOSS complex subunit B2-like	protein-coding	Symbol
LOC111124122	78	NA	NA	NA	NA	NA
LOC111127650	78	111127650	LOC111127650	uncharacterized LOC111127650	protein-coding	Symbol
LOC111131326	78	NA	NA	NA	NA	NA
LOC111135316	78	111135316	LOC111135316	enoyl-CoA delta isomerase 2-like	protein-coding	Symbol
LOC111136634	78	111136634	LOC111136634	glycoprotein-N-acetylgalactosamine 3-beta-galactosyltransferase 1-like	protein-coding	Symbol
LOC111136875	78	111136875	LOC111136875	protein RRP5 homolog	protein-coding	Symbol
LOC111103402	77	111103402	LOC111103402	uncharacterized LOC111103402	protein-coding	Symbol
LOC111106640	77	111106640	LOC111106640	MAM and LDL-receptor class A domain-containing protein 2-like	protein-coding	Symbol
LOC111120203	77	111120203	LOC111120203	U3 small nucleolar RNA-associated protein 6 homolog	protein-coding	Symbol
LOC111128023	77	111128023	LOC111128023	mitochondrial 2-oxodicarboxylate carrier-like	protein-coding	Symbol
LOC111130320	77	111130320	LOC111130320	uncharacterized LOC111130320	protein-coding	Symbol
LOC111133021	77	111133021	LOC111133021	uncharacterized LOC111133021	protein-coding	Symbol
LOC111135080	77	111135080	LOC111135080	beta-glucuronidase-like	protein-coding	Symbol
LOC111111304	76	111111304	LOC111111304	B-box type zinc finger protein ncl-1-like	protein-coding	Symbol
LOC111114668	76	111114668	LOC111114668	uracil-DNA glycosylase-like	protein-coding	Symbol
LOC111114820	76	111114820	LOC111114820	SWI/SNF-related matrix-associated actin-dependent regulator of chromatin subfamily D member 1-like	protein-coding	Symbol
LOC111118569	76	111118569	LOC111118569	xylose isomerase-like	protein-coding	Symbol
LOC111121121	76	111121121	LOC111121121	uncharacterized LOC111121121	protein-coding	Symbol
LOC111123971	76	111123971	LOC111123971	uncharacterized LOC111123971	protein-coding	Symbol
LOC111126900	76	111126900	LOC111126900	retinoblastoma-binding protein 5-like	protein-coding	Symbol
LOC111127060	76	111127060	LOC111127060	negative elongation factor B-like	protein-coding	Symbol
LOC111130838	76	111130838	LOC111130838	equilibrative nucleoside transporter 3-like	protein-coding	Symbol
LOC111133328	76	111133328	LOC111133328	doublecortin domain-containing protein 1-like	protein-coding	Symbol
LOC111136511	76	111136511	LOC111136511	uncharacterized LOC111136511	protein-coding	Symbol
LOC111100412	75	111100412	LOC111100412	uncharacterized LOC111100412	protein-coding	Symbol
LOC111103513	75	111103513	LOC111103513	cyclic AMP-responsive element-binding protein 3-like protein 1	protein-coding	Symbol
LOC111128010	75	111128010	LOC111128010	DNA polymerase epsilon subunit 4-like	protein-coding	Symbol
LOC111130118	75	NA	NA	NA	NA	NA
LOC111135355	75	111135355	LOC111135355	uncharacterized LOC111135355	protein-coding	Symbol
LOC111099754	74	111099754	LOC111099754	centromere protein I-like	protein-coding	Symbol
LOC111106643	74	NA	NA	NA	NA	NA
LOC111108388	74	NA	NA	NA	NA	NA
LOC111121432	74	111121432	LOC111121432	small ribosomal subunit protein uS7-like	protein-coding	Symbol
LOC111123621	74	111123621	LOC111123621	heat shock protein 75 kDa, mitochondrial-like	protein-coding	Symbol
LOC111123701	74	111123701	LOC111123701	uncharacterized LOC111123701	protein-coding	Symbol
LOC111126544	74	NA	NA	NA	NA	NA
LOC111127970	74	111127970	LOC111127970	SUMO-activating enzyme subunit 1-like	protein-coding	Symbol
LOC111133473	74	111133473	LOC111133473	cholecystokinin receptor type A-like	protein-coding	Symbol
LOC111111136	73	111111136	LOC111111136	neural cell adhesion molecule 1-like	protein-coding	Symbol
LOC111126391	73	111126391	LOC111126391	prostaglandin E synthase 2-like	protein-coding	Symbol
LOC111130324	73	111130324	LOC111130324	uncharacterized LOC111130324	protein-coding	Symbol
LOC111131871	73	111131871	LOC111131871	serine/threonine-protein phosphatase 4 regulatory subunit 4-like	protein-coding	Symbol
LOC111132753	73	111132753	LOC111132753	uncharacterized LOC111132753	protein-coding	Symbol
LOC111133150	73	111133150	LOC111133150	E3 ubiquitin-protein ligase TRAIP-like	protein-coding	Symbol
LOC111135496	73	111135496	LOC111135496	uncharacterized LOC111135496	protein-coding	Symbol
LOC111136681	73	111136681	LOC111136681	S-formylglutathione hydrolase-like	protein-coding	Symbol
LOC111137189	73	111137189	LOC111137189	uncharacterized LOC111137189	protein-coding	Symbol
LOC111112912	72	NA	NA	NA	NA	NA
LOC111117341	72	111117341	LOC111117341	uncharacterized LOC111117341	ncRNA	Symbol
LOC111118023	72	111118023	LOC111118023	uncharacterized LOC111118023	protein-coding	Symbol
LOC111118808	72	NA	NA	NA	NA	NA
LOC111119156	72	111119156	LOC111119156	uncharacterized LOC111119156	protein-coding	Symbol
LOC111121517	72	111121517	LOC111121517	intraflagellar transport protein 27 homolog	protein-coding	Symbol
LOC111128182	72	111128182	LOC111128182	uncharacterized LOC111128182	protein-coding	Symbol
LOC111130299	72	111130299	LOC111130299	uncharacterized LOC111130299	protein-coding	Symbol
LOC111131057	72	NA	NA	NA	NA	NA
LOC111131220	72	111131220	LOC111131220	cholecystokinin receptor type A-like	protein-coding	Symbol
LOC111099736	71	111099736	LOC111099736	uncharacterized LOC111099736	pseudo	Symbol
LOC111110433	71	NA	NA	NA	NA	NA
LOC111117966	71	111117966	LOC111117966	translation initiation factor eIF2B subunit beta-like	protein-coding	Symbol
LOC111126146	71	111126146	LOC111126146	uncharacterized LOC111126146	protein-coding	Symbol
LOC111129830	71	111129830	LOC111129830	uncharacterized LOC111129830	protein-coding	Symbol
LOC111133155	71	111133155	LOC111133155	ciliogenesis and planar polarity effector 2-like	protein-coding	Symbol
LOC111134191	71	111134191	LOC111134191	uncharacterized LOC111134191	protein-coding	Symbol
LOC111134885	71	111134885	LOC111134885	nucleoporin SEH1-like	protein-coding	Symbol
LOC111134900	71	NA	NA	NA	NA	NA
LOC111135429	71	111135429	LOC111135429	uncharacterized LOC111135429	protein-coding	Symbol
LOC111135882	71	111135882	LOC111135882	uncharacterized LOC111135882	protein-coding	Symbol
LOC111136650	71	111136650	LOC111136650	uncharacterized LOC111136650	protein-coding	Symbol
LOC111137930	71	NA	NA	NA	NA	NA
LOC111109352	70	111109352	LOC111109352	uncharacterized LOC111109352	protein-coding	Symbol
LOC111117911	70	111117911	LOC111117911	manganese-dependent ADP-ribose/CDP-alcohol diphosphatase-like	protein-coding	Symbol
LOC111118461	70	111118461	LOC111118461	FAD-linked sulfhydryl oxidase ALR-like	protein-coding	Symbol
LOC111128374	70	111128374	LOC111128374	coiled-coil domain-containing protein 124-like	protein-coding	Symbol
LOC111128749	70	NA	NA	NA	NA	NA
LOC111129350	70	111129350	LOC111129350	uncharacterized LOC111129350	protein-coding	Symbol
LOC111135152	70	111135152	LOC111135152	transient receptor potential cation channel subfamily M member 8-like	protein-coding	Symbol
LOC111135793	70	111135793	LOC111135793	centrosomal protein of 70 kDa-like	protein-coding	Symbol
LOC111136749	70	111136749	LOC111136749	large ribosomal subunit protein mL43-like	protein-coding	Symbol
LOC111137240	70	111137240	LOC111137240	uncharacterized LOC111137240	protein-coding	Symbol
LOC111100369	69	111100369	LOC111100369	uncharacterized LOC111100369	protein-coding	Symbol
LOC111101184	69	111101184	LOC111101184	uncharacterized LOC111101184	protein-coding	Symbol
LOC111101752	69	111101752	LOC111101752	uncharacterized LOC111101752	protein-coding	Symbol
LOC111119453	69	111119453	LOC111119453	small ribosomal subunit protein mS34-like	protein-coding	Symbol
LOC111120116	69	111120116	LOC111120116	ras-related protein Rab-3-like	protein-coding	Symbol
LOC111120426	69	NA	NA	NA	NA	NA
LOC111120506	69	111120506	LOC111120506	regulating synaptic membrane exocytosis protein 2-like	protein-coding	Symbol
LOC111123848	69	111123848	LOC111123848	uncharacterized LOC111123848	protein-coding	Symbol
LOC111125123	69	111125123	LOC111125123	retinoic acid receptor beta-like	protein-coding	Symbol
LOC111126216	69	NA	NA	NA	NA	NA
LOC111128158	69	NA	NA	NA	NA	NA
LOC111128590	69	NA	NA	NA	NA	NA
LOC111129521	69	111129521	LOC111129521	uncharacterized LOC111129521	protein-coding	Symbol
LOC111134831	69	111134831	LOC111134831	ankyrin repeat domain-containing protein 27-like	protein-coding	Symbol
LOC111136251	69	111136251	LOC111136251	voltage-gated potassium channel subunit beta-2-like	protein-coding	Symbol
LOC111136551	69	111136551	LOC111136551	ATP-dependent DNA helicase Q4-like	protein-coding	Symbol
LOC111136889	69	111136889	LOC111136889	mediator of RNA polymerase II transcription subunit 28-like	protein-coding	Symbol
LOC111138025	69	111138025	LOC111138025	CBY1-interacting BAR domain-containing protein 2-like	protein-coding	Symbol
LOC111105104	68	111105104	LOC111105104	uncharacterized LOC111105104	protein-coding	Symbol
LOC111106408	68	111106408	LOC111106408	heat shock 70 kDa protein 14-like	protein-coding	Symbol
LOC111108624	68	111108624	LOC111108624	protein MCM10 homolog	protein-coding	Symbol
LOC111109462	68	111109462	LOC111109462	acylamino-acid-releasing enzyme-like	protein-coding	Symbol
LOC111110943	68	111110943	LOC111110943	synaptic vesicle 2-related protein-like	protein-coding	Symbol
LOC111114519	68	111114519	LOC111114519	uncharacterized LOC111114519	protein-coding	Symbol
LOC111114538	68	111114538	LOC111114538	cullin-2-like	protein-coding	Symbol
LOC111118831	68	111118831	LOC111118831	uncharacterized LOC111118831	protein-coding	Symbol
LOC111120832	68	111120832	LOC111120832	uncharacterized LOC111120832	protein-coding	Symbol
LOC111121019	68	111121019	LOC111121019	eukaryotic translation initiation factor 3 subunit L-like	protein-coding	Symbol
LOC111124334	68	111124334	LOC111124334	uncharacterized LOC111124334	protein-coding	Symbol
LOC111124745	68	111124745	LOC111124745	large neutral amino acids transporter small subunit 1-like	protein-coding	Symbol
LOC111129502	68	111129502	LOC111129502	tumor necrosis factor alpha-induced protein 8-like	protein-coding	Symbol
LOC111130932	68	111130932	LOC111130932	uncharacterized LOC111130932	protein-coding	Symbol
LOC111134367	68	111134367	LOC111134367	uncharacterized LOC111134367	protein-coding	Symbol
LOC111134522	68	111134522	LOC111134522	uncharacterized LOC111134522	protein-coding	Symbol
LOC111137060	68	111137060	LOC111137060	ER membrane protein complex subunit 2-like	protein-coding	Symbol
LOC111137577	68	111137577	LOC111137577	ribonuclease H2 subunit A-like	protein-coding	Symbol
LOC111137775	68	111137775	LOC111137775	GMP reductase 2-like	protein-coding	Symbol
LOC111103000	67	111103000	LOC111103000	uncharacterized LOC111103000	protein-coding	Symbol
LOC111118166	67	NA	NA	NA	NA	NA
LOC111119160	67	111119160	LOC111119160	uncharacterized LOC111119160	protein-coding	Symbol
LOC111123143	67	111123143	LOC111123143	uncharacterized LOC111123143	protein-coding	Symbol
LOC111125018	67	111125018	LOC111125018	E3 ubiquitin-protein ligase MYCBP2-like	protein-coding	Symbol
LOC111126103	67	111126103	LOC111126103	uncharacterized LOC111126103	protein-coding	Symbol
LOC111126117	67	111126117	LOC111126117	uncharacterized LOC111126117	protein-coding	Symbol
LOC111126131	67	111126131	LOC111126131	NADH-ubiquinone oxidoreductase 49 kDa subunit-like	protein-coding	Symbol
LOC111126682	67	111126682	LOC111126682	uncharacterized LOC111126682	protein-coding	Symbol
LOC111128461	67	111128461	LOC111128461	zinc finger protein 830-like	protein-coding	Symbol
LOC111131119	67	111131119	LOC111131119	renalase-like	protein-coding	Symbol
LOC111134395	67	111134395	LOC111134395	kelch-like protein 26	protein-coding	Symbol
LOC111137518	67	111137518	LOC111137518	DNA replication complex GINS protein PSF2-like	protein-coding	Symbol
LOC111137687	67	111137687	LOC111137687	replication factor C subunit 5-like	protein-coding	Symbol
LOC111110316	66	111110316	LOC111110316	phospholipid-transporting ATPase ABCA3-like	protein-coding	Symbol
LOC111113727	66	111113727	LOC111113727	uncharacterized LOC111113727	protein-coding	Symbol
LOC111113822	66	NA	NA	NA	NA	NA
LOC111114867	66	111114867	LOC111114867	uncharacterized LOC111114867	protein-coding	Symbol
LOC111124394	66	111124394	LOC111124394	trehalase-like	protein-coding	Symbol
LOC111125675	66	111125675	LOC111125675	low-density lipoprotein receptor-related protein 6-like	protein-coding	Symbol
LOC111126147	66	NA	NA	NA	NA	NA
LOC111128588	66	111128588	LOC111128588	uncharacterized LOC111128588	protein-coding	Symbol
LOC111135623	66	NA	NA	NA	NA	NA
LOC111101260	65	111101260	LOC111101260	uncharacterized LOC111101260	protein-coding	Symbol
LOC111101594	65	NA	NA	NA	NA	NA
LOC111106110	65	111106110	LOC111106110	uncharacterized LOC111106110	protein-coding	Symbol
LOC111106319	65	111106319	LOC111106319	uncharacterized LOC111106319	protein-coding	Symbol
LOC111109197	65	111109197	LOC111109197	uncharacterized LOC111109197	protein-coding	Symbol
LOC111109301	65	111109301	LOC111109301	uncharacterized LOC111109301	protein-coding	Symbol
LOC111118356	65	111118356	LOC111118356	zinc finger CCHC domain-containing protein 7-like	protein-coding	Symbol
LOC111121048	65	111121048	LOC111121048	regulator of MON1-CCZ1 complex-like	protein-coding	Symbol
LOC111123804	65	111123804	LOC111123804	NTF2-related export protein 2-like	protein-coding	Symbol
LOC111125164	65	111125164	LOC111125164	heat shock 70 kDa protein 12A-like	protein-coding	Symbol
LOC111126181	65	111126181	LOC111126181	general transcription factor 3C polypeptide 4-like	protein-coding	Symbol
LOC111126443	65	NA	NA	NA	NA	NA
LOC111128136	65	111128136	LOC111128136	galactose mutarotase-like	protein-coding	Symbol
LOC111130057	65	111130057	LOC111130057	DNA polymerase alpha subunit B-like	protein-coding	Symbol
LOC111130117	65	111130117	LOC111130117	DNA repair protein XRCC3-like	protein-coding	Symbol
LOC111134260	65	111134260	LOC111134260	spermine oxidase-like	protein-coding	Symbol
LOC111136786	65	111136786	LOC111136786	sperm-associated antigen 7 homolog	protein-coding	Symbol
LOC111136789	65	111136789	LOC111136789	uncharacterized LOC111136789	protein-coding	Symbol
LOC111137477	65	111137477	LOC111137477	eukaryotic translation initiation factor 4H-like	protein-coding	Symbol
LOC111138162	65	111138162	LOC111138162	uncharacterized LOC111138162	protein-coding	Symbol
LOC111105528	64	NA	NA	NA	NA	NA
LOC111108759	64	NA	NA	NA	NA	NA
LOC111109442	64	111109442	LOC111109442	aldose reductase-related protein 2-like	protein-coding	Symbol
LOC111111868	64	NA	NA	NA	NA	NA
LOC111116905	64	111116905	LOC111116905	uncharacterized LOC111116905	protein-coding	Symbol
LOC111121426	64	111121426	LOC111121426	uncharacterized LOC111121426	protein-coding	Symbol
LOC111128109	64	111128109	LOC111128109	DET1- and DDB1-associated protein 1-like	protein-coding	Symbol
LOC111129279	64	111129279	LOC111129279	uncharacterized LOC111129279	protein-coding	Symbol
LOC111129898	64	111129898	LOC111129898	protein pellino-like	protein-coding	Symbol
LOC111132418	64	111132418	LOC111132418	uncharacterized LOC111132418	protein-coding	Symbol
LOC111134230	64	111134230	LOC111134230	uncharacterized LOC111134230	protein-coding	Symbol
LOC111138048	64	111138048	LOC111138048	uncharacterized LOC111138048	protein-coding	Symbol
LOC111099592	63	111099592	LOC111099592	uncharacterized LOC111099592	protein-coding	Symbol
LOC111103514	63	NA	NA	NA	NA	NA
LOC111110792	63	NA	NA	NA	NA	NA
LOC111118932	63	111118932	LOC111118932	FRAS1-related extracellular matrix protein 1-like	protein-coding	Symbol
LOC111120939	63	111120939	LOC111120939	uncharacterized LOC111120939	protein-coding	Symbol
LOC111125277	63	111125277	LOC111125277	uncharacterized LOC111125277	protein-coding	Symbol
LOC111125434	63	111125434	LOC111125434	uncharacterized LOC111125434	protein-coding	Symbol
LOC111125951	63	111125951	LOC111125951	protein disulfide-isomerase A5-like	protein-coding	Symbol
LOC111125954	63	111125954	LOC111125954	ubiquitin carboxyl-terminal hydrolase 20-like	protein-coding	Symbol
LOC111129359	63	111129359	LOC111129359	uncharacterized LOC111129359	protein-coding	Symbol
LOC111129476	63	111129476	LOC111129476	protein MEMO1-like	protein-coding	Symbol
LOC111130645	63	111130645	LOC111130645	uncharacterized LOC111130645	protein-coding	Symbol
LOC111133223	63	111133223	LOC111133223	uncharacterized LOC111133223	protein-coding	Symbol
LOC111133337	63	111133337	LOC111133337	non-homologous end-joining factor 1-like	protein-coding	Symbol
LOC111134701	63	NA	NA	NA	NA	NA
LOC111135382	63	111135382	LOC111135382	uncharacterized LOC111135382	protein-coding	Symbol
LOC111136635	63	111136635	LOC111136635	exosome complex exonuclease RRP44-like	protein-coding	Symbol
LOC111136925	63	111136925	LOC111136925	serine/threonine-protein kinase Nek11-like	protein-coding	Symbol
LOC111138388	63	111138388	LOC111138388	uncharacterized LOC111138388	protein-coding	Symbol
LOC111100963	62	111100963	LOC111100963	cilia- and flagella-associated protein 300-like	protein-coding	Symbol
LOC111100964	62	111100964	LOC111100964	octanoyl-[acyl-carrier-protein]:protein N-octanoyltransferase LIPT2, mitochondrial-like	protein-coding	Symbol
LOC111101851	62	111101851	LOC111101851	cell division cycle protein 16 homolog	protein-coding	Symbol
LOC111108543	62	111108543	LOC111108543	uncharacterized LOC111108543	protein-coding	Symbol
LOC111110638	62	NA	NA	NA	NA	NA
LOC111110648	62	111110648	LOC111110648	kelch-like protein 24	protein-coding	Symbol
LOC111111787	62	111111787	LOC111111787	uncharacterized LOC111111787	protein-coding	Symbol
LOC111112511	62	111112511	LOC111112511	uncharacterized LOC111112511	pseudo	Symbol
LOC111112602	62	111112602	LOC111112602	spermine oxidase-like	protein-coding	Symbol
LOC111119055	62	111119055	LOC111119055	U6 snRNA-associated Sm-like protein LSm4	protein-coding	Symbol
LOC111119577	62	111119577	LOC111119577	NADH dehydrogenase [ubiquinone] 1 alpha subcomplex assembly factor 2-like	protein-coding	Symbol
LOC111119815	62	NA	NA	NA	NA	NA
LOC111120013	62	111120013	LOC111120013	uncharacterized LOC111120013	protein-coding	Symbol
LOC111124900	62	111124900	LOC111124900	mannose-1-phosphate guanylyltransferase regulatory subunit alpha-A-like	protein-coding	Symbol
LOC111134715	62	111134715	LOC111134715	junctophilin-1-like	protein-coding	Symbol
LOC111135911	62	111135911	LOC111135911	myoferlin-like	protein-coding	Symbol
LOC111138112	62	111138112	LOC111138112	inositol 1,4,5-trisphosphate-gated calcium channel ITPR2-like	protein-coding	Symbol
LOC111101542	61	111101542	LOC111101542	PHD finger protein 20-like protein 1	protein-coding	Symbol
LOC111107262	61	111107262	LOC111107262	uncharacterized LOC111107262	protein-coding	Symbol
LOC111120812	61	111120812	LOC111120812	endonuclease III-like protein 1	protein-coding	Symbol
LOC111121739	61	NA	NA	NA	NA	NA
LOC111122218	61	111122218	LOC111122218	calmodulin-like	protein-coding	Symbol
LOC111126088	61	111126088	LOC111126088	prefoldin subunit 6-like	protein-coding	Symbol
LOC111126975	61	111126975	LOC111126975	signal recognition particle receptor subunit alpha-like	protein-coding	Symbol
LOC111128527	61	111128527	LOC111128527	ribosome production factor 1-like	protein-coding	Symbol
LOC111129785	61	NA	NA	NA	NA	NA
LOC111131147	61	111131147	LOC111131147	1-phosphatidylinositol 4,5-bisphosphate phosphodiesterase classes I and II-like	protein-coding	Symbol
LOC111136615	61	111136615	LOC111136615	nuclear pore complex protein Nup93-like	protein-coding	Symbol
LOC111101024	60	NA	NA	NA	NA	NA
LOC111102623	60	111102623	LOC111102623	PIH1 domain-containing protein 1-like	protein-coding	Symbol
LOC111103372	60	NA	NA	NA	NA	NA
LOC111119576	60	111119576	LOC111119576	large ribosomal subunit protein uL15m-like	protein-coding	Symbol
LOC111124760	60	111124760	LOC111124760	uncharacterized LOC111124760	protein-coding	Symbol
LOC111127761	60	111127761	LOC111127761	sugar transporter SWEET1-like	protein-coding	Symbol
LOC111128431	60	111128431	LOC111128431	BRISC and BRCA1-A complex member 2-like	protein-coding	Symbol
LOC111128766	60	111128766	LOC111128766	uncharacterized LOC111128766	protein-coding	Symbol
LOC111129338	60	NA	NA	NA	NA	NA
LOC111131594	60	111131594	LOC111131594	uncharacterized LOC111131594	protein-coding	Symbol
LOC111131764	60	NA	NA	NA	NA	NA
LOC111133350	60	111133350	LOC111133350	pleckstrin homology domain-containing family G member 5-like	protein-coding	Symbol
LOC111133597	60	111133597	LOC111133597	sodium-coupled neutral amino acid transporter 7-like	protein-coding	Symbol
LOC111134649	60	111134649	LOC111134649	kinesin-like protein KIF15	protein-coding	Symbol
LOC111135314	60	111135314	LOC111135314	uncharacterized LOC111135314	protein-coding	Symbol
LOC111137356	60	111137356	LOC111137356	transmembrane protein 143-like	protein-coding	Symbol
LOC111137838	60	111137838	LOC111137838	uncharacterized LOC111137838	protein-coding	Symbol
LOC111103856	59	111103856	LOC111103856	PC3-like endoprotease variant B	protein-coding	Symbol
LOC111104017	59	111104017	LOC111104017	uncharacterized LOC111104017	protein-coding	Symbol
LOC111107574	59	111107574	LOC111107574	cyclin-dependent kinase 17-like	protein-coding	Symbol
LOC111117877	59	111117877	LOC111117877	centrosomal protein POC5-like	protein-coding	Symbol
LOC111119040	59	111119040	LOC111119040	small ribosomal subunit protein uS5	protein-coding	Symbol
LOC111119639	59	111119639	LOC111119639	protein LTV1 homolog	protein-coding	Symbol
LOC111120687	59	111120687	LOC111120687	guanine nucleotide exchange factor subunit RIC1-like	protein-coding	Symbol
LOC111120964	59	111120964	LOC111120964	uncharacterized LOC111120964	protein-coding	Symbol
LOC111124564	59	111124564	LOC111124564	retinoic acid receptor RXR-alpha-B-like	protein-coding	Symbol
LOC111125880	59	111125880	LOC111125880	kinesin-like protein KIF14	protein-coding	Symbol
LOC111126665	59	111126665	LOC111126665	uncharacterized LOC111126665	protein-coding	Symbol
LOC111132766	59	111132766	LOC111132766	uridine 5'-monophosphate synthase-like	protein-coding	Symbol
LOC111134622	59	111134622	LOC111134622	uncharacterized LOC111134622	protein-coding	Symbol
LOC111135113	59	111135113	LOC111135113	flavin-containing monooxygenase 5-like	protein-coding	Symbol
LOC111137452	59	111137452	LOC111137452	DNA mismatch repair protein Msh2-like	protein-coding	Symbol
LOC111138046	59	111138046	LOC111138046	uncharacterized LOC111138046	protein-coding	Symbol
LOC111103940	58	111103940	LOC111103940	uncharacterized LOC111103940	protein-coding	Symbol
LOC111106859	58	NA	NA	NA	NA	NA
LOC111108268	58	111108268	LOC111108268	TBC1 domain family member 30-like	protein-coding	Symbol
LOC111112990	58	111112990	LOC111112990	uncharacterized LOC111112990	protein-coding	Symbol
LOC111117713	58	111117713	LOC111117713	uncharacterized LOC111117713	protein-coding	Symbol
LOC111121366	58	111121366	LOC111121366	rap guanine nucleotide exchange factor 2-like	protein-coding	Symbol
LOC111121771	58	111121771	LOC111121771	uncharacterized LOC111121771	protein-coding	Symbol
LOC111122390	58	NA	NA	NA	NA	NA
LOC111126278	58	111126278	LOC111126278	protein mab-21-like 2	protein-coding	Symbol
LOC111127397	58	111127397	LOC111127397	E3 ubiquitin-protein ligase RNF19B-like	protein-coding	Symbol
LOC111129469	58	111129469	LOC111129469	differentially expressed in FDCP 8 homolog A-like	protein-coding	Symbol
LOC111129948	58	111129948	LOC111129948	nuclear exosome regulator NRDE2-like	protein-coding	Symbol
LOC111131043	58	111131043	LOC111131043	DNA polymerase epsilon subunit 2-like	protein-coding	Symbol
LOC111135190	58	111135190	LOC111135190	E3 ubiquitin-protein ligase Su(dx)-like	protein-coding	Symbol
LOC111135799	58	111135799	LOC111135799	replication factor C subunit 4-like	protein-coding	Symbol
LOC111136976	58	111136976	LOC111136976	methionine--tRNA ligase, cytoplasmic-like	protein-coding	Symbol
LOC111138080	58	111138080	LOC111138080	uncharacterized LOC111138080	protein-coding	Symbol
LOC111103387	57	111103387	LOC111103387	uncharacterized LOC111103387	protein-coding	Symbol
LOC111107351	57	111107351	LOC111107351	UDP-galactose translocator-like	protein-coding	Symbol
LOC111112959	57	111112959	LOC111112959	DNA polymerase delta catalytic subunit-like	protein-coding	Symbol
LOC111119766	57	111119766	LOC111119766	ubiquitin carboxyl-terminal hydrolase 14-like	protein-coding	Symbol
LOC111120840	57	NA	NA	NA	NA	NA
LOC111121329	57	111121329	LOC111121329	uncharacterized LOC111121329	protein-coding	Symbol
LOC111122666	57	111122666	LOC111122666	inverted formin-2-like	protein-coding	Symbol
LOC111123666	57	111123666	LOC111123666	uncharacterized LOC111123666	protein-coding	Symbol
LOC111127339	57	111127339	LOC111127339	bestrophin-4-like	protein-coding	Symbol
LOC111128986	57	NA	NA	NA	NA	NA
LOC111130080	57	111130080	LOC111130080	uncharacterized LOC111130080	protein-coding	Symbol
LOC111130479	57	111130479	LOC111130479	ethyl acetate hydrolase-like	protein-coding	Symbol
LOC111137447	57	111137447	LOC111137447	ubiquitin-like domain-containing CTD phosphatase 1	protein-coding	Symbol
LOC111137573	57	111137573	LOC111137573	E3 ubiquitin-protein ligase MARCHF5-like	protein-coding	Symbol
LOC111138338	57	111138338	LOC111138338	fatty acid desaturase 6-like	protein-coding	Symbol
LOC111102252	56	111102252	LOC111102252	cytochrome P450 2C3-like	protein-coding	Symbol
LOC111110983	56	NA	NA	NA	NA	NA
LOC111118122	56	111118122	LOC111118122	sorting nexin-30-like	protein-coding	Symbol
LOC111119906	56	111119906	LOC111119906	mitogen-activated protein kinase kinase kinase 1-like	protein-coding	Symbol
LOC111119918	56	111119918	LOC111119918	pre-mRNA-splicing factor 38A-like	protein-coding	Symbol
LOC111126902	56	111126902	LOC111126902	uncharacterized LOC111126902	protein-coding	Symbol
LOC111128617	56	111128617	LOC111128617	threonine--tRNA ligase 1, cytoplasmic-like	protein-coding	Symbol
LOC111129487	56	111129487	LOC111129487	centromere/kinetochore protein zw10 homolog	protein-coding	Symbol
LOC111129947	56	111129947	LOC111129947	uncharacterized LOC111129947	protein-coding	Symbol
LOC111130020	56	111130020	LOC111130020	tryptophan--tRNA ligase, cytoplasmic-like	protein-coding	Symbol
LOC111134206	56	111134206	LOC111134206	uncharacterized LOC111134206	protein-coding	Symbol
LOC111135374	56	111135374	LOC111135374	U2 snRNP-associated SURP motif-containing protein-like	protein-coding	Symbol
LOC111099125	55	111099125	LOC111099125	uncharacterized LOC111099125	protein-coding	Symbol
LOC111100992	55	111100992	LOC111100992	uncharacterized LOC111100992	protein-coding	Symbol
LOC111101681	55	NA	NA	NA	NA	NA
LOC111104814	55	111104814	LOC111104814	E3 UFM1-protein ligase 1-like	protein-coding	Symbol
LOC111105497	55	111105497	LOC111105497	cysteine and histidine-rich domain-containing protein 1-like	protein-coding	Symbol
LOC111107480	55	NA	NA	NA	NA	NA
LOC111116795	55	111116795	LOC111116795	receptor-type tyrosine-protein phosphatase epsilon-like	protein-coding	Symbol
LOC111116960	55	111116960	LOC111116960	uncharacterized LOC111116960	pseudo	Symbol
LOC111119107	55	111119107	LOC111119107	glutamate dehydrogenase, mitochondrial-like	protein-coding	Symbol
LOC111119931	55	111119931	LOC111119931	importin-13-like	protein-coding	Symbol
LOC111120023	55	111120023	LOC111120023	uncharacterized LOC111120023	protein-coding	Symbol
LOC111120868	55	111120868	LOC111120868	protein NATD1-like	protein-coding	Symbol
LOC111121209	55	111121209	LOC111121209	uncharacterized LOC111121209	protein-coding	Symbol
LOC111122439	55	111122439	LOC111122439	uncharacterized LOC111122439	protein-coding	Symbol
LOC111123191	55	111123191	LOC111123191	uncharacterized LOC111123191	ncRNA	Symbol
LOC111125356	55	111125356	LOC111125356	ras-related protein Rab-9A-like	protein-coding	Symbol
LOC111125443	55	111125443	LOC111125443	N-acetyllactosaminide beta-1,6-N-acetylglucosaminyl-transferase-like	protein-coding	Symbol
LOC111127103	55	111127103	LOC111127103	proprotein convertase subtilisin/kexin type 7-like	protein-coding	Symbol
LOC111128222	55	111128222	LOC111128222	gamma-tubulin complex component 5-like	protein-coding	Symbol
LOC111130576	55	111130576	LOC111130576	leucine-rich repeat protein 1-like	protein-coding	Symbol
LOC111131155	55	111131155	LOC111131155	forkhead box protein E4-like	protein-coding	Symbol
LOC111133507	55	111133507	LOC111133507	serine/threonine-protein phosphatase PGAM5, mitochondrial-like	protein-coding	Symbol
LOC111133521	55	111133521	LOC111133521	protein unc-93 homolog A-like	protein-coding	Symbol
LOC111135409	55	111135409	LOC111135409	guanine deaminase-like	protein-coding	Symbol
LOC111136246	55	111136246	LOC111136246	uncharacterized LOC111136246	protein-coding	Symbol
LOC111137160	55	111137160	LOC111137160	uncharacterized LOC111137160	protein-coding	Symbol
LOC111100032	54	111100032	LOC111100032	parathyroid hormone/parathyroid hormone-related peptide receptor-like	protein-coding	Symbol
LOC111104972	54	NA	NA	NA	NA	NA
LOC111109079	54	111109079	LOC111109079	uncharacterized LOC111109079	protein-coding	Symbol
LOC111118652	54	111118652	LOC111118652	cysteine--tRNA ligase, cytoplasmic-like	protein-coding	Symbol
LOC111118905	54	111118905	LOC111118905	mismatch repair endonuclease PMS2-like	protein-coding	Symbol
LOC111119050	54	111119050	LOC111119050	tyrosine-protein kinase transmembrane receptor Ror2-like	protein-coding	Symbol
LOC111119558	54	NA	NA	NA	NA	NA
LOC111120973	54	111120973	LOC111120973	delta(24)-sterol reductase-like	protein-coding	Symbol
LOC111122578	54	111122578	LOC111122578	uncharacterized LOC111122578	protein-coding	Symbol
LOC111122970	54	NA	NA	NA	NA	NA
LOC111124704	54	111124704	LOC111124704	carnitine O-acetyltransferase-like	protein-coding	Symbol
LOC111127725	54	111127725	LOC111127725	tetratricopeptide repeat protein 7B-like	protein-coding	Symbol
LOC111127926	54	111127926	LOC111127926	beclin 1-associated autophagy-related key regulator-like	protein-coding	Symbol
LOC111128167	54	111128167	LOC111128167	mitochondrial import inner membrane translocase subunit TIM44-like	protein-coding	Symbol
LOC111129358	54	111129358	LOC111129358	ribonuclease H2 subunit C-like	protein-coding	Symbol
LOC111130223	54	111130223	LOC111130223	ARL14 effector protein-like	protein-coding	Symbol
LOC111132290	54	111132290	LOC111132290	protein phosphatase inhibitor 2-like	protein-coding	Symbol
LOC111133145	54	111133145	LOC111133145	transient receptor potential cation channel subfamily M member-like 2	protein-coding	Symbol
LOC111134667	54	111134667	LOC111134667	peptidyl-prolyl cis-trans isomerase H-like	protein-coding	Symbol
LOC111135257	54	111135257	LOC111135257	protein disulfide-isomerase TMX3-like	protein-coding	Symbol
LOC111136545	54	111136545	LOC111136545	cell cycle checkpoint control protein RAD9A-like	protein-coding	Symbol
LOC111136674	54	111136674	LOC111136674	transferrin receptor protein 1-like	protein-coding	Symbol
LOC111136780	54	111136780	LOC111136780	gamma-tubulin complex component 6-like	protein-coding	Symbol
LOC111100499	53	111100499	LOC111100499	deoxyribodipyrimidine photo-lyase-like	protein-coding	Symbol
LOC111103405	53	NA	NA	NA	NA	NA
LOC111103407	53	NA	NA	NA	NA	NA
LOC111104262	53	111104262	LOC111104262	transmembrane protein 242-like	protein-coding	Symbol
LOC111108432	53	111108432	LOC111108432	chitobiase-like	protein-coding	Symbol
LOC111113352	53	111113352	LOC111113352	calcitonin gene-related peptide type 1 receptor-like	protein-coding	Symbol
LOC111114331	53	111114331	LOC111114331	phosphatidylserine synthase 2-like	protein-coding	Symbol
LOC111119258	53	111119258	LOC111119258	ankyrin repeat and fibronectin type-III domain-containing protein 1-like	protein-coding	Symbol
LOC111123065	53	111123065	LOC111123065	DNA helicase MCM8-like	protein-coding	Symbol
LOC111123378	53	111123378	LOC111123378	SCY1-like protein 2	protein-coding	Symbol
LOC111125311	53	111125311	LOC111125311	prenylated Rab acceptor protein 1-like	protein-coding	Symbol
LOC111125647	53	111125647	LOC111125647	uncharacterized LOC111125647	protein-coding	Symbol
LOC111125942	53	111125942	LOC111125942	uncharacterized LOC111125942	protein-coding	Symbol
LOC111128205	53	111128205	LOC111128205	protein canopy homolog 2-like	protein-coding	Symbol
LOC111129255	53	111129255	LOC111129255	tubulin polyglutamylase TTLL5-like	protein-coding	Symbol
LOC111132535	53	NA	NA	NA	NA	NA
LOC111135414	53	111135414	LOC111135414	dnaJ homolog subfamily C member 16-like	protein-coding	Symbol
LOC111135988	53	111135988	LOC111135988	uncharacterized LOC111135988	protein-coding	Symbol
LOC111136549	53	111136549	LOC111136549	mRNA cap guanine-N(7) methyltransferase-like	protein-coding	Symbol
LOC111138178	53	111138178	LOC111138178	uncharacterized LOC111138178	protein-coding	Symbol
LOC111099442	52	NA	NA	NA	NA	NA
LOC111099968	52	NA	NA	NA	NA	NA
LOC111100633	52	NA	NA	NA	NA	NA
LOC111101895	52	111101895	LOC111101895	insulin-degrading enzyme-like	protein-coding	Symbol
LOC111102833	52	111102833	LOC111102833	uncharacterized LOC111102833	protein-coding	Symbol
LOC111104074	52	111104074	LOC111104074	interleukin-1 receptor-associated kinase 1-binding protein 1-like	protein-coding	Symbol
LOC111105748	52	111105748	LOC111105748	protein lifeguard 4-like	protein-coding	Symbol
LOC111112291	52	111112291	LOC111112291	vesicle transport protein USE1-like	protein-coding	Symbol
LOC111118435	52	111118435	LOC111118435	ras-related C3 botulinum toxin substrate 1-like	protein-coding	Symbol
LOC111119998	52	111119998	LOC111119998	5-taurinomethyluridine-[tRNA] synthase subunit GTPB3, mitochondrial-like	protein-coding	Symbol
LOC111120090	52	111120090	LOC111120090	uncharacterized LOC111120090	protein-coding	Symbol
LOC111121647	52	111121647	LOC111121647	DNA ligase 4-like	protein-coding	Symbol
LOC111122158	52	111122158	LOC111122158	cadherin-87A-like	protein-coding	Symbol
LOC111122314	52	111122314	LOC111122314	zinc phosphodiesterase ELAC protein 2-like	protein-coding	Symbol
LOC111123310	52	NA	NA	NA	NA	NA
LOC111124340	52	111124340	LOC111124340	uncharacterized LOC111124340	protein-coding	Symbol
LOC111124360	52	111124360	LOC111124360	uncharacterized LOC111124360	protein-coding	Symbol
LOC111127165	52	111127165	LOC111127165	MIT domain-containing protein 1-like	protein-coding	Symbol
LOC111127387	52	111127387	LOC111127387	prolyl 4-hydroxylase subunit alpha-1-like	protein-coding	Symbol
LOC111127909	52	111127909	LOC111127909	uncharacterized LOC111127909	protein-coding	Symbol
LOC111128082	52	111128082	LOC111128082	serine/threonine-protein kinase MRCK alpha-like	protein-coding	Symbol
LOC111132672	52	111132672	LOC111132672	regulator of G-protein signaling 12-like	protein-coding	Symbol
LOC111133059	52	111133059	LOC111133059	nucleolar complex protein 4 homolog A-like	protein-coding	Symbol
LOC111133501	52	111133501	LOC111133501	translation machinery-associated protein 16-like	protein-coding	Symbol
LOC111133559	52	111133559	LOC111133559	uncharacterized LOC111133559	protein-coding	Symbol
LOC111134472	52	111134472	LOC111134472	45 kDa calcium-binding protein-like	protein-coding	Symbol
LOC111135331	52	111135331	LOC111135331	anaphase-promoting complex subunit 4-like	protein-coding	Symbol
LOC111136278	52	111136278	LOC111136278	THO complex subunit 3-like	protein-coding	Symbol
LOC111137317	52	111137317	LOC111137317	uncharacterized LOC111137317	protein-coding	Symbol
LOC111101158	51	111101158	LOC111101158	cyclic GMP-AMP synthase-like	protein-coding	Symbol
LOC111102640	51	NA	NA	NA	NA	NA
LOC111102931	51	111102931	LOC111102931	coiled-coil alpha-helical rod protein 1-like	protein-coding	Symbol
LOC111105637	51	111105637	LOC111105637	acetylcholine receptor subunit alpha-like 2	protein-coding	Symbol
LOC111107850	51	111107850	LOC111107850	ATP-binding cassette sub-family D member 2-like	protein-coding	Symbol
LOC111110235	51	111110235	LOC111110235	DNA mismatch repair protein Msh6-like	protein-coding	Symbol
LOC111119008	51	NA	NA	NA	NA	NA
LOC111119752	51	111119752	LOC111119752	uncharacterized LOC111119752	protein-coding	Symbol
LOC111121027	51	111121027	LOC111121027	uncharacterized LOC111121027	protein-coding	Symbol
LOC111121137	51	111121137	LOC111121137	thymidine kinase, cytosolic-like	protein-coding	Symbol
LOC111124315	51	111124315	LOC111124315	voltage-dependent calcium channel type A subunit alpha-1-like	protein-coding	Symbol
LOC111126860	51	111126860	LOC111126860	uncharacterized LOC111126860	protein-coding	Symbol
LOC111128253	51	111128253	LOC111128253	pyroglutamyl-peptidase 1-like	protein-coding	Symbol
LOC111131564	51	NA	NA	NA	NA	NA
LOC111132189	51	111132189	LOC111132189	uncharacterized LOC111132189	protein-coding	Symbol
LOC111132493	51	111132493	LOC111132493	uncharacterized LOC111132493	protein-coding	Symbol
LOC111133322	51	NA	NA	NA	NA	NA
LOC111134145	51	111134145	LOC111134145	uncharacterized LOC111134145	protein-coding	Symbol
LOC111135780	51	111135780	LOC111135780	uncharacterized LOC111135780	protein-coding	Symbol
LOC111135926	51	NA	NA	NA	NA	NA
LOC111135941	51	111135941	LOC111135941	serine/threonine-protein kinase PAK 1-like	protein-coding	Symbol
LOC111100274	50	111100274	LOC111100274	putative mitochondrial pyruvate carrier 1	protein-coding	Symbol
LOC111102798	50	111102798	LOC111102798	snRNA-activating protein complex subunit 1-like	protein-coding	Symbol
LOC111105234	50	111105234	LOC111105234	uncharacterized LOC111105234	protein-coding	Symbol
LOC111105809	50	111105809	LOC111105809	uncharacterized LOC111105809	protein-coding	Symbol
LOC111108004	50	111108004	LOC111108004	universal stress protein YxiE-like	protein-coding	Symbol
LOC111108471	50	111108471	LOC111108471	uncharacterized LOC111108471	protein-coding	Symbol
LOC111110781	50	NA	NA	NA	NA	NA
LOC111111201	50	111111201	LOC111111201	uncharacterized LOC111111201	ncRNA	Symbol
LOC111114766	50	111114766	LOC111114766	PAT complex subunit CCDC47-like	protein-coding	Symbol
LOC111119092	50	111119092	LOC111119092	uncharacterized LOC111119092	protein-coding	Symbol
LOC111119411	50	111119411	LOC111119411	uncharacterized LOC111119411	protein-coding	Symbol
LOC111121255	50	111121255	LOC111121255	uncharacterized LOC111121255	protein-coding	Symbol
LOC111121563	50	111121563	LOC111121563	excitatory amino acid transporter 1-like	protein-coding	Symbol
LOC111122159	50	111122159	LOC111122159	cadherin-87A-like	protein-coding	Symbol
LOC111123921	50	NA	NA	NA	NA	NA
LOC111126794	50	111126794	LOC111126794	tetraspanin-9-like	protein-coding	Symbol
LOC111126936	50	111126936	LOC111126936	tripartite motif containing 13-like	protein-coding	Symbol
LOC111127788	50	111127788	LOC111127788	centrosomal protein CCDC61-like	protein-coding	Symbol
LOC111128834	50	111128834	LOC111128834	ubiquitin carboxyl-terminal hydrolase 34-like	protein-coding	Symbol
LOC111129921	50	111129921	LOC111129921	uncharacterized LOC111129921	protein-coding	Symbol
LOC111131065	50	111131065	LOC111131065	BTB/POZ domain-containing protein KCTD3-like	protein-coding	Symbol
LOC111132389	50	111132389	LOC111132389	coiled-coil domain-containing protein 125-like	protein-coding	Symbol
LOC111132560	50	111132560	LOC111132560	exonuclease 3'-5' domain-containing protein 2-like	protein-coding	Symbol
LOC111133250	50	111133250	LOC111133250	mitochondrial import inner membrane translocase subunit Tim21-like	protein-coding	Symbol
LOC111133429	50	111133429	LOC111133429	heparanase-like	protein-coding	Symbol
LOC111133525	50	111133525	LOC111133525	tetratricopeptide repeat protein 5-like	protein-coding	Symbol
LOC111135396	50	111135396	LOC111135396	uncharacterized LOC111135396	protein-coding	Symbol
LOC111136204	50	111136204	LOC111136204	uncharacterized LOC111136204	protein-coding	Symbol
LOC111136708	50	111136708	LOC111136708	uncharacterized LOC111136708	protein-coding	Symbol
LOC111137012	50	111137012	LOC111137012	allantoicase-like	protein-coding	Symbol
LOC111101967	49	NA	NA	NA	NA	NA
LOC111104500	49	111104500	LOC111104500	RWD domain-containing protein 1-like	protein-coding	Symbol
LOC111107058	49	111107058	LOC111107058	uncharacterized LOC111107058	protein-coding	Symbol
LOC111107763	49	NA	NA	NA	NA	NA
LOC111112275	49	111112275	LOC111112275	uncharacterized LOC111112275	protein-coding	Symbol
LOC111113958	49	111113958	LOC111113958	homeobox protein Hox-D4a-like	protein-coding	Symbol
LOC111115257	49	111115257	LOC111115257	uncharacterized LOC111115257	protein-coding	Symbol
LOC111115801	49	NA	NA	NA	NA	NA
LOC111119018	49	111119018	LOC111119018	RNA helicase aquarius-like	protein-coding	Symbol
LOC111119209	49	111119209	LOC111119209	uncharacterized LOC111119209	protein-coding	Symbol
LOC111119919	49	NA	NA	NA	NA	NA
LOC111120511	49	111120511	LOC111120511	transcription initiation factor TFIID subunit 2-like	protein-coding	Symbol
LOC111122797	49	NA	NA	NA	NA	NA
LOC111123001	49	111123001	LOC111123001	uncharacterized LOC111123001	protein-coding	Symbol
LOC111123130	49	111123130	LOC111123130	rhomboid-related protein 2-like	protein-coding	Symbol
LOC111124763	49	NA	NA	NA	NA	NA
LOC111124769	49	111124769	LOC111124769	palmitoyltransferase ZDHHC17-like	protein-coding	Symbol
LOC111127372	49	111127372	LOC111127372	PC-esterase domain-containing protein 1A-like	protein-coding	Symbol
LOC111129009	49	111129009	LOC111129009	echinoderm microtubule-associated protein-like 2	protein-coding	Symbol
LOC111129084	49	111129084	LOC111129084	transducin-like enhancer protein 4	protein-coding	Symbol
LOC111129240	49	111129240	LOC111129240	ribitol 5-phosphate transferase FKRP-like	protein-coding	Symbol
LOC111130920	49	111130920	LOC111130920	nuclear pore complex protein Nup133-like	protein-coding	Symbol
LOC111131734	49	111131734	LOC111131734	uncharacterized LOC111131734	protein-coding	Symbol
LOC111132906	49	111132906	LOC111132906	ras-related protein Rab-34-like	protein-coding	Symbol
LOC111133256	49	NA	NA	NA	NA	NA
LOC111133733	49	111133733	LOC111133733	uncharacterized LOC111133733	protein-coding	Symbol
LOC111134949	49	111134949	LOC111134949	protein phosphatase 1F-like	protein-coding	Symbol
LOC111135181	49	111135181	LOC111135181	uncharacterized LOC111135181	protein-coding	Symbol
LOC111135702	49	111135702	LOC111135702	homocysteine S-methyltransferase YbgG-like	protein-coding	Symbol
LOC111135807	49	111135807	LOC111135807	uncharacterized LOC111135807	pseudo	Symbol
LOC111138309	49	111138309	LOC111138309	uncharacterized LOC111138309	protein-coding	Symbol
LOC111099958	48	111099958	LOC111099958	centromere protein O-like	protein-coding	Symbol
LOC111103893	48	111103893	LOC111103893	protein CMSS1-like	protein-coding	Symbol
LOC111104209	48	NA	NA	NA	NA	NA
LOC111106318	48	111106318	LOC111106318	protein UXT-like	protein-coding	Symbol
LOC111106776	48	NA	NA	NA	NA	NA
LOC111108692	48	111108692	LOC111108692	uncharacterized LOC111108692	protein-coding	Symbol
LOC111110712	48	111110712	LOC111110712	vacuolar protein sorting-associated protein 18 homolog	protein-coding	Symbol
LOC111117543	48	NA	NA	NA	NA	NA
LOC111118009	48	111118009	LOC111118009	ankyrin repeat domain-containing protein 49-like	protein-coding	Symbol
LOC111118268	48	111118268	LOC111118268	uncharacterized LOC111118268	protein-coding	Symbol
LOC111119866	48	111119866	LOC111119866	monocarboxylate transporter 12-like	protein-coding	Symbol
LOC111119929	48	111119929	LOC111119929	uncharacterized LOC111119929	protein-coding	Symbol
LOC111122236	48	NA	NA	NA	NA	NA
LOC111122674	48	111122674	LOC111122674	cell division cycle 7-related protein kinase-like	protein-coding	Symbol
LOC111127652	48	NA	NA	NA	NA	NA
LOC111127801	48	111127801	LOC111127801	kelch domain-containing protein 2-like	protein-coding	Symbol
LOC111128535	48	111128535	LOC111128535	uncharacterized LOC111128535	protein-coding	Symbol
LOC111131070	48	111131070	LOC111131070	RNA polymerase II-associated protein 1-like	protein-coding	Symbol
LOC111133654	48	111133654	LOC111133654	cell cycle checkpoint protein RAD1-like	protein-coding	Symbol
LOC111134193	48	111134193	LOC111134193	protein-L-histidine N-pros-methyltransferase-like	protein-coding	Symbol
LOC111134812	48	NA	NA	NA	NA	NA
LOC111135565	48	111135565	LOC111135565	nucleolar protein 16-like	protein-coding	Symbol
LOC111135897	48	111135897	LOC111135897	CDAN1-interacting nuclease 1-like	protein-coding	Symbol
LOC111136336	48	111136336	LOC111136336	uncharacterized LOC111136336	protein-coding	Symbol
LOC111137384	48	NA	NA	NA	NA	NA
LOC111137693	48	111137693	LOC111137693	G2/mitotic-specific cyclin-B-like	protein-coding	Symbol
LOC111099531	47	111099531	LOC111099531	CDK2-associated and cullin domain-containing protein 1-like	protein-coding	Symbol
LOC111101053	47	111101053	LOC111101053	WD repeat-containing protein 53-like	protein-coding	Symbol
LOC111101056	47	111101056	LOC111101056	uncharacterized LOC111101056	protein-coding	Symbol
LOC111101478	47	111101478	LOC111101478	uncharacterized LOC111101478	protein-coding	Symbol
LOC111102770	47	111102770	LOC111102770	death-associated inhibitor of apoptosis 2-like	protein-coding	Symbol
LOC111104027	47	111104027	LOC111104027	transportin-3-like	protein-coding	Symbol
LOC111105112	47	111105112	LOC111105112	transmembrane protein 245-like	protein-coding	Symbol
LOC111115405	47	111115405	LOC111115405	uncharacterized LOC111115405	protein-coding	Symbol
LOC111116860	47	111116860	LOC111116860	uncharacterized LOC111116860	protein-coding	Symbol
LOC111121085	47	111121085	LOC111121085	CD151 antigen-like	protein-coding	Symbol
LOC111121756	47	NA	NA	NA	NA	NA
LOC111122054	47	111122054	LOC111122054	leucine-rich repeat-containing protein 42-like	protein-coding	Symbol
LOC111122296	47	111122296	LOC111122296	uncharacterized LOC111122296	protein-coding	Symbol
LOC111123306	47	NA	NA	NA	NA	NA
LOC111124316	47	111124316	LOC111124316	uncharacterized LOC111124316	protein-coding	Symbol
LOC111124804	47	NA	NA	NA	NA	NA
LOC111125198	47	111125198	LOC111125198	uncharacterized LOC111125198	protein-coding	Symbol
LOC111127214	47	111127214	LOC111127214	target of rapamycin complex 2 subunit MAPKAP1-like	protein-coding	Symbol
LOC111127325	47	NA	NA	NA	NA	NA
LOC111128658	47	111128658	LOC111128658	uncharacterized LOC111128658	protein-coding	Symbol
LOC111129760	47	111129760	LOC111129760	lysosomal proton-coupled steroid conjugate and bile acid symporter SLC46A3-like	protein-coding	Symbol
LOC111129937	47	111129937	LOC111129937	uridine diphosphate glucose pyrophosphatase NUDT22-like	protein-coding	Symbol
LOC111130108	47	111130108	LOC111130108	uncharacterized LOC111130108	protein-coding	Symbol
LOC111130825	47	111130825	LOC111130825	uncharacterized LOC111130825	protein-coding	Symbol
LOC111131542	47	111131542	LOC111131542	uncharacterized LOC111131542	protein-coding	Symbol
LOC111133139	47	111133139	LOC111133139	uncharacterized LOC111133139	protein-coding	Symbol
LOC111133345	47	111133345	LOC111133345	uncharacterized LOC111133345	protein-coding	Symbol
LOC111135125	47	111135125	LOC111135125	gastric inhibitory polypeptide receptor-like	protein-coding	Symbol
LOC111136073	47	111136073	LOC111136073	uncharacterized LOC111136073	protein-coding	Symbol
LOC111136493	47	111136493	LOC111136493	tonsoku-like protein	protein-coding	Symbol
LOC111136649	47	111136649	LOC111136649	neuroglian-like	protein-coding	Symbol
LOC111137396	47	111137396	LOC111137396	sorting and assembly machinery component 50 homolog	protein-coding	Symbol
LOC111137677	47	111137677	LOC111137677	kinase suppressor of Ras 1-like	protein-coding	Symbol
LOC111138481	47	111138481	LOC111138481	protein-lysine N-methyltransferase SMYD4-like	protein-coding	Symbol
LOC111100932	46	111100932	LOC111100932	general transcription factor IIE subunit 1-like	protein-coding	Symbol
LOC111103305	46	111103305	LOC111103305	EF-hand calcium-binding domain-containing protein 6-like	protein-coding	Symbol
LOC111103881	46	NA	NA	NA	NA	NA
LOC111108060	46	NA	NA	NA	NA	NA
LOC111109524	46	111109524	LOC111109524	uncharacterized LOC111109524	protein-coding	Symbol
LOC111110817	46	111110817	LOC111110817	uncharacterized LOC111110817	protein-coding	Symbol
LOC111110850	46	NA	NA	NA	NA	NA
LOC111113838	46	111113838	LOC111113838	uncharacterized LOC111113838	protein-coding	Symbol
LOC111119459	46	111119459	LOC111119459	uncharacterized LOC111119459	protein-coding	Symbol
LOC111120158	46	111120158	LOC111120158	uncharacterized LOC111120158	protein-coding	Symbol
LOC111120641	46	111120641	LOC111120641	luc7-like protein 3	protein-coding	Symbol
LOC111121267	46	111121267	LOC111121267	N-alpha-acetyltransferase 25, NatB auxiliary subunit-like	protein-coding	Symbol
LOC111121360	46	111121360	LOC111121360	von Willebrand factor A domain-containing protein 3A-like	protein-coding	Symbol
LOC111122398	46	111122398	LOC111122398	UDP-glucose 4-epimerase-like	protein-coding	Symbol
LOC111122516	46	111122516	LOC111122516	nudC domain-containing protein 2-like	protein-coding	Symbol
LOC111124294	46	111124294	LOC111124294	ATP-dependent DNA helicase Q5-like	protein-coding	Symbol
LOC111124911	46	111124911	LOC111124911	protein zwilch homolog	protein-coding	Symbol
LOC111125475	46	111125475	LOC111125475	glucosamine-6-phosphate deaminase 2-like	protein-coding	Symbol
LOC111126553	46	NA	NA	NA	NA	NA
LOC111128584	46	111128584	LOC111128584	N6-Methyl-AMP deaminase-like	protein-coding	Symbol
LOC111129524	46	111129524	LOC111129524	endoribonuclease Dicer-like	protein-coding	Symbol
LOC111129904	46	111129904	LOC111129904	glutaminyl-peptide cyclotransferase-like	protein-coding	Symbol
LOC111130370	46	111130370	LOC111130370	uncharacterized LOC111130370	protein-coding	Symbol
LOC111131521	46	111131521	LOC111131521	kelch domain-containing protein 1-like	protein-coding	Symbol
LOC111131527	46	111131527	LOC111131527	tRNA wybutosine-synthesizing protein 2 homolog	protein-coding	Symbol
LOC111132176	46	111132176	LOC111132176	PACRG-like protein	protein-coding	Symbol
LOC111132819	46	111132819	LOC111132819	uncharacterized LOC111132819	protein-coding	Symbol
LOC111134635	46	111134635	LOC111134635	large ribosomal subunit protein uL16m-like	protein-coding	Symbol
LOC111134730	46	111134730	LOC111134730	AH receptor-interacting protein-like	protein-coding	Symbol
LOC111134751	46	111134751	LOC111134751	centrosomal protein of 76 kDa-like	protein-coding	Symbol
LOC111136120	46	111136120	LOC111136120	uncharacterized LOC111136120	protein-coding	Symbol
LOC111137109	46	111137109	LOC111137109	solute carrier family 23 member 1-like	protein-coding	Symbol
LOC111138479	46	111138479	LOC111138479	THO complex subunit 6 homolog	protein-coding	Symbol
LOC111099597	45	111099597	LOC111099597	transcription factor IIIB 50 kDa subunit-like	protein-coding	Symbol
LOC111101812	45	111101812	LOC111101812	uncharacterized LOC111101812	protein-coding	Symbol
LOC111103429	45	111103429	LOC111103429	cleavage stimulation factor subunit 3-like	protein-coding	Symbol
LOC111104065	45	111104065	LOC111104065	interferon-induced helicase C domain-containing protein 1-like	protein-coding	Symbol
LOC111104082	45	111104082	LOC111104082	uncharacterized LOC111104082	protein-coding	Symbol
LOC111110577	45	111110577	LOC111110577	vacuolar fusion protein MON1 homolog A-like	protein-coding	Symbol
LOC111112570	45	111112570	LOC111112570	uncharacterized LOC111112570	protein-coding	Symbol
LOC111115766	45	NA	NA	NA	NA	NA
LOC111118020	45	111118020	LOC111118020	protein FAM8A1-like	protein-coding	Symbol
LOC111120024	45	111120024	LOC111120024	cleavage and polyadenylation specificity factor subunit 4-like	protein-coding	Symbol
LOC111121114	45	111121114	LOC111121114	protein flightless-1 homolog	protein-coding	Symbol
LOC111121439	45	111121439	LOC111121439	cytochrome c oxidase assembly factor 7B-like	protein-coding	Symbol
LOC111121653	45	NA	NA	NA	NA	NA
LOC111124843	45	111124843	LOC111124843	transforming protein p54/c-ets-1-like	protein-coding	Symbol
LOC111125095	45	111125095	LOC111125095	uncharacterized LOC111125095	protein-coding	Symbol
LOC111125214	45	111125214	LOC111125214	transcription initiation factor TFIID subunit 1-like	protein-coding	Symbol
LOC111125801	45	111125801	LOC111125801	box C/D snoRNA protein 1-like	protein-coding	Symbol
LOC111126291	45	111126291	LOC111126291	uncharacterized LOC111126291	protein-coding	Symbol
LOC111126648	45	111126648	LOC111126648	large ribosomal subunit protein mL66-like	protein-coding	Symbol
LOC111127847	45	111127847	LOC111127847	uncharacterized LOC111127847	protein-coding	Symbol
LOC111129333	45	111129333	LOC111129333	long-chain-fatty-acid--CoA ligase ACSBG2-like	protein-coding	Symbol
LOC111129951	45	111129951	LOC111129951	neutral alpha-glucosidase AB-like	protein-coding	Symbol
LOC111130355	45	111130355	LOC111130355	uncharacterized LOC111130355	protein-coding	Symbol
LOC111130636	45	NA	NA	NA	NA	NA
LOC111131033	45	111131033	LOC111131033	long-chain fatty acid transport protein 2-like	protein-coding	Symbol
LOC111131142	45	111131142	LOC111131142	centrosomal protein of 120 kDa-like	protein-coding	Symbol
LOC111131165	45	NA	NA	NA	NA	NA
LOC111132091	45	111132091	LOC111132091	M-phase inducer phosphatase 1-like	protein-coding	Symbol
LOC111133839	45	111133839	LOC111133839	centrosomal protein of 19 kDa-like	protein-coding	Symbol
LOC111136412	45	111136412	LOC111136412	mitochondrial 2-oxoglutarate/malate carrier protein-like	protein-coding	Symbol
LOC111136838	45	111136838	LOC111136838	uncharacterized LOC111136838	protein-coding	Symbol
LOC111136899	45	111136899	LOC111136899	divergent protein kinase domain 1C-like	protein-coding	Symbol
LOC111137079	45	111137079	LOC111137079	uncharacterized LOC111137079	protein-coding	Symbol
LOC111137980	45	111137980	LOC111137980	GPI-anchor transamidase component GPAA1-like	protein-coding	Symbol
LOC111100563	44	111100563	LOC111100563	uncharacterized LOC111100563	protein-coding	Symbol
LOC111102211	44	111102211	LOC111102211	structural maintenance of chromosomes flexible hinge domain-containing protein 1-like	protein-coding	Symbol
LOC111102834	44	NA	NA	NA	NA	NA
LOC111106096	44	111106096	LOC111106096	universal stress protein in QAH/OAS sulfhydrylase 3'region-like	protein-coding	Symbol
LOC111106944	44	111106944	LOC111106944	uncharacterized LOC111106944	protein-coding	Symbol
LOC111108211	44	111108211	LOC111108211	uncharacterized LOC111108211	protein-coding	Symbol
LOC111112925	44	111112925	LOC111112925	sorting nexin-4-like	protein-coding	Symbol
LOC111115333	44	111115333	LOC111115333	bifunctional 3'-5' exonuclease/ATP-dependent helicase WRN-like	protein-coding	Symbol
LOC111118320	44	111118320	LOC111118320	nucleoporin NDC1-like	protein-coding	Symbol
LOC111118746	44	111118746	LOC111118746	uncharacterized LOC111118746	protein-coding	Symbol
LOC111118985	44	111118985	LOC111118985	chloride channel CLIC-like protein 1	protein-coding	Symbol
LOC111119057	44	111119057	LOC111119057	tyrosyl-DNA phosphodiesterase 2-like	protein-coding	Symbol
LOC111119561	44	111119561	LOC111119561	uncharacterized LOC111119561	protein-coding	Symbol
LOC111120700	44	111120700	LOC111120700	intraflagellar transport protein 52 homolog	protein-coding	Symbol
LOC111120730	44	NA	NA	NA	NA	NA
LOC111123477	44	111123477	LOC111123477	ribosomal RNA processing protein 1 homolog B-like	protein-coding	Symbol
LOC111124530	44	111124530	LOC111124530	uncharacterized LOC111124530	protein-coding	Symbol
LOC111124636	44	111124636	LOC111124636	RNA-binding protein 41-like	protein-coding	Symbol
LOC111124846	44	111124846	LOC111124846	uncharacterized LOC111124846	protein-coding	Symbol
LOC111126802	44	111126802	LOC111126802	pre-mRNA-splicing factor ATP-dependent RNA helicase DHX16-like	protein-coding	Symbol
LOC111128289	44	111128289	LOC111128289	tRNA (adenine(58)-N(1))-methyltransferase catalytic subunit TRMT61A-like	protein-coding	Symbol
LOC111128859	44	111128859	LOC111128859	C-myc promoter-binding protein-like	protein-coding	Symbol
LOC111129467	44	111129467	LOC111129467	anaphase-promoting complex subunit 1-like	protein-coding	Symbol
LOC111129712	44	111129712	LOC111129712	U6 snRNA (guanine-N(2))-methyltransferase THUMPD2-like	protein-coding	Symbol
LOC111130022	44	111130022	LOC111130022	uncharacterized LOC111130022	protein-coding	Symbol
LOC111130112	44	111130112	LOC111130112	kinetochore-associated protein 1-like	protein-coding	Symbol
LOC111130179	44	111130179	LOC111130179	complex I intermediate-associated protein 30, mitochondrial-like	protein-coding	Symbol
LOC111130861	44	111130861	LOC111130861	uncharacterized LOC111130861	protein-coding	Symbol
LOC111131782	44	111131782	LOC111131782	titin-like	protein-coding	Symbol
LOC111132411	44	111132411	LOC111132411	dual specificity protein phosphatase 22-like	protein-coding	Symbol
LOC111134853	44	NA	NA	NA	NA	NA
LOC111135543	44	111135543	LOC111135543	aspartate--tRNA ligase, mitochondrial-like	protein-coding	Symbol
LOC111135736	44	111135736	LOC111135736	DIS3-like exonuclease 2	protein-coding	Symbol
LOC111136311	44	111136311	LOC111136311	serine/threonine-protein phosphatase 2A regulatory subunit B'' subunit beta-like	protein-coding	Symbol
LOC111136595	44	111136595	LOC111136595	uncharacterized LOC111136595	protein-coding	Symbol
LOC111137560	44	111137560	LOC111137560	PRKR-interacting protein 1 homolog	protein-coding	Symbol
LOC111101057	43	111101057	LOC111101057	nuclear migration protein nudC-like	protein-coding	Symbol
LOC111101363	43	111101363	LOC111101363	uncharacterized LOC111101363	protein-coding	Symbol
LOC111101836	43	111101836	LOC111101836	ectonucleotide pyrophosphatase/phosphodiesterase family member 5-like	protein-coding	Symbol
LOC111102204	43	NA	NA	NA	NA	NA
LOC111103096	43	NA	NA	NA	NA	NA
LOC111103444	43	111103444	LOC111103444	uncharacterized LOC111103444	protein-coding	Symbol
LOC111103875	43	NA	NA	NA	NA	NA
LOC111104145	43	111104145	LOC111104145	small ribosomal subunit protein uS9m-like	protein-coding	Symbol
LOC111109109	43	NA	NA	NA	NA	NA
LOC111109261	43	NA	NA	NA	NA	NA
LOC111111488	43	111111488	LOC111111488	antiviral innate immune response receptor RIG-I-like	protein-coding	Symbol
LOC111112302	43	NA	NA	NA	NA	NA
LOC111113160	43	111113160	LOC111113160	vacuolar protein sorting-associated protein 11 homolog	protein-coding	Symbol
LOC111114545	43	111114545	LOC111114545	uncharacterized LOC111114545	protein-coding	Symbol
LOC111114715	43	111114715	LOC111114715	phosphonopyruvate decarboxylase-like	protein-coding	Symbol
LOC111115247	43	111115247	LOC111115247	28S rRNA (cytosine-C(5))-methyltransferase-like	protein-coding	Symbol
LOC111115356	43	111115356	LOC111115356	uncharacterized LOC111115356	protein-coding	Symbol
LOC111117993	43	111117993	LOC111117993	xylosyl- and glucuronyltransferase LARGE1-like	protein-coding	Symbol
LOC111118137	43	111118137	LOC111118137	CDP-diacylglycerol--glycerol-3-phosphate 3-phosphatidyltransferase, mitochondrial-like	protein-coding	Symbol
LOC111118582	43	111118582	LOC111118582	116 kDa U5 small nuclear ribonucleoprotein component-like	protein-coding	Symbol
LOC111118896	43	111118896	LOC111118896	uncharacterized LOC111118896	protein-coding	Symbol
LOC111119232	43	NA	NA	NA	NA	NA
LOC111121780	43	111121780	LOC111121780	uncharacterized LOC111121780	protein-coding	Symbol
LOC111122725	43	111122725	LOC111122725	sodium channel and clathrin linker 1-like	protein-coding	Symbol
LOC111125105	43	111125105	LOC111125105	serine/threonine-protein kinase N2-like	protein-coding	Symbol
LOC111127765	43	NA	NA	NA	NA	NA
LOC111130246	43	111130246	LOC111130246	AP-3 complex subunit beta-2-like	protein-coding	Symbol
LOC111130294	43	111130294	LOC111130294	spastin-like	protein-coding	Symbol
LOC111130323	43	NA	NA	NA	NA	NA
LOC111130627	43	111130627	LOC111130627	2-oxoadipate dehydrogenase complex component E1-like	protein-coding	Symbol
LOC111130702	43	111130702	LOC111130702	codanin-1-like	protein-coding	Symbol
LOC111131281	43	111131281	LOC111131281	uncharacterized LOC111131281	protein-coding	Symbol
LOC111131344	43	111131344	LOC111131344	uncharacterized LOC111131344	protein-coding	Symbol
LOC111131861	43	111131861	LOC111131861	atypical kinase COQ8B, mitochondrial-like	protein-coding	Symbol
LOC111132043	43	111132043	LOC111132043	cryptochrome-1-like	protein-coding	Symbol
LOC111133120	43	111133120	LOC111133120	uncharacterized LOC111133120	protein-coding	Symbol
LOC111136424	43	111136424	LOC111136424	protein O-mannose kinase-like	protein-coding	Symbol
LOC111136639	43	111136639	LOC111136639	vesicular integral-membrane protein VIP36-like	protein-coding	Symbol
LOC111136709	43	111136709	LOC111136709	cytidine deaminase-like	protein-coding	Symbol
LOC111137368	43	111137368	LOC111137368	phospholipid phosphatase 3-like	protein-coding	Symbol
LOC111138201	43	111138201	LOC111138201	uncharacterized LOC111138201	protein-coding	Symbol
LOC111138330	43	111138330	LOC111138330	integral membrane protein GPR180-like	protein-coding	Symbol
LOC111099184	42	111099184	LOC111099184	uncharacterized LOC111099184	protein-coding	Symbol
LOC111101711	42	NA	NA	NA	NA	NA
LOC111102803	42	111102803	LOC111102803	RNA-binding protein 28-like	protein-coding	Symbol
LOC111102881	42	111102881	LOC111102881	ADP-ribose glycohydrolase OARD1-like	protein-coding	Symbol
LOC111103107	42	NA	NA	NA	NA	NA
LOC111104850	42	111104850	LOC111104850	molybdenum cofactor biosynthesis protein 1-like	protein-coding	Symbol
LOC111111886	42	111111886	LOC111111886	cAMP-responsive element modulator-like	protein-coding	Symbol
LOC111114027	42	111114027	LOC111114027	mdm2-binding protein-like	protein-coding	Symbol
LOC111117944	42	111117944	LOC111117944	peptidylprolyl isomerase domain and WD repeat-containing protein 1-like	protein-coding	Symbol
LOC111118857	42	111118857	LOC111118857	uncharacterized LOC111118857	protein-coding	Symbol
LOC111123340	42	111123340	LOC111123340	uncharacterized LOC111123340	protein-coding	Symbol
LOC111124120	42	111124120	LOC111124120	phosphoribosylformylglycinamidine synthase-like	protein-coding	Symbol
LOC111125345	42	111125345	LOC111125345	uncharacterized LOC111125345	pseudo	Symbol
LOC111125796	42	111125796	LOC111125796	small ribosomal subunit protein uS2m-like	protein-coding	Symbol
LOC111126277	42	111126277	LOC111126277	neurobeachin-like	protein-coding	Symbol
LOC111126295	42	111126295	LOC111126295	protein lev-9-like	protein-coding	Symbol
LOC111127769	42	111127769	LOC111127769	small ribosomal subunit protein uS11-like	protein-coding	Symbol
LOC111127800	42	111127800	LOC111127800	protein misato homolog 1-like	protein-coding	Symbol
LOC111128958	42	111128958	LOC111128958	zonadhesin-like	protein-coding	Symbol
LOC111129838	42	111129838	LOC111129838	WD repeat-containing protein 82-like	protein-coding	Symbol
LOC111130164	42	111130164	LOC111130164	matrilin-1-like	protein-coding	Symbol
LOC111130280	42	111130280	LOC111130280	chaperone Ric-8A-like	protein-coding	Symbol
LOC111130397	42	111130397	LOC111130397	actin-related protein 2-A	protein-coding	Symbol
LOC111130541	42	111130541	LOC111130541	stAR-related lipid transfer protein 5-like	protein-coding	Symbol
LOC111130876	42	111130876	LOC111130876	stAR-related lipid transfer protein 3-like	protein-coding	Symbol
LOC111133664	42	111133664	LOC111133664	uncharacterized LOC111133664	protein-coding	Symbol
LOC111134317	42	111134317	LOC111134317	epithelial splicing regulatory protein 1-like	protein-coding	Symbol
LOC111134529	42	111134529	LOC111134529	transient receptor potential cation channel subfamily M member-like 2	protein-coding	Symbol
LOC111135222	42	111135222	LOC111135222	protein fem-1 homolog A-like	protein-coding	Symbol
LOC111135335	42	111135335	LOC111135335	WD repeat-containing protein 35-like	protein-coding	Symbol
LOC111135619	42	111135619	LOC111135619	ubiquitin carboxyl-terminal hydrolase 10-like	protein-coding	Symbol
LOC111135846	42	111135846	LOC111135846	uncharacterized LOC111135846	protein-coding	Symbol
LOC111136429	42	111136429	LOC111136429	uncharacterized LOC111136429	protein-coding	Symbol
LOC111136684	42	111136684	LOC111136684	uncharacterized LOC111136684	protein-coding	Symbol
LOC111136874	42	111136874	LOC111136874	transmembrane protein 254-like	protein-coding	Symbol
LOC111137218	42	111137218	LOC111137218	ras-related protein Rab-28-like	protein-coding	Symbol
LOC111137983	42	111137983	LOC111137983	WD repeat-containing protein 54-like	protein-coding	Symbol
LOC111138461	42	111138461	LOC111138461	origin recognition complex subunit 2-like	protein-coding	Symbol
LOC111100314	41	111100314	LOC111100314	inositol polyphosphate-5-phosphatase A-like	protein-coding	Symbol
LOC111100631	41	111100631	LOC111100631	uncharacterized LOC111100631	protein-coding	Symbol
LOC111101287	41	111101287	LOC111101287	glutamine amidotransferase-like class 1 domain-containing protein 3, mitochondrial	protein-coding	Symbol
LOC111102393	41	111102393	LOC111102393	elongator complex protein 4-like	protein-coding	Symbol
LOC111102910	41	111102910	LOC111102910	uncharacterized LOC111102910	protein-coding	Symbol
LOC111103903	41	111103903	LOC111103903	uncharacterized LOC111103903	protein-coding	Symbol
LOC111103981	41	111103981	LOC111103981	periodic tryptophan protein 1 homolog	protein-coding	Symbol
LOC111108246	41	111108246	LOC111108246	ribitol-5-phosphate xylosyltransferase 1-like	protein-coding	Symbol
LOC111108262	41	NA	NA	NA	NA	NA
LOC111108614	41	111108614	LOC111108614	inter-alpha-trypsin inhibitor heavy chain H3-like	protein-coding	Symbol
LOC111114569	41	111114569	LOC111114569	archaemetzincin-2-like	protein-coding	Symbol
LOC111115914	41	NA	NA	NA	NA	NA
LOC111117954	41	111117954	LOC111117954	protoheme IX farnesyltransferase, mitochondrial-like	protein-coding	Symbol
LOC111118209	41	111118209	LOC111118209	CD320 antigen-like	protein-coding	Symbol
LOC111118257	41	111118257	LOC111118257	ras-related protein Rab-37-like	protein-coding	Symbol
LOC111119579	41	111119579	LOC111119579	kelch-like protein 6	protein-coding	Symbol
LOC111120303	41	NA	NA	NA	NA	NA
LOC111121324	41	111121324	LOC111121324	kelch-like protein 2	protein-coding	Symbol
LOC111121361	41	111121361	LOC111121361	uncharacterized LOC111121361	protein-coding	Symbol
LOC111121543	41	NA	NA	NA	NA	NA
LOC111122064	41	111122064	LOC111122064	outer mitochondrial transmembrane helix translocase-like	protein-coding	Symbol
LOC111124603	41	111124603	LOC111124603	calpain-9-like	protein-coding	Symbol
LOC111124837	41	111124837	LOC111124837	WD repeat-containing protein 46-like	protein-coding	Symbol
LOC111125390	41	111125390	LOC111125390	uncharacterized LOC111125390	protein-coding	Symbol
LOC111125820	41	111125820	LOC111125820	anoctamin-6-like	protein-coding	Symbol
LOC111126998	41	NA	NA	NA	NA	NA
LOC111127776	41	111127776	LOC111127776	DDB1- and CUL4-associated factor 15-like	protein-coding	Symbol
LOC111128070	41	111128070	LOC111128070	di-N-acetylchitobiase-like	protein-coding	Symbol
LOC111128270	41	111128270	LOC111128270	arginine-hydroxylase NDUFAF5, mitochondrial-like	protein-coding	Symbol
LOC111128419	41	111128419	LOC111128419	ATP-dependent RNA helicase DDX55-like	protein-coding	Symbol
LOC111128654	41	111128654	LOC111128654	transmembrane protein 179B-like	protein-coding	Symbol
LOC111130268	41	111130268	LOC111130268	uncharacterized LOC111130268	protein-coding	Symbol
LOC111130874	41	111130874	LOC111130874	girdin-like	protein-coding	Symbol
LOC111130887	41	111130887	LOC111130887	uncharacterized LOC111130887	protein-coding	Symbol
LOC111131660	41	111131660	LOC111131660	beta-galactosidase-1-like protein 2	protein-coding	Symbol
LOC111131771	41	111131771	LOC111131771	uncharacterized LOC111131771	protein-coding	Symbol
LOC111131864	41	111131864	LOC111131864	la-related protein 6-like	protein-coding	Symbol
LOC111133274	41	111133274	LOC111133274	SUMO-activating enzyme subunit 2-like	protein-coding	Symbol
LOC111133343	41	111133343	LOC111133343	uncharacterized LOC111133343	protein-coding	Symbol
LOC111134610	41	111134610	LOC111134610	AFG2-interacting ribosome maturation factor-like	protein-coding	Symbol
LOC111134950	41	111134950	LOC111134950	uncharacterized LOC111134950	protein-coding	Symbol
LOC111135107	41	111135107	LOC111135107	mitochondrial ubiquitin ligase activator of NFKB 1-like	protein-coding	Symbol
LOC111135909	41	111135909	LOC111135909	uncharacterized LOC111135909	protein-coding	Symbol
LOC111136159	41	111136159	LOC111136159	TM2 domain-containing protein amaretto-like	protein-coding	Symbol
LOC111136646	41	111136646	LOC111136646	small ribosomal subunit protein mS26-like	protein-coding	Symbol
LOC111136832	41	111136832	LOC111136832	uncharacterized LOC111136832	protein-coding	Symbol
LOC111137100	41	111137100	LOC111137100	uncharacterized LOC111137100	protein-coding	Symbol
LOC111137745	41	111137745	LOC111137745	putative ATP-dependent RNA helicase DDX41	protein-coding	Symbol
LOC111100972	40	111100972	LOC111100972	GPI-anchor transamidase component PIGS-like	protein-coding	Symbol
LOC111101089	40	111101089	LOC111101089	kelch-like protein 18	protein-coding	Symbol
LOC111101896	40	111101896	LOC111101896	rhotekin-like	protein-coding	Symbol
LOC111101912	40	NA	NA	NA	NA	NA
LOC111102413	40	111102413	LOC111102413	uncharacterized LOC111102413	protein-coding	Symbol
LOC111103864	40	111103864	LOC111103864	TIP41-like protein	protein-coding	Symbol
LOC111105896	40	NA	NA	NA	NA	NA
LOC111107589	40	NA	NA	NA	NA	NA
LOC111110292	40	111110292	LOC111110292	polynucleotide 5'-hydroxyl-kinase NOL9-like	protein-coding	Symbol
LOC111110790	40	111110790	LOC111110790	COMM domain-containing protein 3-like	protein-coding	Symbol
LOC111113278	40	111113278	LOC111113278	dipeptidase 1-like	protein-coding	Symbol
LOC111117921	40	111117921	LOC111117921	lethal(3)malignant brain tumor-like protein 3	protein-coding	Symbol
LOC111119121	40	111119121	LOC111119121	uncharacterized LOC111119121	ncRNA	Symbol
LOC111119451	40	111119451	LOC111119451	TBCC domain-containing protein 1-like	protein-coding	Symbol
LOC111119740	40	111119740	LOC111119740	uncharacterized LOC111119740	protein-coding	Symbol
LOC111120126	40	111120126	LOC111120126	tRNA-splicing endonuclease subunit Sen2-like	protein-coding	Symbol
LOC111123198	40	111123198	LOC111123198	uncharacterized LOC111123198	protein-coding	Symbol
LOC111124036	40	111124036	LOC111124036	arf-GAP with SH3 domain, ANK repeat and PH domain-containing protein 2-like	protein-coding	Symbol
LOC111126709	40	111126709	LOC111126709	nicotinamidase-like	protein-coding	Symbol
LOC111127122	40	111127122	LOC111127122	uncharacterized LOC111127122	protein-coding	Symbol
LOC111128332	40	NA	NA	NA	NA	NA
LOC111129341	40	111129341	LOC111129341	protein sel-1 homolog 1-like	protein-coding	Symbol
LOC111129866	40	111129866	LOC111129866	pecanex-like protein 4	protein-coding	Symbol
LOC111129961	40	111129961	LOC111129961	protein O-mannosyl-transferase 2-like	protein-coding	Symbol
LOC111130180	40	111130180	LOC111130180	calcineurin B homologous protein 1-like	protein-coding	Symbol
LOC111131636	40	111131636	LOC111131636	uncharacterized LOC111131636	protein-coding	Symbol
LOC111132235	40	111132235	LOC111132235	DNA replication ATP-dependent helicase/nuclease DNA2-like	protein-coding	Symbol
LOC111133472	40	111133472	LOC111133472	tumor protein 63-like	protein-coding	Symbol
LOC111135403	40	111135403	LOC111135403	leucine carboxyl methyltransferase 1-like	protein-coding	Symbol
LOC111136092	40	111136092	LOC111136092	low-density lipoprotein receptor-related protein 12-like	protein-coding	Symbol
LOC111136449	40	111136449	LOC111136449	membrane-bound transcription factor site-1 protease-like	protein-coding	Symbol
LOC111138009	40	NA	NA	NA	NA	NA
LOC111138277	40	111138277	LOC111138277	uncharacterized LOC111138277	protein-coding	Symbol
LOC111100754	39	NA	NA	NA	NA	NA
LOC111103988	39	NA	NA	NA	NA	NA
LOC111104268	39	111104268	LOC111104268	exportin-4-like	protein-coding	Symbol
LOC111104410	39	111104410	LOC111104410	uncharacterized LOC111104410	protein-coding	Symbol
LOC111105035	39	111105035	LOC111105035	uncharacterized LOC111105035	protein-coding	Symbol
LOC111108235	39	111108235	LOC111108235	exosome complex component MTR3-like	protein-coding	Symbol
LOC111109103	39	111109103	LOC111109103	uncharacterized LOC111109103	protein-coding	Symbol
LOC111109234	39	111109234	LOC111109234	protein PIF-like	protein-coding	Symbol
LOC111110009	39	111110009	LOC111110009	ribonuclease P protein subunit p30-like	protein-coding	Symbol
LOC111117189	39	111117189	LOC111117189	inverted formin-2-like	protein-coding	Symbol
LOC111117608	39	111117608	LOC111117608	peroxisomal membrane protein 11C-like	protein-coding	Symbol
LOC111118037	39	111118037	LOC111118037	uncharacterized LOC111118037	protein-coding	Symbol
LOC111119402	39	111119402	LOC111119402	DIS3-like exonuclease 1	protein-coding	Symbol
LOC111119647	39	111119647	LOC111119647	tyrosine-protein phosphatase Lar-like	protein-coding	Symbol
LOC111120104	39	111120104	LOC111120104	leucine-rich repeat-containing protein 14-like	protein-coding	Symbol
LOC111120541	39	111120541	LOC111120541	N(6)-adenosine-methyltransferase non-catalytic subunit METTL14-like	protein-coding	Symbol
LOC111120781	39	111120781	LOC111120781	uncharacterized LOC111120781	protein-coding	Symbol
LOC111120993	39	111120993	LOC111120993	nuclear pore complex protein Nup155-like	protein-coding	Symbol
LOC111121237	39	111121237	LOC111121237	protein-lysine N-methyltransferase EEF2KMT-like	protein-coding	Symbol
LOC111121349	39	NA	NA	NA	NA	NA
LOC111124670	39	NA	NA	NA	NA	NA
LOC111125211	39	111125211	LOC111125211	serum paraoxonase/arylesterase 1-like	protein-coding	Symbol
LOC111125501	39	111125501	LOC111125501	long-chain fatty acid transport protein 1-like	protein-coding	Symbol
LOC111126220	39	111126220	LOC111126220	cyclic AMP-dependent transcription factor ATF-6 beta-like	protein-coding	Symbol
LOC111126471	39	111126471	LOC111126471	large ribosomal subunit protein uL24m-like	protein-coding	Symbol
LOC111129829	39	111129829	LOC111129829	X-ray repair cross-complementing protein 5-like	protein-coding	Symbol
LOC111130572	39	NA	NA	NA	NA	NA
LOC111130638	39	NA	NA	NA	NA	NA
LOC111131321	39	111131321	LOC111131321	vacuolar protein sorting-associated protein 54-like	protein-coding	Symbol
LOC111131506	39	111131506	LOC111131506	histone-lysine N-methyltransferase SETDB1-B-like	protein-coding	Symbol
LOC111132178	39	111132178	LOC111132178	1-phosphatidylinositol 4,5-bisphosphate phosphodiesterase gamma-1-like	protein-coding	Symbol
LOC111132338	39	111132338	LOC111132338	uncharacterized LOC111132338	protein-coding	Symbol
LOC111133241	39	111133241	LOC111133241	vacuolar protein sorting-associated protein 51 homolog	protein-coding	Symbol
LOC111133947	39	111133947	LOC111133947	uncharacterized LOC111133947	protein-coding	Symbol
LOC111133950	39	111133950	LOC111133950	uncharacterized LOC111133950	protein-coding	Symbol
LOC111133986	39	111133986	LOC111133986	lysine-specific demethylase 8-like	protein-coding	Symbol
LOC111134184	39	111134184	LOC111134184	uncharacterized LOC111134184	protein-coding	Symbol
LOC111134508	39	111134508	LOC111134508	nitric oxide synthase, salivary gland	protein-coding	Symbol
LOC111134520	39	111134520	LOC111134520	solute carrier family 12 member 6-like	protein-coding	Symbol
LOC111135293	39	111135293	LOC111135293	uncharacterized LOC111135293	protein-coding	Symbol
LOC111135640	39	111135640	LOC111135640	splicing factor 3A subunit 1-like	protein-coding	Symbol
LOC111137236	39	111137236	LOC111137236	regulator of microtubule dynamics protein 1-like	protein-coding	Symbol
LOC111137766	39	111137766	LOC111137766	uncharacterized LOC111137766	protein-coding	Symbol
LOC111138414	39	111138414	LOC111138414	glutathione S-transferase omega-1-like	protein-coding	Symbol
LOC111100869	38	111100869	LOC111100869	growth arrest-specific protein 2-like	protein-coding	Symbol
LOC111106311	38	111106311	LOC111106311	F-box only protein 32-like	protein-coding	Symbol
LOC111107285	38	111107285	LOC111107285	uncharacterized LOC111107285	protein-coding	Symbol
LOC111108287	38	111108287	LOC111108287	TBC1 domain family member 9-like	protein-coding	Symbol
LOC111108522	38	111108522	LOC111108522	non-structural maintenance of chromosomes element 3 homolog	protein-coding	Symbol
LOC111109251	38	NA	NA	NA	NA	NA
LOC111109285	38	111109285	LOC111109285	uncharacterized LOC111109285	protein-coding	Symbol
LOC111110332	38	111110332	LOC111110332	checkpoint protein HUS1-like	protein-coding	Symbol
LOC111111324	38	111111324	LOC111111324	UMP-CMP kinase 2, mitochondrial-like	protein-coding	Symbol
LOC111114558	38	111114558	LOC111114558	rho-related GTP-binding protein RhoE-like	protein-coding	Symbol
LOC111114978	38	NA	NA	NA	NA	NA
LOC111115153	38	111115153	LOC111115153	pre-mRNA-processing factor 40 homolog B-like	protein-coding	Symbol
LOC111117733	38	NA	NA	NA	NA	NA
LOC111117774	38	NA	NA	NA	NA	NA
LOC111118030	38	111118030	LOC111118030	uncharacterized LOC111118030	protein-coding	Symbol
LOC111118324	38	111118324	LOC111118324	glutamine--fructose-6-phosphate aminotransferase [isomerizing] 2-like	protein-coding	Symbol
LOC111118337	38	111118337	LOC111118337	prominin-1-like	protein-coding	Symbol
LOC111119066	38	111119066	LOC111119066	WD repeat-containing protein 76-like	protein-coding	Symbol
LOC111119565	38	111119565	LOC111119565	uncharacterized LOC111119565	protein-coding	Symbol
LOC111120124	38	111120124	LOC111120124	uncharacterized LOC111120124	protein-coding	Symbol
LOC111120125	38	111120125	LOC111120125	spindle and centriole-associated protein 1-like	protein-coding	Symbol
LOC111120139	38	111120139	LOC111120139	GPI inositol-deacylase-like	protein-coding	Symbol
LOC111122703	38	111122703	LOC111122703	advillin-like	protein-coding	Symbol
LOC111122969	38	111122969	LOC111122969	peptidyl-prolyl cis-trans isomerase D-like	protein-coding	Symbol
LOC111123460	38	111123460	LOC111123460	uncharacterized LOC111123460	protein-coding	Symbol
LOC111123907	38	111123907	LOC111123907	retinoic acid receptor RXR-like	protein-coding	Symbol
LOC111123999	38	111123999	LOC111123999	uncharacterized LOC111123999	protein-coding	Symbol
LOC111124703	38	111124703	LOC111124703	uncharacterized LOC111124703	protein-coding	Symbol
LOC111128561	38	NA	NA	NA	NA	NA
LOC111129316	38	111129316	LOC111129316	small ribosomal subunit protein mS27-like	protein-coding	Symbol
LOC111129879	38	111129879	LOC111129879	uncharacterized LOC111129879	protein-coding	Symbol
LOC111130331	38	111130331	LOC111130331	uncharacterized LOC111130331	protein-coding	Symbol
LOC111130612	38	NA	NA	NA	NA	NA
LOC111131012	38	111131012	LOC111131012	CWF19-like protein 2	protein-coding	Symbol
LOC111132167	38	111132167	LOC111132167	uncharacterized LOC111132167	protein-coding	Symbol
LOC111132786	38	111132786	LOC111132786	transmembrane 7 superfamily member 3-like	protein-coding	Symbol
LOC111132917	38	111132917	LOC111132917	triosephosphate isomerase-like	protein-coding	Symbol
LOC111133030	38	111133030	LOC111133030	ATP-dependent RNA helicase SUV3 homolog, mitochondrial-like	protein-coding	Symbol
LOC111134003	38	NA	NA	NA	NA	NA
LOC111135350	38	111135350	LOC111135350	phospholipid scramblase 1-like	protein-coding	Symbol
LOC111135682	38	111135682	LOC111135682	importin subunit alpha-4-like	protein-coding	Symbol
LOC111135746	38	111135746	LOC111135746	forkhead box protein J3-like	protein-coding	Symbol
LOC111136242	38	111136242	LOC111136242	COP9 signalosome complex subunit 6-like	protein-coding	Symbol
LOC111136751	38	111136751	LOC111136751	solute carrier family 35 member E2A-like	protein-coding	Symbol
LOC111136867	38	111136867	LOC111136867	Fanconi anemia group J protein homolog	protein-coding	Symbol
LOC111137354	38	111137354	LOC111137354	transcription initiation factor TFIID subunit 6-like	protein-coding	Symbol
LOC111137934	38	111137934	LOC111137934	zinc finger protein 423-like	protein-coding	Symbol
LOC111100604	37	111100604	LOC111100604	iron-sulfur cluster assembly factor IBA57, mitochondrial-like	protein-coding	Symbol
LOC111100683	37	111100683	LOC111100683	transmembrane 9 superfamily member 2-like	protein-coding	Symbol
LOC111101795	37	111101795	LOC111101795	uncharacterized LOC111101795	protein-coding	Symbol
LOC111102384	37	111102384	LOC111102384	ethanolamine kinase 1-like	protein-coding	Symbol
LOC111104127	37	111104127	LOC111104127	uncharacterized LOC111104127	protein-coding	Symbol
LOC111104153	37	111104153	LOC111104153	X-ray repair cross-complementing protein 5-like	protein-coding	Symbol
LOC111105936	37	111105936	LOC111105936	G2/mitotic-specific cyclin-B-like	protein-coding	Symbol
LOC111106534	37	111106534	LOC111106534	protein-serine O-palmitoleoyltransferase porcupine-like	protein-coding	Symbol
LOC111107240	37	NA	NA	NA	NA	NA
LOC111108044	37	NA	NA	NA	NA	NA
LOC111113381	37	111113381	LOC111113381	uncharacterized LOC111113381	protein-coding	Symbol
LOC111114843	37	111114843	LOC111114843	transcription initiation factor TFIID subunit 11-like	protein-coding	Symbol
LOC111115124	37	111115124	LOC111115124	endonuclease 8-like 3	protein-coding	Symbol
LOC111117862	37	111117862	LOC111117862	uncharacterized LOC111117862	protein-coding	Symbol
LOC111118374	37	111118374	LOC111118374	F-box/LRR-repeat protein 4-like	protein-coding	Symbol
LOC111118541	37	111118541	LOC111118541	protein N-terminal asparagine amidohydrolase-like	protein-coding	Symbol
LOC111118907	37	NA	NA	NA	NA	NA
LOC111119207	37	111119207	LOC111119207	uncharacterized LOC111119207	protein-coding	Symbol
LOC111119393	37	111119393	LOC111119393	dehydrogenase/reductase SDR family protein 7-like	protein-coding	Symbol
LOC111120615	37	111120615	LOC111120615	nuclear receptor-binding protein-like	protein-coding	Symbol
LOC111121007	37	111121007	LOC111121007	methylated-DNA--protein-cysteine methyltransferase-like	protein-coding	Symbol
LOC111121603	37	111121603	LOC111121603	SMC5-SMC6 complex localization factor protein 1-like	protein-coding	Symbol
LOC111122173	37	111122173	LOC111122173	vitamin K-dependent gamma-carboxylase-like	protein-coding	Symbol
LOC111122737	37	111122737	LOC111122737	syntaxin-17-like	protein-coding	Symbol
LOC111123572	37	111123572	LOC111123572	uncharacterized LOC111123572	protein-coding	Symbol
LOC111124566	37	111124566	LOC111124566	GTPase-activating protein and VPS9 domain-containing protein 1-like	protein-coding	Symbol
LOC111125104	37	111125104	LOC111125104	large subunit GTPase 1 homolog	protein-coding	Symbol
LOC111125519	37	111125519	LOC111125519	bublin coiled-coil protein-like	protein-coding	Symbol
LOC111125833	37	111125833	LOC111125833	uncharacterized LOC111125833	protein-coding	Symbol
LOC111127105	37	111127105	LOC111127105	protein PTHB1-like	protein-coding	Symbol
LOC111127499	37	111127499	LOC111127499	uncharacterized LOC111127499	protein-coding	Symbol
LOC111127724	37	111127724	LOC111127724	DNA annealing helicase and endonuclease ZRANB3-like	protein-coding	Symbol
LOC111128318	37	111128318	LOC111128318	actophorin-like	protein-coding	Symbol
LOC111129090	37	NA	NA	NA	NA	NA
LOC111129092	37	111129092	LOC111129092	MAP3K12-binding inhibitory protein 1-like	protein-coding	Symbol
LOC111129129	37	111129129	LOC111129129	uncharacterized LOC111129129	protein-coding	Symbol
LOC111129985	37	111129985	LOC111129985	kinesin-like protein KIF28	protein-coding	Symbol
LOC111133210	37	111133210	LOC111133210	uncharacterized LOC111133210	protein-coding	Symbol
LOC111133357	37	111133357	LOC111133357	neurochondrin-like	protein-coding	Symbol
LOC111133782	37	111133782	LOC111133782	uncharacterized LOC111133782	protein-coding	Symbol
LOC111134592	37	111134592	LOC111134592	ribonuclease H2 subunit B-like	protein-coding	Symbol
LOC111135770	37	111135770	LOC111135770	serine-protein kinase ATM-like	protein-coding	Symbol
LOC111135783	37	111135783	LOC111135783	centrosomal protein of 63 kDa-like	protein-coding	Symbol
LOC111135946	37	111135946	LOC111135946	cytochrome b-c1 complex subunit Rieske, mitochondrial-like	protein-coding	Symbol
LOC111136444	37	111136444	LOC111136444	5-taurinomethyluridine-[tRNA] synthase subunit MTO1, mitochondrial-like	protein-coding	Symbol
LOC111136516	37	111136516	LOC111136516	cytoplasmic dynein 2 intermediate chain 1-like	protein-coding	Symbol
LOC111137193	37	111137193	LOC111137193	DNA repair protein RAD51 homolog 4-like	protein-coding	Symbol
LOC111138013	37	111138013	LOC111138013	uncharacterized LOC111138013	protein-coding	Symbol
LOC111138275	37	111138275	LOC111138275	mitochondrial import inner membrane translocase subunit Tim10-B-like	protein-coding	Symbol
LOC111099071	36	111099071	LOC111099071	uncharacterized LOC111099071	protein-coding	Symbol
LOC111099580	36	111099580	LOC111099580	uncharacterized LOC111099580	protein-coding	Symbol
LOC111099584	36	111099584	LOC111099584	protoporphyrinogen oxidase-like	protein-coding	Symbol
LOC111101848	36	111101848	LOC111101848	protein XRP2-like	protein-coding	Symbol
LOC111102878	36	111102878	LOC111102878	uncharacterized LOC111102878	protein-coding	Symbol
LOC111108379	36	111108379	LOC111108379	striatin-interacting protein 1 homolog	protein-coding	Symbol
LOC111112216	36	NA	NA	NA	NA	NA
LOC111114855	36	NA	NA	NA	NA	NA
LOC111119373	36	111119373	LOC111119373	deoxyribonuclease TATDN1-like	protein-coding	Symbol
LOC111119397	36	111119397	LOC111119397	polycystin-2-like protein 1	protein-coding	Symbol
LOC111119515	36	111119515	LOC111119515	glucoside xylosyltransferase 2-like	protein-coding	Symbol
LOC111120695	36	111120695	LOC111120695	p21-activated protein kinase-interacting protein 1-like	protein-coding	Symbol
LOC111120820	36	111120820	LOC111120820	vacuolar protein sorting-associated protein 72 homolog	protein-coding	Symbol
LOC111121118	36	111121118	LOC111121118	lipoamide acyltransferase component of branched-chain alpha-keto acid dehydrogenase complex, mitochondrial-like	protein-coding	Symbol
LOC111123665	36	111123665	LOC111123665	transcription initiation factor IIB-like	protein-coding	Symbol
LOC111123724	36	111123724	LOC111123724	DNA-directed RNA polymerase I subunit RPA12-like	protein-coding	Symbol
LOC111124483	36	NA	NA	NA	NA	NA
LOC111124701	36	NA	NA	NA	NA	NA
LOC111125169	36	NA	NA	NA	NA	NA
LOC111125522	36	111125522	LOC111125522	spliceosome RNA helicase DDX39B-like	protein-coding	Symbol
LOC111125867	36	NA	NA	NA	NA	NA
LOC111126038	36	111126038	LOC111126038	uncharacterized LOC111126038	protein-coding	Symbol
LOC111126039	36	NA	NA	NA	NA	NA
LOC111126222	36	111126222	LOC111126222	metal cation symporter ZIP14-like	protein-coding	Symbol
LOC111126417	36	111126417	LOC111126417	ATP-dependent DNA helicase DDX31-like	protein-coding	Symbol
LOC111129593	36	111129593	LOC111129593	uncharacterized LOC111129593	protein-coding	Symbol
LOC111130065	36	111130065	LOC111130065	nonsense-mediated mRNA decay factor SMG5-like	protein-coding	Symbol
LOC111130992	36	111130992	LOC111130992	integrator complex subunit 3-like	protein-coding	Symbol
LOC111131437	36	111131437	LOC111131437	uncharacterized LOC111131437	protein-coding	Symbol
LOC111131610	36	111131610	LOC111131610	m7GpppN-mRNA hydrolase-like	protein-coding	Symbol
LOC111132124	36	111132124	LOC111132124	tRNA (34-2'-O)-methyltransferase regulator WDR6-like	protein-coding	Symbol
LOC111133091	36	111133091	LOC111133091	metabotropic glutamate receptor 8-like	protein-coding	Symbol
LOC111133369	36	111133369	LOC111133369	uncharacterized LOC111133369	protein-coding	Symbol
LOC111134386	36	111134386	LOC111134386	uncharacterized LOC111134386	protein-coding	Symbol
LOC111134659	36	111134659	LOC111134659	poly(U)-binding-splicing factor PUF60-like	protein-coding	Symbol
LOC111135247	36	NA	NA	NA	NA	NA
LOC111135477	36	111135477	LOC111135477	small G protein signaling modulator 1-like	protein-coding	Symbol
LOC111136054	36	111136054	LOC111136054	protein MMS22-like	protein-coding	Symbol
LOC111136090	36	111136090	LOC111136090	cysteine desulfurase-like	protein-coding	Symbol
LOC111137455	36	111137455	LOC111137455	uncharacterized LOC111137455	protein-coding	Symbol
LOC111138443	36	111138443	LOC111138443	carboxypeptidase D-like	protein-coding	Symbol
LOC111100575	35	NA	NA	NA	NA	NA
LOC111100888	35	111100888	LOC111100888	von Willebrand factor A domain-containing protein 7-like	protein-coding	Symbol
LOC111101030	35	NA	NA	NA	NA	NA
LOC111102843	35	111102843	LOC111102843	chromatin assembly factor 1 subunit B-like	protein-coding	Symbol
LOC111103404	35	111103404	LOC111103404	monocarboxylate transporter 14-like	protein-coding	Symbol
LOC111103445	35	111103445	LOC111103445	S-adenosylmethionine decarboxylase proenzyme-like	protein-coding	Symbol
LOC111103866	35	111103866	LOC111103866	uncharacterized LOC111103866	protein-coding	Symbol
LOC111105170	35	111105170	LOC111105170	U7 snRNA-associated Sm-like protein LSm10	protein-coding	Symbol
LOC111105807	35	111105807	LOC111105807	uncharacterized LOC111105807	protein-coding	Symbol
LOC111110571	35	111110571	LOC111110571	protein lifeguard 4-like	protein-coding	Symbol
LOC111112369	35	NA	NA	NA	NA	NA
LOC111113221	35	111113221	LOC111113221	uncharacterized LOC111113221	protein-coding	Symbol
LOC111114240	35	111114240	LOC111114240	uncharacterized LOC111114240	protein-coding	Symbol
LOC111114583	35	111114583	LOC111114583	rifampicin phosphotransferase-like	protein-coding	Symbol
LOC111117471	35	111117471	LOC111117471	uncharacterized LOC111117471	protein-coding	Symbol
LOC111118442	35	NA	NA	NA	NA	NA
LOC111118643	35	111118643	LOC111118643	uncharacterized LOC111118643	protein-coding	Symbol
LOC111118841	35	NA	NA	NA	NA	NA
LOC111121096	35	111121096	LOC111121096	transcriptional adapter 3-B-like	protein-coding	Symbol
LOC111121158	35	111121158	LOC111121158	cytochrome c oxidase subunit 5B, mitochondrial-like	protein-coding	Symbol
LOC111122551	35	111122551	LOC111122551	uncharacterized LOC111122551	protein-coding	Symbol
LOC111123535	35	111123535	LOC111123535	zinc finger protein 330 homolog	protein-coding	Symbol
LOC111123625	35	NA	NA	NA	NA	NA
LOC111124577	35	111124577	LOC111124577	kinesin-associated protein 3-like	protein-coding	Symbol
LOC111124758	35	111124758	LOC111124758	E3 ubiquitin-protein ligase RNF14-like	protein-coding	Symbol
LOC111126052	35	111126052	LOC111126052	inhibitor of growth protein 1-like	protein-coding	Symbol
LOC111128334	35	NA	NA	NA	NA	NA
LOC111128738	35	111128738	LOC111128738	tubulin-specific chaperone C-like	protein-coding	Symbol
LOC111129195	35	111129195	LOC111129195	menin-like	protein-coding	Symbol
LOC111131277	35	111131277	LOC111131277	uncharacterized LOC111131277	protein-coding	Symbol
LOC111132381	35	111132381	LOC111132381	replication factor C subunit 2-like	protein-coding	Symbol
LOC111133651	35	111133651	LOC111133651	uncharacterized LOC111133651	protein-coding	Symbol
LOC111134462	35	111134462	LOC111134462	uncharacterized LOC111134462	protein-coding	Symbol
LOC111135279	35	111135279	LOC111135279	sal-like protein 1	protein-coding	Symbol
LOC111135645	35	111135645	LOC111135645	ankyrin repeat domain-containing protein 46-like	protein-coding	Symbol
LOC111135994	35	111135994	LOC111135994	glycerophosphodiester phosphodiesterase domain-containing protein 5-like	protein-coding	Symbol
LOC111136099	35	111136099	LOC111136099	uncharacterized LOC111136099	protein-coding	Symbol
LOC111136491	35	111136491	LOC111136491	uncharacterized LOC111136491	protein-coding	Symbol
LOC111137529	35	111137529	LOC111137529	uncharacterized LOC111137529	protein-coding	Symbol
LOC111138026	35	111138026	LOC111138026	tetraspanin-9-like	protein-coding	Symbol
LOC111138142	35	NA	NA	NA	NA	NA
LOC111138239	35	111138239	LOC111138239	BLOC-3 complex member HPS1-like	protein-coding	Symbol
LOC111099147	34	111099147	LOC111099147	uncharacterized LOC111099147	protein-coding	Symbol
LOC111099729	34	111099729	LOC111099729	uncharacterized LOC111099729	protein-coding	Symbol
LOC111100436	34	111100436	LOC111100436	uncharacterized LOC111100436	protein-coding	Symbol
LOC111101097	34	111101097	LOC111101097	CAAX prenyl protease 1 homolog	protein-coding	Symbol
LOC111101533	34	111101533	LOC111101533	transmembrane protein 230-like	protein-coding	Symbol
LOC111102336	34	111102336	LOC111102336	uncharacterized LOC111102336	protein-coding	Symbol
LOC111103403	34	NA	NA	NA	NA	NA
LOC111104326	34	NA	NA	NA	NA	NA
LOC111105754	34	111105754	LOC111105754	traB domain-containing protein-like	protein-coding	Symbol
LOC111109650	34	111109650	LOC111109650	transketolase-like protein 2	protein-coding	Symbol
LOC111111282	34	111111282	LOC111111282	uncharacterized LOC111111282	protein-coding	Symbol
LOC111111934	34	111111934	LOC111111934	uncharacterized LOC111111934	protein-coding	Symbol
LOC111114680	34	111114680	LOC111114680	uncharacterized LOC111114680	protein-coding	Symbol
LOC111114986	34	111114986	LOC111114986	uncharacterized LOC111114986	protein-coding	Symbol
LOC111115720	34	111115720	LOC111115720	protein inscuteable homolog	protein-coding	Symbol
LOC111119440	34	111119440	LOC111119440	calcium uniporter protein, mitochondrial-like	protein-coding	Symbol
LOC111119865	34	111119865	LOC111119865	folliculin-like	protein-coding	Symbol
LOC111121117	34	111121117	LOC111121117	serine/threonine-protein kinase Nek8-like	protein-coding	Symbol
LOC111122340	34	111122340	LOC111122340	GDP-fucose protein O-fucosyltransferase 1-like	protein-coding	Symbol
LOC111122773	34	111122773	LOC111122773	uncharacterized LOC111122773	protein-coding	Symbol
LOC111123546	34	111123546	LOC111123546	lysosomal thioesterase PPT2-A-like	protein-coding	Symbol
LOC111123750	34	111123750	LOC111123750	uncharacterized LOC111123750	pseudo	Symbol
LOC111126836	34	111126836	LOC111126836	lachesin-like	protein-coding	Symbol
LOC111128787	34	111128787	LOC111128787	uncharacterized LOC111128787	protein-coding	Symbol
LOC111128941	34	111128941	LOC111128941	tetratricopeptide repeat protein 13-like	protein-coding	Symbol
LOC111129522	34	111129522	LOC111129522	putative ammonium transporter 1	protein-coding	Symbol
LOC111129868	34	111129868	LOC111129868	uncharacterized LOC111129868	protein-coding	Symbol
LOC111130566	34	111130566	LOC111130566	NACHT and WD repeat domain-containing protein 2-like	protein-coding	Symbol
LOC111130654	34	NA	NA	NA	NA	NA
LOC111131374	34	NA	NA	NA	NA	NA
LOC111131483	34	111131483	LOC111131483	uncharacterized LOC111131483	protein-coding	Symbol
LOC111133530	34	111133530	LOC111133530	uncharacterized LOC111133530	protein-coding	Symbol
LOC111133865	34	111133865	LOC111133865	uncharacterized LOC111133865	protein-coding	Symbol
LOC111133909	34	111133909	LOC111133909	ATPase WRNIP1-like	protein-coding	Symbol
LOC111135009	34	111135009	LOC111135009	anaphase-promoting complex subunit 7-like	protein-coding	Symbol
LOC111135237	34	111135237	LOC111135237	TBC1 domain family member 20-like	protein-coding	Symbol
LOC111135685	34	111135685	LOC111135685	all-trans-retinol 13,14-reductase-like	protein-coding	Symbol
LOC111135734	34	111135734	LOC111135734	uncharacterized LOC111135734	protein-coding	Symbol
LOC111136591	34	111136591	LOC111136591	FH1/FH2 domain-containing protein 3-like	protein-coding	Symbol
LOC111099063	33	111099063	LOC111099063	RING-type E3 ubiquitin-protein ligase PPIL2-like	protein-coding	Symbol
LOC111100714	33	111100714	LOC111100714	E3 ubiquitin-protein ligase RNF13-like	protein-coding	Symbol
LOC111103910	33	NA	NA	NA	NA	NA
LOC111104361	33	111104361	LOC111104361	histone deacetylase complex subunit SAP18-like	protein-coding	Symbol
LOC111105728	33	NA	NA	NA	NA	NA
LOC111106809	33	NA	NA	NA	NA	NA
LOC111109663	33	111109663	LOC111109663	uncharacterized LOC111109663	protein-coding	Symbol
LOC111110205	33	111110205	LOC111110205	pre-rRNA-processing protein TSR2 homolog	protein-coding	Symbol
LOC111113720	33	111113720	LOC111113720	uncharacterized LOC111113720	protein-coding	Symbol
LOC111118012	33	111118012	LOC111118012	coiled-coil and C2 domain-containing protein 1-like	protein-coding	Symbol
LOC111119139	33	111119139	LOC111119139	adenosine 5'-monophosphoramidase HINT3-like	protein-coding	Symbol
LOC111119748	33	111119748	LOC111119748	uncharacterized LOC111119748	protein-coding	Symbol
LOC111121408	33	111121408	LOC111121408	xylosyltransferase oxt-like	protein-coding	Symbol
LOC111122139	33	111122139	LOC111122139	E3 ubiquitin-protein ligase CHIP-like	protein-coding	Symbol
LOC111122893	33	NA	NA	NA	NA	NA
LOC111123263	33	111123263	LOC111123263	WD repeat-containing protein 55-like	protein-coding	Symbol
LOC111123291	33	111123291	LOC111123291	uncharacterized LOC111123291	protein-coding	Symbol
LOC111124500	33	NA	NA	NA	NA	NA
LOC111125199	33	111125199	LOC111125199	uncharacterized LOC111125199	protein-coding	Symbol
LOC111125201	33	111125201	LOC111125201	putative methyltransferase-like protein 15 homolog	protein-coding	Symbol
LOC111128097	33	111128097	LOC111128097	BOS complex subunit ncln-like	protein-coding	Symbol
LOC111128221	33	111128221	LOC111128221	alpha- and gamma-adaptin-binding protein p34-like	protein-coding	Symbol
LOC111128501	33	111128501	LOC111128501	RRP15-like protein	protein-coding	Symbol
LOC111130904	33	111130904	LOC111130904	D-aminoacyl-tRNA deacylase-like	protein-coding	Symbol
LOC111131232	33	NA	NA	NA	NA	NA
LOC111131838	33	NA	NA	NA	NA	NA
LOC111134181	33	111134181	LOC111134181	cytochrome P450 302a1, mitochondrial-like	protein-coding	Symbol
LOC111134425	33	111134425	LOC111134425	guanine nucleotide-binding protein G(o) subunit alpha	protein-coding	Symbol
LOC111135132	33	111135132	LOC111135132	NFATC2-interacting protein-like	protein-coding	Symbol
LOC111135389	33	111135389	LOC111135389	DDB1- and CUL4-associated factor 17-like	protein-coding	Symbol
LOC111135460	33	111135460	LOC111135460	ectonucleoside triphosphate diphosphohydrolase 7-like	protein-coding	Symbol
LOC111135899	33	111135899	LOC111135899	copine-3-like	protein-coding	Symbol
LOC111136402	33	111136402	LOC111136402	uncharacterized LOC111136402	protein-coding	Symbol
LOC111136651	33	111136651	LOC111136651	ATP-binding cassette sub-family C member 4-like	protein-coding	Symbol
LOC111136704	33	111136704	LOC111136704	aprataxin-like	protein-coding	Symbol
LOC111137383	33	111137383	LOC111137383	uncharacterized LOC111137383	protein-coding	Symbol
LOC111099183	32	111099183	LOC111099183	SPRY domain-containing protein 7-like	protein-coding	Symbol
LOC111100362	32	111100362	LOC111100362	uncharacterized LOC111100362	protein-coding	Symbol
LOC111100376	32	111100376	LOC111100376	protein TEX261-like	protein-coding	Symbol
LOC111103326	32	111103326	LOC111103326	glycoprotein endo-alpha-1,2-mannosidase-like	protein-coding	Symbol
LOC111104753	32	111104753	LOC111104753	uncharacterized LOC111104753	protein-coding	Symbol
LOC111104818	32	111104818	LOC111104818	mitochondrial nicotinamide adenine dinucleotide transporter SLC25A51-like	protein-coding	Symbol
LOC111106458	32	111106458	LOC111106458	26S proteasome non-ATPase regulatory subunit 6-like	protein-coding	Symbol
LOC111106464	32	111106464	LOC111106464	5' exonuclease Apollo-like	protein-coding	Symbol
LOC111108055	32	111108055	LOC111108055	isoleucine--tRNA ligase, cytoplasmic-like	protein-coding	Symbol
LOC111111605	32	111111605	LOC111111605	transcriptional repressor NF-X1-like	protein-coding	Symbol
LOC111112662	32	NA	NA	NA	NA	NA
LOC111116260	32	111116260	LOC111116260	uncharacterized LOC111116260	protein-coding	Symbol
LOC111119396	32	NA	NA	NA	NA	NA
LOC111120684	32	111120684	LOC111120684	BAR/IMD domain-containing adapter protein 2-like	protein-coding	Symbol
LOC111122847	32	111122847	LOC111122847	COP9 signalosome complex subunit 8-like	protein-coding	Symbol
LOC111123088	32	111123088	LOC111123088	uncharacterized LOC111123088	protein-coding	Symbol
LOC111123813	32	111123813	LOC111123813	interference hedgehog-like	protein-coding	Symbol
LOC111123970	32	NA	NA	NA	NA	NA
LOC111125117	32	111125117	LOC111125117	uncharacterized LOC111125117	protein-coding	Symbol
LOC111128076	32	111128076	LOC111128076	uncharacterized LOC111128076	protein-coding	Symbol
LOC111130048	32	111130048	LOC111130048	SKA complex subunit 1-like	protein-coding	Symbol
LOC111130842	32	111130842	LOC111130842	dihydroxyacetone phosphate acyltransferase-like	protein-coding	Symbol
LOC111133404	32	111133404	LOC111133404	RNA polymerase II subunit A C-terminal domain phosphatase SSU72-like	protein-coding	Symbol
LOC111133510	32	111133510	LOC111133510	uncharacterized LOC111133510	protein-coding	Symbol
LOC111133960	32	NA	NA	NA	NA	NA
LOC111134614	32	NA	NA	NA	NA	NA
LOC111134683	32	NA	NA	NA	NA	NA
LOC111134838	32	111134838	LOC111134838	uncharacterized LOC111134838	protein-coding	Symbol
LOC111134840	32	111134840	LOC111134840	CTD nuclear envelope phosphatase 1-like	protein-coding	Symbol
LOC111136250	32	111136250	LOC111136250	beta-1-syntrophin-like	protein-coding	Symbol
LOC111136382	32	111136382	LOC111136382	uncharacterized LOC111136382	protein-coding	Symbol
LOC111136415	32	111136415	LOC111136415	E3 ubiquitin-protein ligase RING2-A-like	protein-coding	Symbol
LOC111137574	32	111137574	LOC111137574	BLOC-1-related complex subunit 7-like	protein-coding	Symbol
LOC111137825	32	111137825	LOC111137825	uncharacterized LOC111137825	protein-coding	Symbol
LOC111099218	31	111099218	LOC111099218	uncharacterized LOC111099218	protein-coding	Symbol
LOC111100902	31	111100902	LOC111100902	ADP-ribosylhydrolase ARH3-like	protein-coding	Symbol
LOC111104401	31	111104401	LOC111104401	uncharacterized LOC111104401	protein-coding	Symbol
LOC111106217	31	NA	NA	NA	NA	NA
LOC111106801	31	111106801	LOC111106801	uncharacterized LOC111106801	protein-coding	Symbol
LOC111107096	31	111107096	LOC111107096	uncharacterized LOC111107096	protein-coding	Symbol
LOC111110082	31	111110082	LOC111110082	COMM domain-containing protein 7-like	protein-coding	Symbol
LOC111112733	31	111112733	LOC111112733	heterogeneous nuclear ribonucleoprotein K-like	protein-coding	Symbol
LOC111113036	31	111113036	LOC111113036	ceramide kinase-like protein	protein-coding	Symbol
LOC111115300	31	111115300	LOC111115300	uncharacterized LOC111115300	protein-coding	Symbol
LOC111118220	31	111118220	LOC111118220	beta-1,3-galactosyltransferase brn-like	protein-coding	Symbol
LOC111118471	31	111118471	LOC111118471	galactokinase-like	protein-coding	Symbol
LOC111118658	31	111118658	LOC111118658	ZZ-type zinc finger-containing protein 3-like	protein-coding	Symbol
LOC111120030	31	111120030	LOC111120030	GDP-fucose protein O-fucosyltransferase 3-like	protein-coding	Symbol
LOC111120891	31	111120891	LOC111120891	polyadenylate-binding protein-interacting protein 1-like	protein-coding	Symbol
LOC111120957	31	111120957	LOC111120957	uncharacterized LOC111120957	protein-coding	Symbol
LOC111121044	31	111121044	LOC111121044	rRNA methyltransferase 2, mitochondrial-like	protein-coding	Symbol
LOC111121274	31	111121274	LOC111121274	uncharacterized LOC111121274	protein-coding	Symbol
LOC111122837	31	111122837	LOC111122837	uncharacterized LOC111122837	protein-coding	Symbol
LOC111124744	31	111124744	LOC111124744	polyisoprenoid diphosphate/phosphate phosphohydrolase PLPP6-like	protein-coding	Symbol
LOC111125567	31	111125567	LOC111125567	anoctamin-7-like	protein-coding	Symbol
LOC111128608	31	111128608	LOC111128608	uncharacterized LOC111128608	protein-coding	Symbol
LOC111129305	31	NA	NA	NA	NA	NA
LOC111132132	31	111132132	LOC111132132	nucleolar protein 14-like	protein-coding	Symbol
LOC111133500	31	111133500	LOC111133500	DNA topoisomerase 2-binding protein 1-like	protein-coding	Symbol
LOC111134642	31	111134642	LOC111134642	BCL2/adenovirus E1B 19 kDa protein-interacting protein 3-like	protein-coding	Symbol
LOC111134706	31	111134706	LOC111134706	carboxypeptidase D-like	protein-coding	Symbol
LOC111134906	31	NA	NA	NA	NA	NA
LOC111134936	31	111134936	LOC111134936	uncharacterized LOC111134936	protein-coding	Symbol
LOC111135149	31	111135149	LOC111135149	uncharacterized LOC111135149	protein-coding	Symbol
LOC111135761	31	111135761	LOC111135761	lysosomal phospholipase A and acyltransferase-like	protein-coding	Symbol
LOC111137094	31	111137094	LOC111137094	dedicator of cytokinesis protein 1-like	protein-coding	Symbol
LOC111137683	31	111137683	LOC111137683	uncharacterized LOC111137683	protein-coding	Symbol
LOC111099105	30	111099105	LOC111099105	beta-1,3-glucosyltransferase-like	protein-coding	Symbol
LOC111099496	30	111099496	LOC111099496	putative thioesterase PNKD	protein-coding	Symbol
LOC111100595	30	111100595	LOC111100595	uncharacterized protein C2orf42-like	protein-coding	Symbol
LOC111101237	30	111101237	LOC111101237	putative 2'-deoxynucleoside 5'-phosphate N-hydrolase 1	protein-coding	Symbol
LOC111104084	30	111104084	LOC111104084	glutamate carboxypeptidase 2-like	protein-coding	Symbol
LOC111104169	30	NA	NA	NA	NA	NA
LOC111104713	30	111104713	LOC111104713	SWI/SNF-related matrix-associated actin-dependent regulator of chromatin subfamily A containing DEAD/H box 1B-like	protein-coding	Symbol
LOC111106331	30	111106331	LOC111106331	NEDD8-activating enzyme E1 catalytic subunit-like	protein-coding	Symbol
LOC111107189	30	111107189	LOC111107189	dual specificity protein phosphatase 7-like	protein-coding	Symbol
LOC111107463	30	111107463	LOC111107463	uncharacterized LOC111107463	protein-coding	Symbol
LOC111107476	30	NA	NA	NA	NA	NA
LOC111108351	30	111108351	LOC111108351	pseudouridylate synthase TRUB2, mitochondrial-like	protein-coding	Symbol
LOC111108358	30	111108358	LOC111108358	uncharacterized LOC111108358	protein-coding	Symbol
LOC111109745	30	111109745	LOC111109745	chitin synthase chs-2-like	protein-coding	Symbol
LOC111111264	30	111111264	LOC111111264	uncharacterized LOC111111264	protein-coding	Symbol
LOC111113199	30	111113199	LOC111113199	carnosine N-methyltransferase-like	protein-coding	Symbol
LOC111114505	30	111114505	LOC111114505	uncharacterized LOC111114505	protein-coding	Symbol
LOC111114868	30	NA	NA	NA	NA	NA
LOC111115433	30	111115433	LOC111115433	protein disulfide-isomerase A4-like	protein-coding	Symbol
LOC111115747	30	111115747	LOC111115747	uncharacterized LOC111115747	pseudo	Symbol
LOC111119091	30	111119091	LOC111119091	ADP-ribosylation factor-like protein 6-interacting protein 1	protein-coding	Symbol
LOC111119134	30	111119134	LOC111119134	uncharacterized LOC111119134	protein-coding	Symbol
LOC111119689	30	111119689	LOC111119689	rapamycin-insensitive companion of mTOR-like	protein-coding	Symbol
LOC111119982	30	111119982	LOC111119982	cAMP-dependent protein kinase regulatory subunit-like	protein-coding	Symbol
LOC111120422	30	NA	NA	NA	NA	NA
LOC111120683	30	111120683	LOC111120683	cytochrome P450 4c21-like	protein-coding	Symbol
LOC111121397	30	111121397	LOC111121397	centromere protein K-like	protein-coding	Symbol
LOC111124021	30	111124021	LOC111124021	uncharacterized LOC111124021	protein-coding	Symbol
LOC111126197	30	111126197	LOC111126197	homeobox protein PKNOX2-like	protein-coding	Symbol
LOC111126383	30	111126383	LOC111126383	N-terminal Xaa-Pro-Lys N-methyltransferase 1-like	protein-coding	Symbol
LOC111127278	30	111127278	LOC111127278	PGAP2-interacting protein-like	protein-coding	Symbol
LOC111127813	30	111127813	LOC111127813	putative tubulin polyglutamylase ttll-15	protein-coding	Symbol
LOC111128213	30	111128213	LOC111128213	uncharacterized LOC111128213	protein-coding	Symbol
LOC111129141	30	111129141	LOC111129141	uncharacterized LOC111129141	protein-coding	Symbol
LOC111130072	30	111130072	LOC111130072	molecular chaperone MKKS-like	protein-coding	Symbol
LOC111130272	30	111130272	LOC111130272	ras-related protein Rab-4B-like	protein-coding	Symbol
LOC111130343	30	111130343	LOC111130343	cytoplasmic dynein 1 heavy chain 1-like	protein-coding	Symbol
LOC111130709	30	111130709	LOC111130709	serine--tRNA ligase, mitochondrial-like	protein-coding	Symbol
LOC111130939	30	111130939	LOC111130939	small ribosomal subunit protein bS16m-like	protein-coding	Symbol
LOC111131533	30	111131533	LOC111131533	universal stress protein YxiE-like	protein-coding	Symbol
LOC111133163	30	111133163	LOC111133163	U3 small nucleolar RNA-associated protein 4 homolog	protein-coding	Symbol
LOC111134186	30	111134186	LOC111134186	protein DPCD-like	protein-coding	Symbol
LOC111135336	30	111135336	LOC111135336	H/ACA ribonucleoprotein complex subunit 2-like protein	protein-coding	Symbol
LOC111135727	30	111135727	LOC111135727	GATOR2 complex protein WDR24-like	protein-coding	Symbol
LOC111135903	30	111135903	LOC111135903	mitochondrial carrier protein Rim2-like	protein-coding	Symbol
LOC111136505	30	111136505	LOC111136505	protein SCO1 homolog, mitochondrial-like	protein-coding	Symbol
LOC111138006	30	111138006	LOC111138006	cyclin-J-like	protein-coding	Symbol
LOC111103915	29	111103915	LOC111103915	uncharacterized LOC111103915	protein-coding	Symbol
LOC111104292	29	NA	NA	NA	NA	NA
LOC111106049	29	NA	NA	NA	NA	NA
LOC111107608	29	111107608	LOC111107608	universal stress protein in QAH/OAS sulfhydrylase 3'region-like	protein-coding	Symbol
LOC111108569	29	111108569	LOC111108569	uncharacterized LOC111108569	protein-coding	Symbol
LOC111114174	29	111114174	LOC111114174	epidermal retinol dehydrogenase 2-like	protein-coding	Symbol
LOC111115597	29	111115597	LOC111115597	uncharacterized LOC111115597	protein-coding	Symbol
LOC111116309	29	111116309	LOC111116309	uncharacterized LOC111116309	pseudo	Symbol
LOC111119310	29	111119310	LOC111119310	acyl-coenzyme A thioesterase 13-like	protein-coding	Symbol
LOC111119535	29	111119535	LOC111119535	uncharacterized LOC111119535	protein-coding	Symbol
LOC111119653	29	111119653	LOC111119653	uncharacterized LOC111119653	protein-coding	Symbol
LOC111120074	29	NA	NA	NA	NA	NA
LOC111120114	29	NA	NA	NA	NA	NA
LOC111121146	29	111121146	LOC111121146	phosphoribosyl pyrophosphate synthase-associated protein 2-like	protein-coding	Symbol
LOC111121371	29	NA	NA	NA	NA	NA
LOC111123210	29	111123210	LOC111123210	arf-GAP with Rho-GAP domain, ANK repeat and PH domain-containing protein 1-like	protein-coding	Symbol
LOC111123260	29	111123260	LOC111123260	nuclear pore complex protein Nup160-like	protein-coding	Symbol
LOC111124527	29	111124527	LOC111124527	crystallin J1A-like	protein-coding	Symbol
LOC111125080	29	111125080	LOC111125080	ras-related protein Rab-30-like	protein-coding	Symbol
LOC111125372	29	111125372	LOC111125372	uncharacterized LOC111125372	protein-coding	Symbol
LOC111125444	29	NA	NA	NA	NA	NA
LOC111125623	29	111125623	LOC111125623	uncharacterized LOC111125623	protein-coding	Symbol
LOC111125976	29	111125976	LOC111125976	deoxyribonuclease-2-alpha-like	protein-coding	Symbol
LOC111127916	29	111127916	LOC111127916	uncharacterized LOC111127916	protein-coding	Symbol
LOC111127928	29	111127928	LOC111127928	AP-2 complex subunit sigma	protein-coding	Symbol
LOC111128315	29	111128315	LOC111128315	dual oxidase 2-like	protein-coding	Symbol
LOC111128420	29	111128420	LOC111128420	nidogen-1-like	protein-coding	Symbol
LOC111129291	29	111129291	LOC111129291	uncharacterized LOC111129291	protein-coding	Symbol
LOC111129934	29	111129934	LOC111129934	malate dehydrogenase, cytoplasmic-like	protein-coding	Symbol
LOC111129999	29	111129999	LOC111129999	fasciculation and elongation protein zeta-2-like	protein-coding	Symbol
LOC111130054	29	111130054	LOC111130054	uncharacterized LOC111130054	protein-coding	Symbol
LOC111130501	29	111130501	LOC111130501	gamma-interferon-inducible lysosomal thiol reductase-like	protein-coding	Symbol
LOC111130580	29	111130580	LOC111130580	DNA repair protein REV1-like	protein-coding	Symbol
LOC111130613	29	NA	NA	NA	NA	NA
LOC111131333	29	111131333	LOC111131333	large ribosomal subunit protein mL49-like	protein-coding	Symbol
LOC111132144	29	111132144	LOC111132144	uncharacterized LOC111132144	protein-coding	Symbol
LOC111132820	29	111132820	LOC111132820	mitochondrial inner membrane protein OXA1L-like	protein-coding	Symbol
LOC111133197	29	111133197	LOC111133197	uncharacterized LOC111133197	pseudo	Symbol
LOC111133594	29	NA	NA	NA	NA	NA
LOC111133781	29	111133781	LOC111133781	uncharacterized LOC111133781	protein-coding	Symbol
LOC111135694	29	111135694	LOC111135694	uncharacterized LOC111135694	protein-coding	Symbol
LOC111135828	29	111135828	LOC111135828	V-type proton ATPase subunit d 1-like	protein-coding	Symbol
LOC111137482	29	111137482	LOC111137482	adenosine deaminase domain-containing protein 1-like	protein-coding	Symbol
LOC111137519	29	111137519	LOC111137519	sesquipedalian-1-like	protein-coding	Symbol
LOC111137647	29	111137647	LOC111137647	ras-related protein Rab-24-like	protein-coding	Symbol
LOC111099803	28	111099803	LOC111099803	uncharacterized LOC111099803	protein-coding	Symbol
LOC111100596	28	111100596	LOC111100596	monocarboxylate transporter 13-like	protein-coding	Symbol
LOC111101228	28	111101228	LOC111101228	centrosomal protein of 57 kDa-like	protein-coding	Symbol
LOC111101505	28	111101505	LOC111101505	cadherin EGF LAG seven-pass G-type receptor 1-like	protein-coding	Symbol
LOC111101763	28	NA	NA	NA	NA	NA
LOC111102600	28	111102600	LOC111102600	uncharacterized LOC111102600	protein-coding	Symbol
LOC111103905	28	111103905	LOC111103905	uncharacterized LOC111103905	protein-coding	Symbol
LOC111104244	28	111104244	LOC111104244	thymidylate synthase-like	protein-coding	Symbol
LOC111105305	28	NA	NA	NA	NA	NA
LOC111107584	28	111107584	LOC111107584	ATP-dependent RNA helicase DDX54-like	protein-coding	Symbol
LOC111108256	28	111108256	LOC111108256	zinc finger protein 862-like	protein-coding	Symbol
LOC111108257	28	NA	NA	NA	NA	NA
LOC111108439	28	111108439	LOC111108439	plexin-B-like	protein-coding	Symbol
LOC111108855	28	NA	NA	NA	NA	NA
LOC111109594	28	NA	NA	NA	NA	NA
LOC111110086	28	NA	NA	NA	NA	NA
LOC111110591	28	111110591	LOC111110591	sodium-dependent proline transporter-like	protein-coding	Symbol
LOC111111739	28	111111739	LOC111111739	mitochondrial ribosome-associated GTPase 1-like	protein-coding	Symbol
LOC111112344	28	111112344	LOC111112344	uncharacterized LOC111112344	protein-coding	Symbol
LOC111112553	28	111112553	LOC111112553	uncharacterized LOC111112553	protein-coding	Symbol
LOC111112881	28	111112881	LOC111112881	BTB/POZ domain-containing protein 6-B-like	protein-coding	Symbol
LOC111115008	28	NA	NA	NA	NA	NA
LOC111118389	28	111118389	LOC111118389	protein YIPF1-like	protein-coding	Symbol
LOC111118542	28	111118542	LOC111118542	centrosomal protein 20-like	protein-coding	Symbol
LOC111119427	28	111119427	LOC111119427	large ribosomal subunit protein mL45-like	protein-coding	Symbol
LOC111119431	28	111119431	LOC111119431	alpha-L-fucosidase-like	protein-coding	Symbol
LOC111120235	28	111120235	LOC111120235	caspase-7-like	protein-coding	Symbol
LOC111121016	28	NA	NA	NA	NA	NA
LOC111121610	28	111121610	LOC111121610	mitochondrial import inner membrane translocase subunit Tim29-like	protein-coding	Symbol
LOC111124747	28	111124747	LOC111124747	uncharacterized LOC111124747	protein-coding	Symbol
LOC111125575	28	111125575	LOC111125575	V-type proton ATPase catalytic subunit A	protein-coding	Symbol
LOC111126280	28	111126280	LOC111126280	uncharacterized LOC111126280	protein-coding	Symbol
LOC111126518	28	111126518	LOC111126518	low-density lipoprotein receptor-related protein 4-like	protein-coding	Symbol
LOC111126803	28	111126803	LOC111126803	actin-related protein 5-like	protein-coding	Symbol
LOC111128347	28	NA	NA	NA	NA	NA
LOC111128578	28	111128578	LOC111128578	cholecystokinin receptor-like	protein-coding	Symbol
LOC111129181	28	NA	NA	NA	NA	NA
LOC111130068	28	NA	NA	NA	NA	NA
LOC111130364	28	111130364	LOC111130364	DNA repair protein RAD51 homolog 2-like	protein-coding	Symbol
LOC111131010	28	111131010	LOC111131010	uncharacterized LOC111131010	protein-coding	Symbol
LOC111132566	28	111132566	LOC111132566	uncharacterized LOC111132566	protein-coding	Symbol
LOC111133010	28	111133010	LOC111133010	uncharacterized LOC111133010	protein-coding	Symbol
LOC111133499	28	111133499	LOC111133499	uncharacterized LOC111133499	protein-coding	Symbol
LOC111133797	28	111133797	LOC111133797	DNA damage-binding protein 2-like	protein-coding	Symbol
LOC111134414	28	111134414	LOC111134414	monocarboxylate transporter 12-like	protein-coding	Symbol
LOC111134737	28	111134737	LOC111134737	vitamin D3 receptor-like	protein-coding	Symbol
LOC111135116	28	111135116	LOC111135116	FAS-associated factor 2-like	protein-coding	Symbol
LOC111135803	28	111135803	LOC111135803	Y+L amino acid transporter 2-like	protein-coding	Symbol
LOC111135819	28	111135819	LOC111135819	ATP-dependent RNA helicase DDX1-like	protein-coding	Symbol
LOC111137406	28	NA	NA	NA	NA	NA
LOC111138108	28	111138108	LOC111138108	cyclin-dependent kinase 10-like	protein-coding	Symbol
LOC111099502	27	NA	NA	NA	NA	NA
LOC111099870	27	111099870	LOC111099870	protein phosphatase 1 regulatory subunit 12B-like	protein-coding	Symbol
LOC111100424	27	111100424	LOC111100424	organic cation transporter protein-like	protein-coding	Symbol
LOC111100581	27	111100581	LOC111100581	uncharacterized LOC111100581	protein-coding	Symbol
LOC111106438	27	111106438	LOC111106438	glutamate receptor-interacting protein 2-like	protein-coding	Symbol
LOC111108786	27	111108786	LOC111108786	protein FAM185A-like	protein-coding	Symbol
LOC111110869	27	NA	NA	NA	NA	NA
LOC111112961	27	NA	NA	NA	NA	NA
LOC111114451	27	111114451	LOC111114451	nuclear receptor ROR-beta-like	protein-coding	Symbol
LOC111117027	27	111117027	LOC111117027	uncharacterized LOC111117027	protein-coding	Symbol
LOC111118453	27	111118453	LOC111118453	uncharacterized LOC111118453	protein-coding	Symbol
LOC111120004	27	NA	NA	NA	NA	NA
LOC111120033	27	111120033	LOC111120033	heparan sulfate glucosamine 3-O-sulfotransferase 6-like	protein-coding	Symbol
LOC111120492	27	111120492	LOC111120492	testis-expressed protein 2-like	protein-coding	Symbol
LOC111120735	27	111120735	LOC111120735	uncharacterized LOC111120735	protein-coding	Symbol
LOC111120975	27	111120975	LOC111120975	BSD domain-containing protein 1-A-like	protein-coding	Symbol
LOC111121099	27	111121099	LOC111121099	WD repeat-containing protein 70-like	protein-coding	Symbol
LOC111122048	27	NA	NA	NA	NA	NA
LOC111123891	27	111123891	LOC111123891	lysine-specific histone demethylase 2-like	protein-coding	Symbol
LOC111124389	27	NA	NA	NA	NA	NA
LOC111125131	27	111125131	LOC111125131	vesicle-associated membrane protein 7-like	protein-coding	Symbol
LOC111125325	27	111125325	LOC111125325	cyclin-dependent kinase 14-like	protein-coding	Symbol
LOC111125677	27	111125677	LOC111125677	uncharacterized LOC111125677	protein-coding	Symbol
LOC111125974	27	111125974	LOC111125974	vacuolar protein sorting-associated protein 37A-like	protein-coding	Symbol
LOC111128661	27	111128661	LOC111128661	uncharacterized LOC111128661	protein-coding	Symbol
LOC111128797	27	111128797	LOC111128797	activin receptor type-2B-like	protein-coding	Symbol
LOC111129938	27	111129938	LOC111129938	echinoderm microtubule-associated protein-like 6	protein-coding	Symbol
LOC111130322	27	111130322	LOC111130322	uncharacterized LOC111130322	protein-coding	Symbol
LOC111130615	27	111130615	LOC111130615	signal recognition particle 14 kDa protein-like	protein-coding	Symbol
LOC111130633	27	111130633	LOC111130633	guanine nucleotide exchange protein SMCR8-like	protein-coding	Symbol
LOC111130847	27	111130847	LOC111130847	calmodulin-lysine N-methyltransferase-like	protein-coding	Symbol
LOC111130902	27	NA	NA	NA	NA	NA
LOC111131492	27	111131492	LOC111131492	ribonuclease P/MRP protein subunit POP5-like	protein-coding	Symbol
LOC111132009	27	111132009	LOC111132009	uncharacterized LOC111132009	protein-coding	Symbol
LOC111132068	27	111132068	LOC111132068	beta-ureidopropionase-like	protein-coding	Symbol
LOC111132836	27	NA	NA	NA	NA	NA
LOC111133148	27	111133148	LOC111133148	phenylalanine--tRNA ligase beta subunit-like	protein-coding	Symbol
LOC111134544	27	111134544	LOC111134544	phosphatidylinositol 4-kinase type 2-beta-like	protein-coding	Symbol
LOC111134682	27	111134682	LOC111134682	collagen alpha-6(VI) chain-like	protein-coding	Symbol
LOC111134796	27	111134796	LOC111134796	uncharacterized LOC111134796	protein-coding	Symbol
LOC111134837	27	111134837	LOC111134837	uncharacterized LOC111134837	protein-coding	Symbol
LOC111134953	27	111134953	LOC111134953	uncharacterized LOC111134953	protein-coding	Symbol
LOC111135084	27	111135084	LOC111135084	programmed cell death 6-interacting protein-like	protein-coding	Symbol
LOC111135086	27	111135086	LOC111135086	uncharacterized LOC111135086	protein-coding	Symbol
LOC111135632	27	111135632	LOC111135632	palmitoyltransferase ZDHHC22-like	protein-coding	Symbol
LOC111135764	27	111135764	LOC111135764	uncharacterized LOC111135764	protein-coding	Symbol
LOC111136937	27	111136937	LOC111136937	polyamine-transporting ATPase 13A3-like	protein-coding	Symbol
LOC111137122	27	111137122	LOC111137122	cyclin-D1-binding protein 1 homolog	protein-coding	Symbol
LOC111137432	27	111137432	LOC111137432	glyoxylate reductase/hydroxypyruvate reductase-like	protein-coding	Symbol
LOC111138041	27	111138041	LOC111138041	uncharacterized LOC111138041	protein-coding	Symbol
LOC111138047	27	111138047	LOC111138047	adipose-secreted signaling protein-like	protein-coding	Symbol
LOC111138159	27	NA	NA	NA	NA	NA
LOC111138305	27	111138305	LOC111138305	pre-mRNA-splicing factor ATP-dependent RNA helicase PRP16-like	protein-coding	Symbol
LOC111099196	26	111099196	LOC111099196	BICD family-like cargo adapter 1	protein-coding	Symbol
LOC111100510	26	111100510	LOC111100510	uncharacterized LOC111100510	protein-coding	Symbol
LOC111103557	26	111103557	LOC111103557	NADP-dependent malic enzyme-like	protein-coding	Symbol
LOC111103579	26	111103579	LOC111103579	uncharacterized LOC111103579	protein-coding	Symbol
LOC111103592	26	NA	NA	NA	NA	NA
LOC111104108	26	NA	NA	NA	NA	NA
LOC111107422	26	111107422	LOC111107422	putative receptor-type tyrosine-protein phosphatase mosPTP-1	protein-coding	Symbol
LOC111108312	26	NA	NA	NA	NA	NA
LOC111110039	26	NA	NA	NA	NA	NA
LOC111110435	26	111110435	LOC111110435	nuclear envelope integral membrane protein 1-like	protein-coding	Symbol
LOC111110619	26	NA	NA	NA	NA	NA
LOC111111498	26	111111498	LOC111111498	uncharacterized LOC111111498	protein-coding	Symbol
LOC111112130	26	111112130	LOC111112130	uncharacterized LOC111112130	protein-coding	Symbol
LOC111114498	26	111114498	LOC111114498	ras-related protein Rab-18-like	protein-coding	Symbol
LOC111114806	26	111114806	LOC111114806	uncharacterized LOC111114806	pseudo	Symbol
LOC111115612	26	111115612	LOC111115612	formin-like protein	protein-coding	Symbol
LOC111118211	26	111118211	LOC111118211	nuclear pore membrane glycoprotein 210-like	protein-coding	Symbol
LOC111118482	26	NA	NA	NA	NA	NA
LOC111119314	26	NA	NA	NA	NA	NA
LOC111120186	26	111120186	LOC111120186	nudC domain-containing protein 3-like	protein-coding	Symbol
LOC111120676	26	111120676	LOC111120676	calcium-dependent protein kinase C-like	protein-coding	Symbol
LOC111120850	26	111120850	LOC111120850	methionine aminopeptidase 1-like	protein-coding	Symbol
LOC111121747	26	NA	NA	NA	NA	NA
LOC111122929	26	111122929	LOC111122929	ubiquitin carboxyl-terminal hydrolase 37-like	protein-coding	Symbol
LOC111123601	26	111123601	LOC111123601	uncharacterized LOC111123601	protein-coding	Symbol
LOC111124618	26	111124618	LOC111124618	GH3 domain-containing protein-like	protein-coding	Symbol
LOC111124692	26	111124692	LOC111124692	kin of IRRE-like protein 1	protein-coding	Symbol
LOC111125118	26	111125118	LOC111125118	F-box/LRR-repeat protein 6-like	protein-coding	Symbol
LOC111125946	26	111125946	LOC111125946	protein unc-45 homolog B-like	protein-coding	Symbol
LOC111126155	26	111126155	LOC111126155	uncharacterized LOC111126155	protein-coding	Symbol
LOC111129018	26	111129018	LOC111129018	glutathione-specific gamma-glutamylcyclotransferase 1-like	protein-coding	Symbol
LOC111129520	26	111129520	LOC111129520	uncharacterized LOC111129520	protein-coding	Symbol
LOC111129675	26	111129675	LOC111129675	uncharacterized LOC111129675	protein-coding	Symbol
LOC111130474	26	111130474	LOC111130474	uncharacterized LOC111130474	protein-coding	Symbol
LOC111130637	26	NA	NA	NA	NA	NA
LOC111130767	26	111130767	LOC111130767	sodium-dependent phosphate transport protein 2B-like	protein-coding	Symbol
LOC111135757	26	111135757	LOC111135757	uncharacterized LOC111135757	protein-coding	Symbol
LOC111135858	26	111135858	LOC111135858	exocyst complex component 6B-like	protein-coding	Symbol
LOC111136102	26	111136102	LOC111136102	TRPL translocation defect protein 14-like	protein-coding	Symbol
LOC111136141	26	111136141	LOC111136141	WD repeat-containing protein 44-like	protein-coding	Symbol
LOC111136758	26	111136758	LOC111136758	NADH dehydrogenase (ubiquinone) complex I, assembly factor 6-like	protein-coding	Symbol
LOC111136945	26	111136945	LOC111136945	uncharacterized LOC111136945	protein-coding	Symbol
LOC111137141	26	111137141	LOC111137141	homeobox protein cut-like 1	protein-coding	Symbol
LOC111137168	26	111137168	LOC111137168	uncharacterized LOC111137168	protein-coding	Symbol
LOC111138367	26	111138367	LOC111138367	E3 ubiquitin-protein ligase TM129-like	protein-coding	Symbol
LOC111101041	25	111101041	LOC111101041	V-type proton ATPase subunit B	protein-coding	Symbol
LOC111103388	25	111103388	LOC111103388	trophoblast glycoprotein-like	protein-coding	Symbol
LOC111106076	25	111106076	LOC111106076	DNA/RNA-binding protein KIN17-like	protein-coding	Symbol
LOC111106207	25	111106207	LOC111106207	uncharacterized LOC111106207	protein-coding	Symbol
LOC111108171	25	111108171	LOC111108171	uncharacterized LOC111108171	protein-coding	Symbol
LOC111108199	25	111108199	LOC111108199	serine/threonine-protein kinase B-raf-like	protein-coding	Symbol
LOC111108515	25	NA	NA	NA	NA	NA
LOC111110014	25	111110014	LOC111110014	uncharacterized LOC111110014	protein-coding	Symbol
LOC111110030	25	111110030	LOC111110030	transmembrane protein 168-like	protein-coding	Symbol
LOC111111174	25	111111174	LOC111111174	guanosine-3',5'-bis(diphosphate) 3'-pyrophosphohydrolase MESH1-like	protein-coding	Symbol
LOC111112253	25	NA	NA	NA	NA	NA
LOC111112348	25	NA	NA	NA	NA	NA
LOC111113055	25	111113055	LOC111113055	uncharacterized LOC111113055	protein-coding	Symbol
LOC111113398	25	111113398	LOC111113398	uncharacterized LOC111113398	protein-coding	Symbol
LOC111114010	25	111114010	LOC111114010	uncharacterized LOC111114010	pseudo	Symbol
LOC111118604	25	111118604	LOC111118604	protein canopy 4-like	protein-coding	Symbol
LOC111119827	25	111119827	LOC111119827	dnaJ homolog subfamily B member 14-like	protein-coding	Symbol
LOC111121058	25	111121058	LOC111121058	uncharacterized LOC111121058	protein-coding	Symbol
LOC111121737	25	111121737	LOC111121737	histone acetyltransferase KAT6B-like	protein-coding	Symbol
LOC111122836	25	111122836	LOC111122836	dolichyl-phosphate beta-glucosyltransferase-like	protein-coding	Symbol
LOC111123500	25	NA	NA	NA	NA	NA
LOC111123966	25	111123966	LOC111123966	tyrosine-protein kinase Tec-like	protein-coding	Symbol
LOC111124139	25	NA	NA	NA	NA	NA
LOC111124284	25	111124284	LOC111124284	uncharacterized LOC111124284	protein-coding	Symbol
LOC111124676	25	111124676	LOC111124676	ubiquinone biosynthesis protein COQ4 homolog, mitochondrial-like	protein-coding	Symbol
LOC111124955	25	111124955	LOC111124955	cullin-1-like	protein-coding	Symbol
LOC111125638	25	NA	NA	NA	NA	NA
LOC111126209	25	111126209	LOC111126209	ubiquitin-conjugating enzyme E2-17 kDa	protein-coding	Symbol
LOC111126357	25	111126357	LOC111126357	L-proline trans-4-hydroxylase-like	protein-coding	Symbol
LOC111126780	25	NA	NA	NA	NA	NA
LOC111128037	25	111128037	LOC111128037	cytochrome P450 2B2-like	protein-coding	Symbol
LOC111128103	25	111128103	LOC111128103	RNA polymerase-associated protein CTR9 homolog	protein-coding	Symbol
LOC111128622	25	111128622	LOC111128622	endonuclease 8-like 1	protein-coding	Symbol
LOC111128798	25	111128798	LOC111128798	universal stress protein Sll1388-like	protein-coding	Symbol
LOC111129320	25	111129320	LOC111129320	adipocyte plasma membrane-associated protein-like	protein-coding	Symbol
LOC111129681	25	111129681	LOC111129681	NPC intracellular cholesterol transporter 2-like	protein-coding	Symbol
LOC111129843	25	111129843	LOC111129843	cell division control protein 42 homolog	protein-coding	Symbol
LOC111129897	25	111129897	LOC111129897	mitochondrial import receptor subunit TOM20 homolog	protein-coding	Symbol
LOC111130105	25	NA	NA	NA	NA	NA
LOC111130358	25	111130358	LOC111130358	E3 ubiquitin-protein ligase arih1-like	protein-coding	Symbol
LOC111131058	25	111131058	LOC111131058	uncharacterized LOC111131058	protein-coding	Symbol
LOC111131459	25	111131459	LOC111131459	uncharacterized LOC111131459	protein-coding	Symbol
LOC111132122	25	111132122	LOC111132122	uncharacterized LOC111132122	protein-coding	Symbol
LOC111133477	25	111133477	LOC111133477	mitochondrial translation release factor in rescue-like	protein-coding	Symbol
LOC111133954	25	111133954	LOC111133954	pre-mRNA-processing-splicing factor 8	protein-coding	Symbol
LOC111134076	25	111134076	LOC111134076	uncharacterized LOC111134076	protein-coding	Symbol
LOC111134103	25	NA	NA	NA	NA	NA
LOC111134247	25	111134247	LOC111134247	tryptophan 5-hydroxylase 1-like	protein-coding	Symbol
LOC111134665	25	111134665	LOC111134665	calcium release-activated calcium channel protein 1-like	protein-coding	Symbol
LOC111134724	25	111134724	LOC111134724	solute carrier family 66 member 2-like	protein-coding	Symbol
LOC111135112	25	111135112	LOC111135112	peroxisomal membrane protein 2-like	protein-coding	Symbol
LOC111135138	25	111135138	LOC111135138	serine-enriched protein-like	protein-coding	Symbol
LOC111135308	25	111135308	LOC111135308	sn-1-specific diacylglycerol lipase ABHD11-like	protein-coding	Symbol
LOC111135430	25	111135430	LOC111135430	uncharacterized LOC111135430	protein-coding	Symbol
LOC111135488	25	111135488	LOC111135488	uncharacterized LOC111135488	protein-coding	Symbol
LOC111135598	25	111135598	LOC111135598	putative cytochrome P450 49a1	protein-coding	Symbol
LOC111135700	25	111135700	LOC111135700	hexokinase type 2-like	protein-coding	Symbol
LOC111135721	25	111135721	LOC111135721	inositol 1,4,5-trisphosphate-gated calcium channel ITPR1-like	protein-coding	Symbol
LOC111135863	25	111135863	LOC111135863	hemocyte protein-glutamine gamma-glutamyltransferase-like	protein-coding	Symbol
LOC111135869	25	111135869	LOC111135869	coactosin-like protein	protein-coding	Symbol
LOC111136052	25	111136052	LOC111136052	uncharacterized LOC111136052	protein-coding	Symbol
LOC111136713	25	111136713	LOC111136713	uncharacterized LOC111136713	protein-coding	Symbol
LOC111137118	25	111137118	LOC111137118	uncharacterized LOC111137118	protein-coding	Symbol
LOC111137341	25	111137341	LOC111137341	uncharacterized LOC111137341	protein-coding	Symbol
LOC111138482	25	111138482	LOC111138482	uncharacterized LOC111138482	protein-coding	Symbol
LOC111100154	24	111100154	LOC111100154	clathrin interactor 1-like	protein-coding	Symbol
LOC111101169	24	111101169	LOC111101169	E3 ubiquitin-protein ligase SIAH1A	protein-coding	Symbol
LOC111103167	24	111103167	LOC111103167	uncharacterized LOC111103167	protein-coding	Symbol
LOC111103799	24	111103799	LOC111103799	serine/threonine-protein kinase 33-like	protein-coding	Symbol
LOC111106504	24	111106504	LOC111106504	RNA polymerase II-associated protein 3-like	protein-coding	Symbol
LOC111108342	24	111108342	LOC111108342	UBX domain-containing protein 7-like	protein-coding	Symbol
LOC111108798	24	111108798	LOC111108798	intraflagellar transport protein 122 homolog	protein-coding	Symbol
LOC111109732	24	111109732	LOC111109732	HAUS augmin-like complex subunit 7	protein-coding	Symbol
LOC111110631	24	NA	NA	NA	NA	NA
LOC111111357	24	111111357	LOC111111357	protein FMC1 homolog	protein-coding	Symbol
LOC111118302	24	111118302	LOC111118302	uncharacterized LOC111118302	protein-coding	Symbol
LOC111119205	24	111119205	LOC111119205	protein FAM91A1-like	protein-coding	Symbol
LOC111119371	24	111119371	LOC111119371	filamin-A-like	protein-coding	Symbol
LOC111119390	24	111119390	LOC111119390	WD repeat and FYVE domain-containing protein 3-like	protein-coding	Symbol
LOC111119538	24	NA	NA	NA	NA	NA
LOC111119693	24	111119693	LOC111119693	tether containing UBX domain for GLUT4-like	protein-coding	Symbol
LOC111119712	24	111119712	LOC111119712	ras-GEF domain-containing family member 1B-like	protein-coding	Symbol
LOC111120138	24	111120138	LOC111120138	transcription factor Jun-like	protein-coding	Symbol
LOC111120899	24	111120899	LOC111120899	tyrosine--tRNA ligase, mitochondrial-like	protein-coding	Symbol
LOC111121347	24	111121347	LOC111121347	DNA primase large subunit-like	protein-coding	Symbol
LOC111121400	24	111121400	LOC111121400	DNA excision repair protein ERCC-6-like	protein-coding	Symbol
LOC111121754	24	111121754	LOC111121754	uncharacterized LOC111121754	protein-coding	Symbol
LOC111121836	24	111121836	LOC111121836	uncharacterized LOC111121836	protein-coding	Symbol
LOC111123204	24	111123204	LOC111123204	uncharacterized LOC111123204	protein-coding	Symbol
LOC111123710	24	111123710	LOC111123710	retinol dehydrogenase 7-like	protein-coding	Symbol
LOC111124652	24	111124652	LOC111124652	low molecular weight phosphotyrosine protein phosphatase-like	protein-coding	Symbol
LOC111124848	24	111124848	LOC111124848	uncharacterized LOC111124848	protein-coding	Symbol
LOC111125517	24	NA	NA	NA	NA	NA
LOC111125973	24	111125973	LOC111125973	actin, adductor muscle	protein-coding	Symbol
LOC111126129	24	111126129	LOC111126129	uncharacterized LOC111126129	protein-coding	Symbol
LOC111126227	24	111126227	LOC111126227	transcription initiation factor TFIID subunit 5-like	protein-coding	Symbol
LOC111127234	24	111127234	LOC111127234	calpain-1 catalytic subunit-like	protein-coding	Symbol
LOC111127555	24	111127555	LOC111127555	E3 ubiquitin-protein ligase CBL-B-like	protein-coding	Symbol
LOC111127953	24	111127953	LOC111127953	phosphatidate cytidylyltransferase, mitochondrial-like	protein-coding	Symbol
LOC111128906	24	111128906	LOC111128906	son of sevenless homolog 2-like	protein-coding	Symbol
LOC111130220	24	111130220	LOC111130220	kelch repeat and BTB domain-containing protein 8-like	protein-coding	Symbol
LOC111130956	24	111130956	LOC111130956	uncharacterized LOC111130956	protein-coding	Symbol
LOC111131029	24	111131029	LOC111131029	EH domain-containing protein 3-like	protein-coding	Symbol
LOC111131099	24	111131099	LOC111131099	protein unc-13 homolog B-like	protein-coding	Symbol
LOC111132058	24	111132058	LOC111132058	autophagy-related protein 16-1-like	protein-coding	Symbol
LOC111133731	24	111133731	LOC111133731	INO80 complex subunit B-like	protein-coding	Symbol
LOC111134473	24	111134473	LOC111134473	uncharacterized LOC111134473	protein-coding	Symbol
LOC111135186	24	111135186	LOC111135186	beta-1,3-galactosyltransferase brn-like	protein-coding	Symbol
LOC111135585	24	111135585	LOC111135585	von Willebrand factor A domain-containing protein 8-like	protein-coding	Symbol
LOC111135980	24	111135980	LOC111135980	centrosomal protein of 89 kDa-like	protein-coding	Symbol
LOC111136377	24	111136377	LOC111136377	E3 ubiquitin-protein ligase MIB2-like	protein-coding	Symbol
LOC111137585	24	111137585	LOC111137585	E3 ubiquitin-protein transferase MAEA-like	protein-coding	Symbol
LOC111138441	24	111138441	LOC111138441	putative GTP-binding protein 6	protein-coding	Symbol
LOC111099446	23	111099446	LOC111099446	putative serine protease K12H4.7	protein-coding	Symbol
LOC111099522	23	111099522	LOC111099522	tumor necrosis factor ligand superfamily member 14-like	protein-coding	Symbol
LOC111100044	23	NA	NA	NA	NA	NA
LOC111100875	23	NA	NA	NA	NA	NA
LOC111101440	23	111101440	LOC111101440	Golgi SNAP receptor complex member 2-like	protein-coding	Symbol
LOC111102357	23	111102357	LOC111102357	methylosome protein WDR77-like	protein-coding	Symbol
LOC111103288	23	111103288	LOC111103288	transmembrane protein 101-like	protein-coding	Symbol
LOC111104168	23	111104168	LOC111104168	uncharacterized LOC111104168	protein-coding	Symbol
LOC111104419	23	111104419	LOC111104419	putative U3 small nucleolar RNA-associated protein 11	protein-coding	Symbol
LOC111105816	23	111105816	LOC111105816	protein cereblon-like	protein-coding	Symbol
LOC111107728	23	111107728	LOC111107728	ubiquitin thioesterase OTU1 pseudogene	pseudo	Symbol
LOC111108043	23	111108043	LOC111108043	regulator of nonsense transcripts 2-like	protein-coding	Symbol
LOC111108609	23	111108609	LOC111108609	coatomer subunit gamma-2-like	protein-coding	Symbol
LOC111108878	23	111108878	LOC111108878	uncharacterized LOC111108878	protein-coding	Symbol
LOC111110487	23	NA	NA	NA	NA	NA
LOC111111392	23	NA	NA	NA	NA	NA
LOC111111568	23	NA	NA	NA	NA	NA
LOC111112596	23	111112596	LOC111112596	bcl-2-like protein 1	protein-coding	Symbol
LOC111112909	23	111112909	LOC111112909	peptidyl-prolyl cis-trans isomerase FKBP4-like	protein-coding	Symbol
LOC111113071	23	NA	NA	NA	NA	NA
LOC111113165	23	111113165	LOC111113165	uncharacterized LOC111113165	protein-coding	Symbol
LOC111115087	23	111115087	LOC111115087	prostatic acid phosphatase-like	protein-coding	Symbol
LOC111115718	23	111115718	LOC111115718	uncharacterized LOC111115718	protein-coding	Symbol
LOC111117406	23	NA	NA	NA	NA	NA
LOC111118497	23	111118497	LOC111118497	cAMP-dependent protein kinase catalytic subunit 1	protein-coding	Symbol
LOC111119022	23	NA	NA	NA	NA	NA
LOC111119487	23	111119487	LOC111119487	ragulator complex protein LAMTOR3-A-like	protein-coding	Symbol
LOC111119553	23	NA	NA	NA	NA	NA
LOC111119746	23	111119746	LOC111119746	glycine dehydrogenase (decarboxylating), mitochondrial-like	protein-coding	Symbol
LOC111119813	23	NA	NA	NA	NA	NA
LOC111120652	23	111120652	LOC111120652	AP-4 complex accessory subunit Tepsin-like	protein-coding	Symbol
LOC111120696	23	111120696	LOC111120696	tRNA selenocysteine 1-associated protein 1-like	protein-coding	Symbol
LOC111121262	23	111121262	LOC111121262	solute carrier family 15 member 1-like	protein-coding	Symbol
LOC111121540	23	111121540	LOC111121540	uncharacterized LOC111121540	protein-coding	Symbol
LOC111121589	23	111121589	LOC111121589	tax1-binding protein 3 homolog	protein-coding	Symbol
LOC111121635	23	111121635	LOC111121635	dynein axonemal assembly factor 6-like	protein-coding	Symbol
LOC111124551	23	111124551	LOC111124551	uncharacterized LOC111124551	protein-coding	Symbol
LOC111124588	23	111124588	LOC111124588	alpha-1,3-mannosyl-glycoprotein 4-beta-N-acetylglucosaminyltransferase B-like	protein-coding	Symbol
LOC111125090	23	111125090	LOC111125090	DNA-directed RNA polymerase I subunit RPA49-like	protein-coding	Symbol
LOC111125190	23	111125190	LOC111125190	uncharacterized LOC111125190	protein-coding	Symbol
LOC111126134	23	111126134	LOC111126134	kinesin-like protein KIF3A	protein-coding	Symbol
LOC111127827	23	111127827	LOC111127827	protein YIF1B-B-like	protein-coding	Symbol
LOC111128552	23	111128552	LOC111128552	uncharacterized LOC111128552	protein-coding	Symbol
LOC111129280	23	111129280	LOC111129280	bifunctional peptidase and (3S)-lysyl hydroxylase JMJD7-like	protein-coding	Symbol
LOC111129351	23	111129351	LOC111129351	secretory carrier-associated membrane protein 1-like	protein-coding	Symbol
LOC111129556	23	111129556	LOC111129556	nephrocystin-1-like	protein-coding	Symbol
LOC111129862	23	111129862	LOC111129862	tubulin-specific chaperone E-like	protein-coding	Symbol
LOC111129865	23	NA	NA	NA	NA	NA
LOC111130427	23	111130427	LOC111130427	uncharacterized LOC111130427	protein-coding	Symbol
LOC111130533	23	111130533	LOC111130533	ATP synthase subunit s, mitochondrial-like	protein-coding	Symbol
LOC111130647	23	NA	NA	NA	NA	NA
LOC111130950	23	111130950	LOC111130950	structure-specific endonuclease subunit slx1-like	protein-coding	Symbol
LOC111131230	23	111131230	LOC111131230	elongation factor-like GTPase 1	protein-coding	Symbol
LOC111132069	23	111132069	LOC111132069	uncharacterized LOC111132069	protein-coding	Symbol
LOC111132309	23	111132309	LOC111132309	GATOR2 complex protein WDR59-like	protein-coding	Symbol
LOC111132383	23	111132383	LOC111132383	recombining binding protein suppressor of hairless-like	protein-coding	Symbol
LOC111132530	23	NA	NA	NA	NA	NA
LOC111132576	23	NA	NA	NA	NA	NA
LOC111133017	23	111133017	LOC111133017	BPTF-associated chromatin complex component 1-like	protein-coding	Symbol
LOC111133041	23	111133041	LOC111133041	mpv17-like protein	protein-coding	Symbol
LOC111133388	23	111133388	LOC111133388	signal transducing adapter molecule 2-like	protein-coding	Symbol
LOC111134069	23	111134069	LOC111134069	uncharacterized LOC111134069	protein-coding	Symbol
LOC111134350	23	111134350	LOC111134350	breast cancer anti-estrogen resistance protein 1-like	protein-coding	Symbol
LOC111135290	23	111135290	LOC111135290	glycogen [starch] synthase-like	protein-coding	Symbol
LOC111135401	23	111135401	LOC111135401	uncharacterized LOC111135401	protein-coding	Symbol
LOC111136048	23	111136048	LOC111136048	branched-chain alpha-ketoacid dehydrogenase kinase-like	protein-coding	Symbol
LOC111136594	23	111136594	LOC111136594	putative N-acetylated-alpha-linked acidic dipeptidase	protein-coding	Symbol
LOC111136706	23	111136706	LOC111136706	tetraspanin-7-like	protein-coding	Symbol
LOC111136887	23	111136887	LOC111136887	nonsense-mediated mRNA decay factor SMG8-like	protein-coding	Symbol
LOC111136953	23	111136953	LOC111136953	uncharacterized LOC111136953	protein-coding	Symbol
LOC111137181	23	111137181	LOC111137181	myb-binding protein 1A-like protein	protein-coding	Symbol
LOC111137182	23	111137182	LOC111137182	uncharacterized LOC111137182	protein-coding	Symbol
LOC111137417	23	111137417	LOC111137417	CXXC motif containing zinc binding protein-like	protein-coding	Symbol
LOC111138126	23	111138126	LOC111138126	DNA ligase 3-like	protein-coding	Symbol
LOC111138463	23	111138463	LOC111138463	thioredoxin-like protein 4A	protein-coding	Symbol
LOC111099115	22	111099115	LOC111099115	GPI-anchor transamidase component PIGT-like	protein-coding	Symbol
LOC111099511	22	111099511	LOC111099511	GPI-N-acetylgalactosamine transferase PGAP4-like	protein-coding	Symbol
LOC111100477	22	111100477	LOC111100477	diacylglycerol kinase theta-like	protein-coding	Symbol
LOC111101050	22	111101050	LOC111101050	1-phosphatidylinositol 4,5-bisphosphate phosphodiesterase delta-1-like	protein-coding	Symbol
LOC111101819	22	111101819	LOC111101819	uncharacterized LOC111101819	protein-coding	Symbol
LOC111102183	22	111102183	LOC111102183	armadillo repeat-containing protein 6-like	protein-coding	Symbol
LOC111105529	22	111105529	LOC111105529	IST1 homolog	protein-coding	Symbol
LOC111107234	22	NA	NA	NA	NA	NA
LOC111109620	22	111109620	LOC111109620	uncharacterized LOC111109620	protein-coding	Symbol
LOC111110421	22	111110421	LOC111110421	solute carrier family 41 member 1-like	protein-coding	Symbol
LOC111112947	22	111112947	LOC111112947	DNA-directed RNA polymerase I subunit RPA2-like	protein-coding	Symbol
LOC111114242	22	NA	NA	NA	NA	NA
LOC111114696	22	111114696	LOC111114696	uncharacterized LOC111114696	protein-coding	Symbol
LOC111115926	22	111115926	LOC111115926	uncharacterized LOC111115926	protein-coding	Symbol
LOC111116102	22	111116102	LOC111116102	uncharacterized LOC111116102	protein-coding	Symbol
LOC111119328	22	111119328	LOC111119328	E3 ubiquitin-protein ligase MARCHF2-like	protein-coding	Symbol
LOC111119704	22	111119704	LOC111119704	uncharacterized LOC111119704	protein-coding	Symbol
LOC111119769	22	111119769	LOC111119769	receptor-type tyrosine-protein phosphatase kappa-like	protein-coding	Symbol
LOC111119830	22	111119830	LOC111119830	phospholipid-transporting ATPase ABCA3-like	protein-coding	Symbol
LOC111119940	22	111119940	LOC111119940	histone acetyltransferase KAT8-like	protein-coding	Symbol
LOC111120092	22	111120092	LOC111120092	double-strand break repair protein MRE11-like	protein-coding	Symbol
LOC111120142	22	NA	NA	NA	NA	NA
LOC111120675	22	111120675	LOC111120675	fascin-like	protein-coding	Symbol
LOC111120798	22	NA	NA	NA	NA	NA
LOC111122535	22	111122535	LOC111122535	protein SDA1 homolog	protein-coding	Symbol
LOC111122811	22	NA	NA	NA	NA	NA
LOC111122995	22	111122995	LOC111122995	sorting nexin-5-like	protein-coding	Symbol
LOC111123207	22	111123207	LOC111123207	disco-interacting protein 2 homolog C-like	protein-coding	Symbol
LOC111123748	22	111123748	LOC111123748	adenylate cyclase type 9-like	protein-coding	Symbol
LOC111123837	22	111123837	LOC111123837	uncharacterized LOC111123837	protein-coding	Symbol
LOC111123850	22	111123850	LOC111123850	FIGNL1-interacting regulator of recombination and mitosis-like	protein-coding	Symbol
LOC111123901	22	111123901	LOC111123901	uncharacterized LOC111123901	protein-coding	Symbol
LOC111124265	22	111124265	LOC111124265	tubulin beta chain-like	protein-coding	Symbol
LOC111124699	22	111124699	LOC111124699	ELAV-like protein 2	protein-coding	Symbol
LOC111125807	22	111125807	LOC111125807	MBT domain-containing protein 1-like	protein-coding	Symbol
LOC111127936	22	111127936	LOC111127936	nucleobindin-2-like	protein-coding	Symbol
LOC111128184	22	111128184	LOC111128184	ubiquitin-conjugating enzyme E2 Q2-like	protein-coding	Symbol
LOC111129158	22	111129158	LOC111129158	uncharacterized LOC111129158	protein-coding	Symbol
LOC111129284	22	111129284	LOC111129284	scavenger receptor cysteine-rich domain-containing protein DMBT1-like	protein-coding	Symbol
LOC111129591	22	111129591	LOC111129591	adhesion G-protein coupled receptor F1-like	protein-coding	Symbol
LOC111129792	22	NA	NA	NA	NA	NA
LOC111130568	22	111130568	LOC111130568	chromosome-associated kinesin KIF4-like	protein-coding	Symbol
LOC111130652	22	NA	NA	NA	NA	NA
LOC111131160	22	111131160	LOC111131160	DNA polymerase kappa-like	protein-coding	Symbol
LOC111132479	22	111132479	LOC111132479	uncharacterized LOC111132479	protein-coding	Symbol
LOC111133033	22	111133033	LOC111133033	eukaryotic translation initiation factor 2A-like	protein-coding	Symbol
LOC111133174	22	111133174	LOC111133174	lipase maturation factor 1-like	protein-coding	Symbol
LOC111134337	22	111134337	LOC111134337	V-type proton ATPase subunit H-like	protein-coding	Symbol
LOC111134810	22	111134810	LOC111134810	aspartate aminotransferase, cytoplasmic-like	protein-coding	Symbol
LOC111135318	22	NA	NA	NA	NA	NA
LOC111135323	22	111135323	LOC111135323	uncharacterized LOC111135323	protein-coding	Symbol
LOC111135419	22	111135419	LOC111135419	peroxisomal targeting signal 1 receptor-like	protein-coding	Symbol
LOC111135889	22	111135889	LOC111135889	uncharacterized LOC111135889	protein-coding	Symbol
LOC111136727	22	111136727	LOC111136727	EKC/KEOPS complex subunit TP53RK-like	protein-coding	Symbol
LOC111099585	21	111099585	LOC111099585	lys-63-specific deubiquitinase BRCC36-like	protein-coding	Symbol
LOC111100273	21	111100273	LOC111100273	uncharacterized LOC111100273	protein-coding	Symbol
LOC111100723	21	111100723	LOC111100723	uncharacterized LOC111100723	protein-coding	Symbol
LOC111103061	21	111103061	LOC111103061	centrosomal protein of 85 kDa-like	protein-coding	Symbol
LOC111103629	21	111103629	LOC111103629	nucleolar pre-ribosomal-associated protein 1-like	protein-coding	Symbol
LOC111105967	21	NA	NA	NA	NA	NA
LOC111108184	21	111108184	LOC111108184	long-chain specific acyl-CoA dehydrogenase, mitochondrial-like	protein-coding	Symbol
LOC111108767	21	111108767	LOC111108767	replication factor C subunit 1-like	protein-coding	Symbol
LOC111109854	21	111109854	LOC111109854	ATP-binding cassette sub-family F member 1-like	protein-coding	Symbol
LOC111112599	21	111112599	LOC111112599	uncharacterized LOC111112599	protein-coding	Symbol
LOC111112605	21	111112605	LOC111112605	talin-1-like	protein-coding	Symbol
LOC111113040	21	NA	NA	NA	NA	NA
LOC111114203	21	111114203	LOC111114203	uncharacterized LOC111114203	protein-coding	Symbol
LOC111114904	21	NA	NA	NA	NA	NA
LOC111115422	21	111115422	LOC111115422	uncharacterized LOC111115422	pseudo	Symbol
LOC111115726	21	111115726	LOC111115726	calcitonin gene-related peptide type 1 receptor-like	protein-coding	Symbol
LOC111115944	21	NA	NA	NA	NA	NA
LOC111116042	21	111116042	LOC111116042	uncharacterized LOC111116042	protein-coding	Symbol
LOC111117044	21	111117044	LOC111117044	colorectal mutant cancer protein-like	protein-coding	Symbol
LOC111117389	21	111117389	LOC111117389	uncharacterized LOC111117389	pseudo	Symbol
LOC111118089	21	111118089	LOC111118089	elongator complex protein 3	protein-coding	Symbol
LOC111118139	21	111118139	LOC111118139	diphosphoinositol polyphosphate phosphohydrolase 1-like	protein-coding	Symbol
LOC111118444	21	111118444	LOC111118444	growth arrest and DNA damage-inducible protein GADD45 beta-like	protein-coding	Symbol
LOC111119114	21	111119114	LOC111119114	progestin and adipoQ receptor family member 3-like	protein-coding	Symbol
LOC111119157	21	111119157	LOC111119157	uncharacterized LOC111119157	protein-coding	Symbol
LOC111119527	21	111119527	LOC111119527	protein mono-ADP-ribosyltransferase PARP12-like	protein-coding	Symbol
LOC111120770	21	111120770	LOC111120770	2-iminobutanoate/2-iminopropanoate deaminase-like	protein-coding	Symbol
LOC111120855	21	111120855	LOC111120855	HBS1-like protein	protein-coding	Symbol
LOC111120907	21	111120907	LOC111120907	uncharacterized LOC111120907	protein-coding	Symbol
LOC111121097	21	111121097	LOC111121097	dual adapter for phosphotyrosine and 3-phosphotyrosine and 3-phosphoinositide-like	protein-coding	Symbol
LOC111121130	21	111121130	LOC111121130	RNA 3'-terminal phosphate cyclase-like protein	protein-coding	Symbol
LOC111121217	21	111121217	LOC111121217	ribosome biogenesis protein BMS1 homolog	protein-coding	Symbol
LOC111121294	21	111121294	LOC111121294	uncharacterized LOC111121294	protein-coding	Symbol
LOC111122059	21	111122059	LOC111122059	uncharacterized LOC111122059	protein-coding	Symbol
LOC111122162	21	111122162	LOC111122162	uncharacterized LOC111122162	protein-coding	Symbol
LOC111122985	21	111122985	LOC111122985	uncharacterized LOC111122985	protein-coding	Symbol
LOC111123101	21	111123101	LOC111123101	uncharacterized LOC111123101	protein-coding	Symbol
LOC111123421	21	111123421	LOC111123421	TLC domain-containing protein 5-like	protein-coding	Symbol
LOC111124106	21	NA	NA	NA	NA	NA
LOC111124549	21	111124549	LOC111124549	uncharacterized LOC111124549	protein-coding	Symbol
LOC111124917	21	111124917	LOC111124917	oxysterol-binding protein-related protein 6-like	protein-coding	Symbol
LOC111125011	21	111125011	LOC111125011	F-box/LRR-repeat protein 3-like	protein-coding	Symbol
LOC111125464	21	111125464	LOC111125464	homeobox protein Dlx6a-like	protein-coding	Symbol
LOC111125986	21	111125986	LOC111125986	negative elongation factor E-like	protein-coding	Symbol
LOC111126215	21	111126215	LOC111126215	uncharacterized LOC111126215	protein-coding	Symbol
LOC111127323	21	111127323	LOC111127323	dihydrolipoyllysine-residue acetyltransferase component of pyruvate dehydrogenase complex, mitochondrial-like	protein-coding	Symbol
LOC111127513	21	111127513	LOC111127513	peroxiredoxin-6-like	protein-coding	Symbol
LOC111128248	21	111128248	LOC111128248	S1 RNA-binding domain-containing protein 1-like	protein-coding	Symbol
LOC111128435	21	111128435	LOC111128435	uncharacterized LOC111128435	protein-coding	Symbol
LOC111128864	21	NA	NA	NA	NA	NA
LOC111129919	21	111129919	LOC111129919	conserved oligomeric Golgi complex subunit 2-like	protein-coding	Symbol
LOC111130071	21	NA	NA	NA	NA	NA
LOC111130073	21	111130073	LOC111130073	uncharacterized LOC111130073	protein-coding	Symbol
LOC111130354	21	111130354	LOC111130354	uncharacterized LOC111130354	protein-coding	Symbol
LOC111130694	21	NA	NA	NA	NA	NA
LOC111130908	21	111130908	LOC111130908	acid phosphatase type 7-like	protein-coding	Symbol
LOC111130929	21	111130929	LOC111130929	epoxide hydrolase 4-like	protein-coding	Symbol
LOC111131591	21	111131591	LOC111131591	protein bark beetle-like	protein-coding	Symbol
LOC111131837	21	NA	NA	NA	NA	NA
LOC111131845	21	111131845	LOC111131845	uncharacterized LOC111131845	protein-coding	Symbol
LOC111132139	21	111132139	LOC111132139	selenocysteine lyase-like	protein-coding	Symbol
LOC111132955	21	111132955	LOC111132955	active breakpoint cluster region-related protein-like	protein-coding	Symbol
LOC111133051	21	NA	NA	NA	NA	NA
LOC111134341	21	111134341	LOC111134341	protein FAN-like	protein-coding	Symbol
LOC111134594	21	111134594	LOC111134594	nucleolar complex protein 2 homolog	protein-coding	Symbol
LOC111134728	21	111134728	LOC111134728	clustered mitochondria protein homolog	protein-coding	Symbol
LOC111134770	21	111134770	LOC111134770	HEAT repeat-containing protein 6-like	protein-coding	Symbol
LOC111134859	21	111134859	LOC111134859	ileal sodium/bile acid cotransporter-like	protein-coding	Symbol
LOC111135557	21	111135557	LOC111135557	phosphatidylinositol 4,5-bisphosphate 3-kinase catalytic subunit	protein-coding	Symbol
LOC111135797	21	111135797	LOC111135797	fas apoptotic inhibitory molecule 1-like	protein-coding	Symbol
LOC111136139	21	111136139	LOC111136139	rhophilin-1-like	protein-coding	Symbol
LOC111136167	21	111136167	LOC111136167	heat shock 70 kDa protein 12A-like	protein-coding	Symbol
LOC111136321	21	111136321	LOC111136321	uncharacterized LOC111136321	pseudo	Symbol
LOC111137641	21	111137641	LOC111137641	suppressor of cytokine signaling 4-like	protein-coding	Symbol
LOC111138039	21	111138039	LOC111138039	small integral membrane protein 14-like	protein-coding	Symbol
LOC111138348	21	111138348	LOC111138348	tetratricopeptide repeat protein 1-like	protein-coding	Symbol
LOC111138488	21	111138488	LOC111138488	hsp70-binding protein 1-like	protein-coding	Symbol
LOC111099427	20	111099427	LOC111099427	ectonucleoside triphosphate diphosphohydrolase 8-like	protein-coding	Symbol
LOC111100187	20	111100187	LOC111100187	pseudouridine-5'-phosphatase-like	protein-coding	Symbol
LOC111100625	20	NA	NA	NA	NA	NA
LOC111100645	20	111100645	LOC111100645	intraflagellar transport protein 81 homolog	protein-coding	Symbol
LOC111100802	20	111100802	LOC111100802	uncharacterized LOC111100802	protein-coding	Symbol
LOC111101512	20	NA	NA	NA	NA	NA
LOC111102805	20	111102805	LOC111102805	calcyphosin-2-like	protein-coding	Symbol
LOC111103611	20	111103611	LOC111103611	G1/S-specific cyclin-D2-like	protein-coding	Symbol
LOC111106426	20	111106426	LOC111106426	uncharacterized LOC111106426	protein-coding	Symbol
LOC111107048	20	111107048	LOC111107048	serine/threonine-protein kinase TBK1-like	protein-coding	Symbol
LOC111107779	20	111107779	LOC111107779	carnitine O-palmitoyltransferase 1, liver isoform-like	protein-coding	Symbol
LOC111109464	20	111109464	LOC111109464	large ribosomal subunit protein mL42-like	protein-coding	Symbol
LOC111109481	20	111109481	LOC111109481	F-box/LRR-repeat protein 14-like	protein-coding	Symbol
LOC111109564	20	111109564	LOC111109564	DNA replication licensing factor mcm2-like	protein-coding	Symbol
LOC111112842	20	111112842	LOC111112842	uncharacterized LOC111112842	protein-coding	Symbol
LOC111115920	20	111115920	LOC111115920	uncharacterized LOC111115920	protein-coding	Symbol
LOC111118110	20	111118110	LOC111118110	high-affinity choline transporter 1-like	protein-coding	Symbol
LOC111118943	20	111118943	LOC111118943	uncharacterized LOC111118943	protein-coding	Symbol
LOC111119013	20	NA	NA	NA	NA	NA
LOC111119187	20	111119187	LOC111119187	CYFIP-related Rac1 interactor B-like	protein-coding	Symbol
LOC111119225	20	NA	NA	NA	NA	NA
LOC111119231	20	NA	NA	NA	NA	NA
LOC111119322	20	NA	NA	NA	NA	NA
LOC111120164	20	111120164	LOC111120164	multidrug resistance-associated protein 1-like	protein-coding	Symbol
LOC111120703	20	111120703	LOC111120703	lysosomal alpha-glucosidase-like	protein-coding	Symbol
LOC111121018	20	NA	NA	NA	NA	NA
LOC111121380	20	111121380	LOC111121380	glutaryl-CoA dehydrogenase, mitochondrial-like	protein-coding	Symbol
LOC111121719	20	111121719	LOC111121719	aconitate hydratase, mitochondrial-like	protein-coding	Symbol
LOC111122291	20	111122291	LOC111122291	synaptotagmin-15-like	protein-coding	Symbol
LOC111122316	20	111122316	LOC111122316	uncharacterized LOC111122316	protein-coding	Symbol
LOC111122994	20	111122994	LOC111122994	uncharacterized LOC111122994	protein-coding	Symbol
LOC111123975	20	111123975	LOC111123975	protein SCAI-like	protein-coding	Symbol
LOC111124391	20	NA	NA	NA	NA	NA
LOC111124899	20	111124899	LOC111124899	uncharacterized LOC111124899	protein-coding	Symbol
LOC111126125	20	111126125	LOC111126125	tetraspanin-13-like	protein-coding	Symbol
LOC111126314	20	111126314	LOC111126314	kelch-like protein diablo	protein-coding	Symbol
LOC111126564	20	111126564	LOC111126564	uncharacterized LOC111126564	protein-coding	Symbol
LOC111127094	20	111127094	LOC111127094	exocyst complex component 3-like	protein-coding	Symbol
LOC111127126	20	111127126	LOC111127126	heat shock 70 kDa protein 12B-like	protein-coding	Symbol
LOC111127217	20	111127217	LOC111127217	electron transfer flavoprotein-ubiquinone oxidoreductase, mitochondrial-like	protein-coding	Symbol
LOC111127318	20	NA	NA	NA	NA	NA
LOC111127906	20	111127906	LOC111127906	unconventional myosin heavy chain 6-like	protein-coding	Symbol
LOC111127929	20	NA	NA	NA	NA	NA
LOC111128212	20	111128212	LOC111128212	WD repeat-containing protein 81-like	protein-coding	Symbol
LOC111128721	20	111128721	LOC111128721	uncharacterized LOC111128721	protein-coding	Symbol
LOC111129644	20	111129644	LOC111129644	uncharacterized LOC111129644	protein-coding	Symbol
LOC111129734	20	111129734	LOC111129734	uncharacterized LOC111129734	protein-coding	Symbol
LOC111129877	20	111129877	LOC111129877	disheveled-associated activator of morphogenesis 2-like	protein-coding	Symbol
LOC111130167	20	111130167	LOC111130167	uncharacterized LOC111130167	protein-coding	Symbol
LOC111130181	20	111130181	LOC111130181	mediator of RNA polymerase II transcription subunit 27-like	protein-coding	Symbol
LOC111130277	20	NA	NA	NA	NA	NA
LOC111130538	20	111130538	LOC111130538	uncharacterized LOC111130538	protein-coding	Symbol
LOC111130875	20	111130875	LOC111130875	histone acetyltransferase KAT5-like	protein-coding	Symbol
LOC111131031	20	111131031	LOC111131031	protein yippee-like 5	protein-coding	Symbol
LOC111131170	20	111131170	LOC111131170	retinol dehydrogenase 12-like	protein-coding	Symbol
LOC111131406	20	111131406	LOC111131406	RNA-binding protein Nova-1-like	protein-coding	Symbol
LOC111132232	20	111132232	LOC111132232	CST complex subunit STN1-like	protein-coding	Symbol
LOC111132341	20	111132341	LOC111132341	uncharacterized LOC111132341	protein-coding	Symbol
LOC111133341	20	111133341	LOC111133341	integrator complex subunit 8-like	protein-coding	Symbol
LOC111133592	20	111133592	LOC111133592	ras-related protein Rab-32-like	protein-coding	Symbol
LOC111135069	20	111135069	LOC111135069	transmembrane protein 132C-like	protein-coding	Symbol
LOC111135236	20	111135236	LOC111135236	diacylglycerol O-acyltransferase 1-like	protein-coding	Symbol
LOC111135950	20	111135950	LOC111135950	protein spinster homolog 1-like	protein-coding	Symbol
LOC111135972	20	111135972	LOC111135972	FHF complex subunit HOOK interacting protein 2A-like	protein-coding	Symbol
LOC111136368	20	NA	NA	NA	NA	NA
LOC111136507	20	111136507	LOC111136507	integrator complex subunit 6-like	protein-coding	Symbol
LOC111136509	20	111136509	LOC111136509	proline-, glutamic acid- and leucine-rich protein 1-like	protein-coding	Symbol
LOC111136571	20	111136571	LOC111136571	dolichyl-diphosphooligosaccharide--protein glycosyltransferase subunit STT3B-like	protein-coding	Symbol
LOC111136604	20	NA	NA	NA	NA	NA
LOC111136897	20	111136897	LOC111136897	uncharacterized LOC111136897	protein-coding	Symbol
LOC111138012	20	111138012	LOC111138012	PAX-interacting protein 1-like	protein-coding	Symbol
LOC111138233	20	111138233	LOC111138233	uncharacterized LOC111138233	protein-coding	Symbol
LOC111099300	19	111099300	LOC111099300	translation initiation factor eIF2B subunit delta-like	protein-coding	Symbol
LOC111099854	19	NA	NA	NA	NA	NA
LOC111100339	19	111100339	LOC111100339	Fanconi anemia group I protein-like	protein-coding	Symbol
LOC111100547	19	NA	NA	NA	NA	NA
LOC111101223	19	NA	NA	NA	NA	NA
LOC111102676	19	111102676	LOC111102676	NADP-dependent malic enzyme-like	protein-coding	Symbol
LOC111103873	19	111103873	LOC111103873	coiled-coil domain-containing protein 81-like	protein-coding	Symbol
LOC111106189	19	111106189	LOC111106189	protein deacetylase HDAC6-like	protein-coding	Symbol
LOC111107222	19	111107222	LOC111107222	uncharacterized LOC111107222	protein-coding	Symbol
LOC111108534	19	111108534	LOC111108534	protein DENND6A-like	protein-coding	Symbol
LOC111110381	19	111110381	LOC111110381	gelsolin-like protein 2	protein-coding	Symbol
LOC111111296	19	111111296	LOC111111296	dnaJ homolog subfamily C member 1-like	protein-coding	Symbol
LOC111112572	19	111112572	LOC111112572	uncharacterized LOC111112572	protein-coding	Symbol
LOC111112952	19	111112952	LOC111112952	integrin beta-2-like	protein-coding	Symbol
LOC111114902	19	NA	NA	NA	NA	NA
LOC111116379	19	111116379	LOC111116379	uncharacterized LOC111116379	protein-coding	Symbol
LOC111116427	19	NA	NA	NA	NA	NA
LOC111116844	19	111116844	LOC111116844	uncharacterized LOC111116844	protein-coding	Symbol
LOC111117059	19	111117059	LOC111117059	uncharacterized LOC111117059	protein-coding	Symbol
LOC111117364	19	111117364	LOC111117364	uncharacterized LOC111117364	protein-coding	Symbol
LOC111117969	19	111117969	LOC111117969	peroxisomal membrane protein PEX16-like	protein-coding	Symbol
LOC111119555	19	111119555	LOC111119555	uncharacterized LOC111119555	protein-coding	Symbol
LOC111119909	19	111119909	LOC111119909	DNA-directed RNA polymerase III subunit RPC1-like	protein-coding	Symbol
LOC111120066	19	111120066	LOC111120066	short-chain dehydrogenase/reductase family 42E member 1-like	protein-coding	Symbol
LOC111120889	19	111120889	LOC111120889	transcription factor Sox-11-B-like	protein-coding	Symbol
LOC111121273	19	111121273	LOC111121273	3'-5' exoribonuclease HELZ2-like	protein-coding	Symbol
LOC111121279	19	NA	NA	NA	NA	NA
LOC111121902	19	NA	NA	NA	NA	NA
LOC111122524	19	111122524	LOC111122524	NEDD8-conjugating enzyme UBE2F-like	protein-coding	Symbol
LOC111122833	19	111122833	LOC111122833	uncharacterized LOC111122833	protein-coding	Symbol
LOC111123988	19	111123988	LOC111123988	alpha-aspartyl dipeptidase-like	protein-coding	Symbol
LOC111124390	19	NA	NA	NA	NA	NA
LOC111124726	19	NA	NA	NA	NA	NA
LOC111125060	19	111125060	LOC111125060	uncharacterized LOC111125060	protein-coding	Symbol
LOC111125280	19	111125280	LOC111125280	uncharacterized LOC111125280	protein-coding	Symbol
LOC111125815	19	111125815	LOC111125815	dnaJ homolog shv-like	protein-coding	Symbol
LOC111126156	19	111126156	LOC111126156	N(G),N(G)-dimethylarginine dimethylaminohydrolase 1-like	protein-coding	Symbol
LOC111127779	19	111127779	LOC111127779	ADP-dependent glucokinase-like	protein-coding	Symbol
LOC111127986	19	111127986	LOC111127986	protein fem-1 homolog B-like	protein-coding	Symbol
LOC111129339	19	111129339	LOC111129339	uncharacterized LOC111129339	protein-coding	Symbol
LOC111130425	19	111130425	LOC111130425	5'-3' exonuclease PLD3-like	protein-coding	Symbol
LOC111130963	19	111130963	LOC111130963	uncharacterized LOC111130963	protein-coding	Symbol
LOC111131171	19	111131171	LOC111131171	retinol dehydrogenase 13-like	protein-coding	Symbol
LOC111131654	19	111131654	LOC111131654	46 kDa FK506-binding nuclear protein-like	protein-coding	Symbol
LOC111132481	19	NA	NA	NA	NA	NA
LOC111133170	19	111133170	LOC111133170	T-cell activation inhibitor, mitochondrial-like	protein-coding	Symbol
LOC111133504	19	111133504	LOC111133504	pseudouridylate synthase 1 homolog	protein-coding	Symbol
LOC111133716	19	111133716	LOC111133716	vacuolar ATPase assembly protein VMA12-like	protein-coding	Symbol
LOC111134392	19	111134392	LOC111134392	zinc finger protein 236-like	protein-coding	Symbol
LOC111134692	19	111134692	LOC111134692	leydig cell tumor 10 kDa protein homolog	protein-coding	Symbol
LOC111135243	19	111135243	LOC111135243	trafficking protein particle complex subunit 11-like	protein-coding	Symbol
LOC111135254	19	111135254	LOC111135254	heat shock factor protein-like	protein-coding	Symbol
LOC111135668	19	111135668	LOC111135668	MKRN2 opposite strand protein-like	protein-coding	Symbol
LOC111135873	19	111135873	LOC111135873	uncharacterized LOC111135873	protein-coding	Symbol
LOC111136400	19	111136400	LOC111136400	tetraspanin-33-like	protein-coding	Symbol
LOC111136406	19	111136406	LOC111136406	YEATS domain-containing protein 4-like	protein-coding	Symbol
LOC111137764	19	111137764	LOC111137764	glycogenin-1-like	protein-coding	Symbol
LOC111137890	19	111137890	LOC111137890	noelin-3-like	protein-coding	Symbol
LOC111138268	19	111138268	LOC111138268	Fanconi anemia group A protein homolog	protein-coding	Symbol
LOC111138520	19	111138520	LOC111138520	GDP-mannose 4,6 dehydratase-like	protein-coding	Symbol
LOC111099375	18	NA	NA	NA	NA	NA
LOC111100386	18	111100386	LOC111100386	methylosome subunit pICln-like	protein-coding	Symbol
LOC111100540	18	111100540	LOC111100540	uncharacterized LOC111100540	protein-coding	Symbol
LOC111100866	18	111100866	LOC111100866	tyrosine-protein phosphatase 10D-like	protein-coding	Symbol
LOC111101216	18	111101216	LOC111101216	uncharacterized LOC111101216	protein-coding	Symbol
LOC111102262	18	NA	NA	NA	NA	NA
LOC111103307	18	111103307	LOC111103307	dehydrodolichyl diphosphate synthase complex subunit nus1-like	protein-coding	Symbol
LOC111103965	18	111103965	LOC111103965	uncharacterized LOC111103965	protein-coding	Symbol
LOC111104518	18	111104518	LOC111104518	CCR4-NOT transcription complex subunit 2-like	protein-coding	Symbol
LOC111105857	18	111105857	LOC111105857	uncharacterized LOC111105857	protein-coding	Symbol
LOC111108202	18	111108202	LOC111108202	E3 ubiquitin-protein ligase HUWE1-like	protein-coding	Symbol
LOC111108425	18	111108425	LOC111108425	DDB1- and CUL4-associated factor 1-like	protein-coding	Symbol
LOC111108443	18	111108443	LOC111108443	uncharacterized LOC111108443	protein-coding	Symbol
LOC111110128	18	NA	NA	NA	NA	NA
LOC111112886	18	111112886	LOC111112886	atos homolog protein A-like	protein-coding	Symbol
LOC111113162	18	111113162	LOC111113162	sodium-dependent glucose transporter 1A-like	protein-coding	Symbol
LOC111113299	18	NA	NA	NA	NA	NA
LOC111113328	18	111113328	LOC111113328	superoxide dismutase [Cu-Zn]-like	protein-coding	Symbol
LOC111113756	18	NA	NA	NA	NA	NA
LOC111113788	18	111113788	LOC111113788	uncharacterized LOC111113788	protein-coding	Symbol
LOC111114075	18	111114075	LOC111114075	uncharacterized LOC111114075	protein-coding	Symbol
LOC111114929	18	111114929	LOC111114929	calcitonin receptor-like	protein-coding	Symbol
LOC111117220	18	NA	NA	NA	NA	NA
LOC111117632	18	NA	NA	NA	NA	NA
LOC111118260	18	111118260	LOC111118260	pentatricopeptide repeat-containing protein 1, mitochondrial-like	protein-coding	Symbol
LOC111118509	18	NA	NA	NA	NA	NA
LOC111119027	18	NA	NA	NA	NA	NA
LOC111119105	18	111119105	LOC111119105	uncharacterized LOC111119105	protein-coding	Symbol
LOC111119163	18	111119163	LOC111119163	transforming growth factor-beta-induced protein ig-h3-like	protein-coding	Symbol
LOC111119804	18	111119804	LOC111119804	kynurenine--oxoglutarate transaminase 3-like	protein-coding	Symbol
LOC111120753	18	NA	NA	NA	NA	NA
LOC111121490	18	111121490	LOC111121490	protein sidekick-like	protein-coding	Symbol
LOC111122293	18	111122293	LOC111122293	glucosidase 2 subunit beta-like	protein-coding	Symbol
LOC111122689	18	111122689	LOC111122689	centrosome-associated protein 350-like	protein-coding	Symbol
LOC111123240	18	111123240	LOC111123240	E3 ubiquitin-protein ligase LRSAM1-like	protein-coding	Symbol
LOC111123744	18	111123744	LOC111123744	metallophosphoesterase MPPED2-like	protein-coding	Symbol
LOC111123747	18	111123747	LOC111123747	C-Jun-amino-terminal kinase-interacting protein 4-like	protein-coding	Symbol
LOC111124614	18	111124614	LOC111124614	Golgi pH regulator-like	protein-coding	Symbol
LOC111124802	18	111124802	LOC111124802	uncharacterized LOC111124802	protein-coding	Symbol
LOC111125534	18	111125534	LOC111125534	kalirin-like	protein-coding	Symbol
LOC111125847	18	111125847	LOC111125847	uncharacterized LOC111125847	protein-coding	Symbol
LOC111125853	18	111125853	LOC111125853	ubiquitin-fold modifier-conjugating enzyme 1	protein-coding	Symbol
LOC111125868	18	111125868	LOC111125868	DNA repair protein XRCC2-like	protein-coding	Symbol
LOC111126127	18	111126127	LOC111126127	PDZ domain-containing protein 11-like	protein-coding	Symbol
LOC111126381	18	111126381	LOC111126381	inositol polyphosphate-4-phosphatase type I A-like	protein-coding	Symbol
LOC111126525	18	111126525	LOC111126525	choline transporter-like protein 2	protein-coding	Symbol
LOC111127228	18	NA	NA	NA	NA	NA
LOC111127814	18	111127814	LOC111127814	dual specificity protein phosphatase 12-like	protein-coding	Symbol
LOC111127886	18	111127886	LOC111127886	vesicular glutamate transporter 2.2-like	protein-coding	Symbol
LOC111128327	18	111128327	LOC111128327	3-hydroxy-3-methylglutaryl-coenzyme A reductase-like	protein-coding	Symbol
LOC111128361	18	NA	NA	NA	NA	NA
LOC111129300	18	111129300	LOC111129300	5'-AMP-activated protein kinase subunit beta-2-like	protein-coding	Symbol
LOC111129413	18	111129413	LOC111129413	uncharacterized LOC111129413	protein-coding	Symbol
LOC111129670	18	111129670	LOC111129670	uncharacterized LOC111129670	protein-coding	Symbol
LOC111129959	18	111129959	LOC111129959	maleylacetoacetate isomerase-like	protein-coding	Symbol
LOC111130350	18	NA	NA	NA	NA	NA
LOC111130794	18	111130794	LOC111130794	phytanoyl-CoA dioxygenase domain-containing protein 1 homolog	protein-coding	Symbol
LOC111131676	18	111131676	LOC111131676	allene oxide synthase-lipoxygenase protein-like	protein-coding	Symbol
LOC111132055	18	111132055	LOC111132055	RNA-binding protein NOB1-like	protein-coding	Symbol
LOC111132088	18	111132088	LOC111132088	mitochondrial ribonuclease P catalytic subunit-like	protein-coding	Symbol
LOC111133006	18	111133006	LOC111133006	centrosomal protein of 290 kDa-like	protein-coding	Symbol
LOC111133036	18	111133036	LOC111133036	carbonic anhydrase-related protein-like	protein-coding	Symbol
LOC111133890	18	111133890	LOC111133890	bolA-like protein 2	protein-coding	Symbol
LOC111133973	18	111133973	LOC111133973	putative Na(+)/H(+) antiporter nhx-9	protein-coding	Symbol
LOC111134863	18	111134863	LOC111134863	putative tRNA N6-adenosine threonylcarbamoyltransferase	protein-coding	Symbol
LOC111134944	18	111134944	LOC111134944	regulatory factor X 4-like	protein-coding	Symbol
LOC111134997	18	111134997	LOC111134997	aldehyde dehydrogenase family 3 member B1-like	protein-coding	Symbol
LOC111135094	18	111135094	LOC111135094	tricarboxylate transport protein, mitochondrial-like	protein-coding	Symbol
LOC111135165	18	111135165	LOC111135165	mediator of RNA polymerase II transcription subunit 15-like	protein-coding	Symbol
LOC111135498	18	111135498	LOC111135498	uncharacterized LOC111135498	protein-coding	Symbol
LOC111135589	18	111135589	LOC111135589	serine incorporator 3-like	protein-coding	Symbol
LOC111136328	18	111136328	LOC111136328	required for meiotic nuclear division protein 1 homolog	protein-coding	Symbol
LOC111136958	18	111136958	LOC111136958	NACHT and WD repeat domain-containing protein 2-like	protein-coding	Symbol
LOC111138311	18	111138311	LOC111138311	myosin light chain kinase, smooth muscle-like	protein-coding	Symbol
LOC111138403	18	111138403	LOC111138403	uncharacterized LOC111138403	protein-coding	Symbol
LOC111099217	17	111099217	LOC111099217	uncharacterized LOC111099217	protein-coding	Symbol
LOC111099770	17	NA	NA	NA	NA	NA
LOC111100090	17	111100090	LOC111100090	glycerol-3-phosphate acyltransferase 1, mitochondrial-like	protein-coding	Symbol
LOC111101731	17	111101731	LOC111101731	uncharacterized LOC111101731	protein-coding	Symbol
LOC111103224	17	111103224	LOC111103224	uncharacterized LOC111103224	protein-coding	Symbol
LOC111103309	17	111103309	LOC111103309	cGMP-inhibited 3',5'-cyclic phosphodiesterase 3A-like	protein-coding	Symbol
LOC111103668	17	111103668	LOC111103668	hsp90 co-chaperone Cdc37-like	protein-coding	Symbol
LOC111104133	17	111104133	LOC111104133	uncharacterized LOC111104133	protein-coding	Symbol
LOC111104694	17	111104694	LOC111104694	uncharacterized LOC111104694	protein-coding	Symbol
LOC111106954	17	111106954	LOC111106954	mesoderm-specific transcript homolog protein-like	protein-coding	Symbol
LOC111107404	17	111107404	LOC111107404	uncharacterized LOC111107404	protein-coding	Symbol
LOC111107587	17	111107587	LOC111107587	uncharacterized LOC111107587	protein-coding	Symbol
LOC111109110	17	NA	NA	NA	NA	NA
LOC111109254	17	NA	NA	NA	NA	NA
LOC111109459	17	111109459	LOC111109459	uncharacterized LOC111109459	protein-coding	Symbol
LOC111109472	17	111109472	LOC111109472	proteasome inhibitor PI31 subunit-like	protein-coding	Symbol
LOC111109659	17	111109659	LOC111109659	protein OS-9-like	protein-coding	Symbol
LOC111109660	17	111109660	LOC111109660	polyglutamine-binding protein 1-like	protein-coding	Symbol
LOC111109839	17	111109839	LOC111109839	transmembrane protein 237-like	protein-coding	Symbol
LOC111110360	17	111110360	LOC111110360	protein smoothened-like	protein-coding	Symbol
LOC111112113	17	111112113	LOC111112113	sperm-associated antigen 6	protein-coding	Symbol
LOC111112330	17	NA	NA	NA	NA	NA
LOC111112585	17	111112585	LOC111112585	RNA-binding motif, single-stranded-interacting protein 2-like	protein-coding	Symbol
LOC111113116	17	111113116	LOC111113116	hydroxyacylglutathione hydrolase, mitochondrial-like	protein-coding	Symbol
LOC111115050	17	111115050	LOC111115050	tRNA endonuclease ANKZF1-like	protein-coding	Symbol
LOC111115184	17	111115184	LOC111115184	uncharacterized LOC111115184	protein-coding	Symbol
LOC111115505	17	111115505	LOC111115505	integrin alpha-9-like	protein-coding	Symbol
LOC111115600	17	111115600	LOC111115600	beta-1,3-galactosyltransferase 5-like	protein-coding	Symbol
LOC111115710	17	111115710	LOC111115710	mitochondrial glutathione transporter SLC25A40-like	protein-coding	Symbol
LOC111115769	17	111115769	LOC111115769	furin-like protease kpc-1	protein-coding	Symbol
LOC111116988	17	NA	NA	NA	NA	NA
LOC111117452	17	111117452	LOC111117452	SAC3 domain-containing protein 1-like	protein-coding	Symbol
LOC111118438	17	111118438	LOC111118438	AP-4 complex subunit beta-1-like	protein-coding	Symbol
LOC111118999	17	111118999	LOC111118999	aquaporin-8-like	protein-coding	Symbol
LOC111119648	17	111119648	LOC111119648	annexin A4-like	protein-coding	Symbol
LOC111119743	17	111119743	LOC111119743	nuclear protein localization protein 4 homolog	protein-coding	Symbol
LOC111120447	17	111120447	LOC111120447	uncharacterized LOC111120447	protein-coding	Symbol
LOC111120787	17	111120787	LOC111120787	calcyphosin-like protein	protein-coding	Symbol
LOC111120790	17	111120790	LOC111120790	chitotriosidase-1-like	protein-coding	Symbol
LOC111120875	17	111120875	LOC111120875	uncharacterized LOC111120875	ncRNA	Symbol
LOC111121050	17	111121050	LOC111121050	protein fuzzy homolog	protein-coding	Symbol
LOC111121544	17	111121544	LOC111121544	uncharacterized LOC111121544	protein-coding	Symbol
LOC111121666	17	111121666	LOC111121666	ankyrin repeat domain-containing protein 13C-like	protein-coding	Symbol
LOC111121914	17	111121914	LOC111121914	tolloid-like protein 1	protein-coding	Symbol
LOC111122494	17	111122494	LOC111122494	uncharacterized LOC111122494	protein-coding	Symbol
LOC111122861	17	111122861	LOC111122861	abasic site processing protein HMCES-like	protein-coding	Symbol
LOC111122869	17	111122869	LOC111122869	uncharacterized LOC111122869	protein-coding	Symbol
LOC111124662	17	111124662	LOC111124662	exocyst complex component 1-like	protein-coding	Symbol
LOC111125097	17	111125097	LOC111125097	alpha-N-acetylgalactosaminidase-like	protein-coding	Symbol
LOC111125310	17	111125310	LOC111125310	tubulin-specific chaperone cofactor E-like protein	protein-coding	Symbol
LOC111125571	17	111125571	LOC111125571	serine/threonine-protein kinase 3-like	protein-coding	Symbol
LOC111126450	17	111126450	LOC111126450	abl interactor 1-like	protein-coding	Symbol
LOC111126611	17	NA	NA	NA	NA	NA
LOC111127124	17	111127124	LOC111127124	uncharacterized LOC111127124	protein-coding	Symbol
LOC111128105	17	111128105	LOC111128105	universal stress protein YxiE-like	protein-coding	Symbol
LOC111128176	17	NA	NA	NA	NA	NA
LOC111128650	17	111128650	LOC111128650	trafficking protein particle complex subunit 6b-like	protein-coding	Symbol
LOC111128669	17	111128669	LOC111128669	uncharacterized LOC111128669	protein-coding	Symbol
LOC111128833	17	111128833	LOC111128833	BCL11 transcription factor A-like	protein-coding	Symbol
LOC111129005	17	111129005	LOC111129005	small conductance calcium-activated potassium channel protein 2-like	protein-coding	Symbol
LOC111129133	17	NA	NA	NA	NA	NA
LOC111129304	17	111129304	LOC111129304	uncharacterized LOC111129304	protein-coding	Symbol
LOC111129446	17	111129446	LOC111129446	ephrin-4-like	protein-coding	Symbol
LOC111129535	17	NA	NA	NA	NA	NA
LOC111129874	17	111129874	LOC111129874	uncharacterized LOC111129874	protein-coding	Symbol
LOC111130001	17	111130001	LOC111130001	mucosa-associated lymphoid tissue lymphoma translocation protein 1-like	protein-coding	Symbol
LOC111130025	17	111130025	LOC111130025	phenylalanine--tRNA ligase, mitochondrial-like	protein-coding	Symbol
LOC111130055	17	111130055	LOC111130055	acyl-CoA:lysophosphatidylglycerol acyltransferase 1-like	protein-coding	Symbol
LOC111131050	17	111131050	LOC111131050	protein-L-isoaspartate(D-aspartate) O-methyltransferase-like	protein-coding	Symbol
LOC111131518	17	111131518	LOC111131518	putative palmitoyltransferase ZDHHC24	protein-coding	Symbol
LOC111131597	17	111131597	LOC111131597	protein arginine methyltransferase NDUFAF7, mitochondrial-like	protein-coding	Symbol
LOC111132125	17	111132125	LOC111132125	uncharacterized LOC111132125	protein-coding	Symbol
LOC111132406	17	111132406	LOC111132406	N-acetylglucosaminyl-phosphatidylinositol de-N-acetylase-like	protein-coding	Symbol
LOC111134275	17	111134275	LOC111134275	stalled ribosome sensor GCN1-like	protein-coding	Symbol
LOC111134478	17	111134478	LOC111134478	multifunctional protein CAD-like	protein-coding	Symbol
LOC111134540	17	111134540	LOC111134540	uncharacterized LOC111134540	protein-coding	Symbol
LOC111134575	17	111134575	LOC111134575	dnaJ homolog subfamily C member 3-like	protein-coding	Symbol
LOC111134736	17	111134736	LOC111134736	leucine-rich repeat and fibronectin type III domain-containing protein 1-like protein	protein-coding	Symbol
LOC111134892	17	111134892	LOC111134892	ADP-ribosylation factor-like protein 2-binding protein	protein-coding	Symbol
LOC111135406	17	NA	NA	NA	NA	NA
LOC111135431	17	111135431	LOC111135431	uncharacterized LOC111135431	protein-coding	Symbol
LOC111135670	17	111135670	LOC111135670	uncharacterized LOC111135670	protein-coding	Symbol
LOC111135832	17	111135832	LOC111135832	alpha-ketoglutarate-dependent dioxygenase alkB homolog 4-like	protein-coding	Symbol
LOC111136089	17	111136089	LOC111136089	pyruvate dehydrogenase [acetyl-transferring]-phosphatase 1, mitochondrial-like	protein-coding	Symbol
LOC111136119	17	111136119	LOC111136119	splicing factor ESS-2 homolog	protein-coding	Symbol
LOC111136731	17	111136731	LOC111136731	cation-dependent mannose-6-phosphate receptor-like	protein-coding	Symbol
LOC111136794	17	111136794	LOC111136794	transmembrane protein 18-like	protein-coding	Symbol
LOC111137237	17	111137237	LOC111137237	trafficking protein particle complex subunit 2-like protein	protein-coding	Symbol
LOC111137365	17	111137365	LOC111137365	NF-kappa-B inhibitor alpha-like	protein-coding	Symbol
LOC111137536	17	111137536	LOC111137536	TOX high mobility group box family member 4-like	protein-coding	Symbol
LOC111138113	17	111138113	LOC111138113	uncharacterized LOC111138113	protein-coding	Symbol
LOC111138315	17	111138315	LOC111138315	uncharacterized LOC111138315	protein-coding	Symbol
LOC111099067	16	111099067	LOC111099067	pre-rRNA 2'-O-ribose RNA methyltransferase FTSJ3-like	protein-coding	Symbol
LOC111099552	16	111099552	LOC111099552	exodeoxyribonuclease-like	protein-coding	Symbol
LOC111100350	16	111100350	LOC111100350	uncharacterized LOC111100350	protein-coding	Symbol
LOC111100870	16	111100870	LOC111100870	uncharacterized LOC111100870	protein-coding	Symbol
LOC111100881	16	111100881	LOC111100881	ubiquitin-associated domain-containing protein 2-like	protein-coding	Symbol
LOC111101123	16	NA	NA	NA	NA	NA
LOC111103144	16	NA	NA	NA	NA	NA
LOC111103449	16	111103449	LOC111103449	neuronal acetylcholine receptor subunit alpha-6-like	protein-coding	Symbol
LOC111103452	16	NA	NA	NA	NA	NA
LOC111103499	16	111103499	LOC111103499	uncharacterized LOC111103499	protein-coding	Symbol
LOC111104131	16	111104131	LOC111104131	substance-P receptor-like	protein-coding	Symbol
LOC111104358	16	NA	NA	NA	NA	NA
LOC111105527	16	111105527	LOC111105527	tRNA wybutosine-synthesizing protein 5-like	protein-coding	Symbol
LOC111106142	16	NA	NA	NA	NA	NA
LOC111106316	16	111106316	LOC111106316	uncharacterized LOC111106316	protein-coding	Symbol
LOC111107270	16	111107270	LOC111107270	body wall muscle protein HR-29-like	protein-coding	Symbol
LOC111108145	16	NA	NA	NA	NA	NA
LOC111108840	16	111108840	LOC111108840	uncharacterized LOC111108840	protein-coding	Symbol
LOC111111485	16	111111485	LOC111111485	uncharacterized LOC111111485	protein-coding	Symbol
LOC111112126	16	111112126	LOC111112126	unconventional myosin-Id-like	protein-coding	Symbol
LOC111112578	16	111112578	LOC111112578	phosphatidylinositol 5-phosphate 4-kinase type-2 alpha-like	protein-coding	Symbol
LOC111113929	16	NA	NA	NA	NA	NA
LOC111114520	16	111114520	LOC111114520	phospholipase DDHD1-like	protein-coding	Symbol
LOC111117730	16	NA	NA	NA	NA	NA
LOC111117986	16	111117986	LOC111117986	uncharacterized LOC111117986	protein-coding	Symbol
LOC111118026	16	NA	NA	NA	NA	NA
LOC111118913	16	NA	NA	NA	NA	NA
LOC111118992	16	111118992	LOC111118992	heparan sulfate glucosamine 3-O-sulfotransferase 5-like	protein-coding	Symbol
LOC111119216	16	111119216	LOC111119216	DCN1-like protein 3	protein-coding	Symbol
LOC111119430	16	NA	NA	NA	NA	NA
LOC111119469	16	111119469	LOC111119469	uncharacterized LOC111119469	protein-coding	Symbol
LOC111119568	16	111119568	LOC111119568	PRKCA-binding protein-like	protein-coding	Symbol
LOC111119948	16	NA	NA	NA	NA	NA
LOC111120054	16	111120054	LOC111120054	putative ATP-dependent RNA helicase DDX46	protein-coding	Symbol
LOC111120722	16	NA	NA	NA	NA	NA
LOC111120903	16	111120903	LOC111120903	vacuolar protein sorting-associated protein 28 homolog	protein-coding	Symbol
LOC111121091	16	111121091	LOC111121091	uncharacterized LOC111121091	protein-coding	Symbol
LOC111121280	16	111121280	LOC111121280	RNA demethylase ALKBH5-like	protein-coding	Symbol
LOC111121435	16	111121435	LOC111121435	cyclin-dependent kinase 2-like	protein-coding	Symbol
LOC111122030	16	111122030	LOC111122030	acyl-coenzyme A synthetase ACSM3, mitochondrial-like	protein-coding	Symbol
LOC111122120	16	111122120	LOC111122120	multiple PDZ domain protein-like	protein-coding	Symbol
LOC111122581	16	111122581	LOC111122581	protein-associating with the carboxyl-terminal domain of ezrin-like	protein-coding	Symbol
LOC111122662	16	111122662	LOC111122662	uncharacterized LOC111122662	protein-coding	Symbol
LOC111122963	16	111122963	LOC111122963	uncharacterized LOC111122963	protein-coding	Symbol
LOC111123976	16	111123976	LOC111123976	folylpolyglutamate synthase, mitochondrial-like	protein-coding	Symbol
LOC111124322	16	NA	NA	NA	NA	NA
LOC111124631	16	111124631	LOC111124631	mitogen-activated protein kinase kinase kinase 2-like	protein-coding	Symbol
LOC111124698	16	111124698	LOC111124698	ELAV-like protein 3	protein-coding	Symbol
LOC111124829	16	111124829	LOC111124829	uncharacterized LOC111124829	protein-coding	Symbol
LOC111124992	16	NA	NA	NA	NA	NA
LOC111125113	16	111125113	LOC111125113	arginine--tRNA ligase, cytoplasmic-like	protein-coding	Symbol
LOC111125331	16	111125331	LOC111125331	uncharacterized LOC111125331	protein-coding	Symbol
LOC111125393	16	111125393	LOC111125393	epidermal growth factor-like protein 8	protein-coding	Symbol
LOC111125458	16	NA	NA	NA	NA	NA
LOC111125668	16	111125668	LOC111125668	BBSome complex member BBS7-like	protein-coding	Symbol
LOC111125895	16	111125895	LOC111125895	uncharacterized LOC111125895	protein-coding	Symbol
LOC111126204	16	111126204	LOC111126204	uncharacterized LOC111126204	protein-coding	Symbol
LOC111126402	16	NA	NA	NA	NA	NA
LOC111126835	16	111126835	LOC111126835	ER degradation-enhancing alpha-mannosidase-like protein 3	protein-coding	Symbol
LOC111127664	16	111127664	LOC111127664	torsin-1A-like	protein-coding	Symbol
LOC111127891	16	111127891	LOC111127891	stomatin-like protein stl-1	protein-coding	Symbol
LOC111128235	16	111128235	LOC111128235	RNA transcription, translation and transport factor protein-like	protein-coding	Symbol
LOC111128837	16	111128837	LOC111128837	lysine-specific demethylase 5A-like	protein-coding	Symbol
LOC111128949	16	111128949	LOC111128949	uncharacterized LOC111128949	protein-coding	Symbol
LOC111129526	16	111129526	LOC111129526	unconventional myosin-Ie-like	protein-coding	Symbol
LOC111129810	16	NA	NA	NA	NA	NA
LOC111130473	16	111130473	LOC111130473	glycosylated lysosomal membrane protein-like	protein-coding	Symbol
LOC111132893	16	111132893	LOC111132893	sphingomyelin phosphodiesterase-like	protein-coding	Symbol
LOC111133509	16	111133509	LOC111133509	calpain-5-like	protein-coding	Symbol
LOC111134187	16	111134187	LOC111134187	zinc finger HIT domain-containing protein 1-like	protein-coding	Symbol
LOC111134441	16	111134441	LOC111134441	uncharacterized LOC111134441	protein-coding	Symbol
LOC111134463	16	111134463	LOC111134463	uncharacterized LOC111134463	protein-coding	Symbol
LOC111134568	16	111134568	LOC111134568	uncharacterized LOC111134568	protein-coding	Symbol
LOC111135082	16	111135082	LOC111135082	solute carrier family 2, facilitated glucose transporter member 1-like	protein-coding	Symbol
LOC111136003	16	111136003	LOC111136003	single-strand DNA endonuclease ASTE1-like	protein-coding	Symbol
LOC111136430	16	111136430	LOC111136430	uncharacterized LOC111136430	protein-coding	Symbol
LOC111136663	16	111136663	LOC111136663	TPR and ankyrin repeat-containing protein 1-like	protein-coding	Symbol
LOC111137305	16	111137305	LOC111137305	atlastin-3-like	protein-coding	Symbol
LOC111137722	16	111137722	LOC111137722	pancreatic lipase-related protein 2-like	protein-coding	Symbol
LOC111138081	16	111138081	LOC111138081	SKA complex subunit 2-like	protein-coding	Symbol
LOC111138123	16	111138123	LOC111138123	complement C3-like	protein-coding	Symbol
LOC111138184	16	111138184	LOC111138184	alanine aminotransferase 1-like	protein-coding	Symbol
LOC111099219	15	111099219	LOC111099219	lysophospholipid acyltransferase 5-like	protein-coding	Symbol
LOC111101212	15	111101212	LOC111101212	Kv channel-interacting protein 4-like	protein-coding	Symbol
LOC111102275	15	111102275	LOC111102275	uncharacterized LOC111102275	protein-coding	Symbol
LOC111103836	15	NA	NA	NA	NA	NA
LOC111104058	15	111104058	LOC111104058	ribosomal biogenesis protein LAS1L-like	protein-coding	Symbol
LOC111106659	15	111106659	LOC111106659	uncharacterized LOC111106659	protein-coding	Symbol
LOC111107290	15	111107290	LOC111107290	uncharacterized LOC111107290	protein-coding	Symbol
LOC111108252	15	111108252	LOC111108252	uncharacterized LOC111108252	protein-coding	Symbol
LOC111108480	15	111108480	LOC111108480	tetraspanin-4-like	protein-coding	Symbol
LOC111110192	15	NA	NA	NA	NA	NA
LOC111110413	15	111110413	LOC111110413	copine-8-like	protein-coding	Symbol
LOC111110658	15	111110658	LOC111110658	branched-chain-amino-acid aminotransferase, cytosolic-like	protein-coding	Symbol
LOC111110784	15	111110784	LOC111110784	uncharacterized LOC111110784	protein-coding	Symbol
LOC111110828	15	111110828	LOC111110828	tectonic-3-like	protein-coding	Symbol
LOC111111017	15	111111017	LOC111111017	uncharacterized LOC111111017	pseudo	Symbol
LOC111111599	15	111111599	LOC111111599	CUGBP Elav-like family member 3-A	protein-coding	Symbol
LOC111111918	15	111111918	LOC111111918	uncharacterized LOC111111918	protein-coding	Symbol
LOC111112006	15	111112006	LOC111112006	uncharacterized LOC111112006	protein-coding	Symbol
LOC111112399	15	111112399	LOC111112399	brain-enriched guanylate kinase-associated protein-like	protein-coding	Symbol
LOC111112918	15	111112918	LOC111112918	protogenin B-like	protein-coding	Symbol
LOC111112989	15	111112989	LOC111112989	BMP and activin membrane-bound inhibitor homolog	protein-coding	Symbol
LOC111113248	15	111113248	LOC111113248	mRNA-decapping enzyme 1A-like	protein-coding	Symbol
LOC111113390	15	111113390	LOC111113390	polycystin-1-like protein 1	protein-coding	Symbol
LOC111113768	15	111113768	LOC111113768	uncharacterized LOC111113768	protein-coding	Symbol
LOC111114657	15	111114657	LOC111114657	uncharacterized LOC111114657	protein-coding	Symbol
LOC111116101	15	NA	NA	NA	NA	NA
LOC111119115	15	111119115	LOC111119115	geranylgeranyl pyrophosphate synthase-like	protein-coding	Symbol
LOC111119812	15	111119812	LOC111119812	DNA-dependent protein kinase catalytic subunit-like	protein-coding	Symbol
LOC111120083	15	111120083	LOC111120083	pancreatic lipase-related protein 2-like	protein-coding	Symbol
LOC111120130	15	111120130	LOC111120130	cilia- and flagella-associated protein 410-like	protein-coding	Symbol
LOC111120701	15	111120701	LOC111120701	sodium/glucose cotransporter 4-like	protein-coding	Symbol
LOC111120906	15	NA	NA	NA	NA	NA
LOC111121051	15	111121051	LOC111121051	armadillo repeat-containing protein 1-like	protein-coding	Symbol
LOC111121177	15	111121177	LOC111121177	tetraspanin-1-like	protein-coding	Symbol
LOC111122904	15	111122904	LOC111122904	lupus La protein homolog	protein-coding	Symbol
LOC111123272	15	111123272	LOC111123272	uncharacterized LOC111123272	protein-coding	Symbol
LOC111124634	15	111124634	LOC111124634	uncharacterized LOC111124634	protein-coding	Symbol
LOC111124640	15	111124640	LOC111124640	dipeptidyl peptidase 2-like	protein-coding	Symbol
LOC111125426	15	111125426	LOC111125426	uncharacterized LOC111125426	protein-coding	Symbol
LOC111125491	15	111125491	LOC111125491	caspase-8-like	protein-coding	Symbol
LOC111125922	15	111125922	LOC111125922	uncharacterized LOC111125922	protein-coding	Symbol
LOC111125978	15	111125978	LOC111125978	E3 ubiquitin-protein ligase NRDP1-like	protein-coding	Symbol
LOC111126336	15	111126336	LOC111126336	phosphatidylinositol polyphosphate 5-phosphatase type IV-like	protein-coding	Symbol
LOC111126874	15	111126874	LOC111126874	uncharacterized LOC111126874	protein-coding	Symbol
LOC111127226	15	111127226	LOC111127226	uncharacterized LOC111127226	protein-coding	Symbol
LOC111127316	15	111127316	LOC111127316	armadillo repeat-containing protein 8-like	protein-coding	Symbol
LOC111127576	15	NA	NA	NA	NA	NA
LOC111127848	15	111127848	LOC111127848	steroid hormone receptor ERR2-like	protein-coding	Symbol
LOC111127975	15	NA	NA	NA	NA	NA
LOC111129117	15	111129117	LOC111129117	signal-induced proliferation-associated 1-like protein 2	protein-coding	Symbol
LOC111129303	15	111129303	LOC111129303	uncharacterized LOC111129303	protein-coding	Symbol
LOC111130302	15	111130302	LOC111130302	glia maturation factor beta-like	protein-coding	Symbol
LOC111130344	15	111130344	LOC111130344	endoplasmic reticulum membrane sensor NFE2L1-like	protein-coding	Symbol
LOC111130423	15	111130423	LOC111130423	ATP-dependent RNA helicase TDRD9-like	protein-coding	Symbol
LOC111130926	15	111130926	LOC111130926	WD repeat, SAM and U-box domain-containing protein 1-like	protein-coding	Symbol
LOC111130951	15	NA	NA	NA	NA	NA
LOC111131340	15	111131340	LOC111131340	uncharacterized LOC111131340	protein-coding	Symbol
LOC111131826	15	111131826	LOC111131826	serine/threonine-protein kinase Nek2-like	protein-coding	Symbol
LOC111131872	15	111131872	LOC111131872	protein kinase C and casein kinase substrate in neurons protein 1-like	protein-coding	Symbol
LOC111132081	15	111132081	LOC111132081	uncharacterized LOC111132081	protein-coding	Symbol
LOC111133062	15	111133062	LOC111133062	huntingtin-interacting protein 1-like	protein-coding	Symbol
LOC111133070	15	111133070	LOC111133070	MICOS complex subunit Mic60-like	protein-coding	Symbol
LOC111133284	15	111133284	LOC111133284	uncharacterized LOC111133284	protein-coding	Symbol
LOC111133939	15	111133939	LOC111133939	integrin-linked kinase-associated serine/threonine phosphatase 2C-like	protein-coding	Symbol
LOC111133992	15	111133992	LOC111133992	ski oncogene-like	protein-coding	Symbol
LOC111134709	15	111134709	LOC111134709	leucine-rich repeat and coiled-coil domain-containing protein 1-like	protein-coding	Symbol
LOC111135363	15	111135363	LOC111135363	5-hydroxytryptamine receptor 4-like	protein-coding	Symbol
LOC111135967	15	111135967	LOC111135967	sorting nexin-33-like	protein-coding	Symbol
LOC111136124	15	111136124	LOC111136124	ZP domain-containing protein-like	protein-coding	Symbol
LOC111136146	15	111136146	LOC111136146	uncharacterized LOC111136146	protein-coding	Symbol
LOC111136200	15	111136200	LOC111136200	NAD kinase-like	protein-coding	Symbol
LOC111136220	15	111136220	LOC111136220	protein MAK16 homolog	protein-coding	Symbol
LOC111136606	15	111136606	LOC111136606	hematopoietically-expressed homeobox protein hhex-like	protein-coding	Symbol
LOC111137074	15	111137074	LOC111137074	uncharacterized LOC111137074	protein-coding	Symbol
LOC111137326	15	111137326	LOC111137326	uncharacterized LOC111137326	protein-coding	Symbol
LOC111138053	15	111138053	LOC111138053	caspase-2-like	protein-coding	Symbol
LOC111138129	15	111138129	LOC111138129	uncharacterized LOC111138129	protein-coding	Symbol
LOC111138216	15	NA	NA	NA	NA	NA
LOC111099047	14	NA	NA	NA	NA	NA
LOC111101039	14	111101039	LOC111101039	omega-amidase NIT2-like	protein-coding	Symbol
LOC111101043	14	111101043	LOC111101043	myophilin-like	protein-coding	Symbol
LOC111102943	14	111102943	LOC111102943	MYG1 exonuclease-like	protein-coding	Symbol
LOC111103846	14	NA	NA	NA	NA	NA
LOC111104224	14	111104224	LOC111104224	uncharacterized LOC111104224	protein-coding	Symbol
LOC111104396	14	111104396	LOC111104396	uncharacterized LOC111104396	pseudo	Symbol
LOC111106800	14	111106800	LOC111106800	PX domain-containing protein kinase-like protein	protein-coding	Symbol
LOC111106874	14	NA	NA	NA	NA	NA
LOC111107427	14	NA	NA	NA	NA	NA
LOC111108281	14	111108281	LOC111108281	uncharacterized LOC111108281	protein-coding	Symbol
LOC111108647	14	111108647	LOC111108647	PI-PLC X domain-containing protein 3-like	protein-coding	Symbol
LOC111109147	14	111109147	LOC111109147	uncharacterized LOC111109147	protein-coding	Symbol
LOC111109425	14	111109425	LOC111109425	transmembrane protein 115-like	protein-coding	Symbol
LOC111110636	14	111110636	LOC111110636	uncharacterized LOC111110636	protein-coding	Symbol
LOC111110726	14	NA	NA	NA	NA	NA
LOC111112841	14	NA	NA	NA	NA	NA
LOC111113833	14	111113833	LOC111113833	protein YIPF3-like	protein-coding	Symbol
LOC111114114	14	111114114	LOC111114114	integrin alpha-8-like	protein-coding	Symbol
LOC111114134	14	111114134	LOC111114134	CD81 antigen-like	protein-coding	Symbol
LOC111116418	14	111116418	LOC111116418	cytochrome c oxidase assembly factor 8-like	protein-coding	Symbol
LOC111117669	14	111117669	LOC111117669	beta-lactamase domain-containing protein 2-like	protein-coding	Symbol
LOC111117766	14	111117766	LOC111117766	acid-sensing ion channel 1C-like	protein-coding	Symbol
LOC111117852	14	111117852	LOC111117852	HAUS augmin-like complex subunit 3	protein-coding	Symbol
LOC111117882	14	111117882	LOC111117882	protein FAM227A-like	protein-coding	Symbol
LOC111118654	14	111118654	LOC111118654	protein FAM135A-like	protein-coding	Symbol
LOC111119161	14	NA	NA	NA	NA	NA
LOC111119218	14	111119218	LOC111119218	trafficking protein particle complex subunit 13-like	protein-coding	Symbol
LOC111119261	14	111119261	LOC111119261	actin, cytoplasmic	protein-coding	Symbol
LOC111119360	14	111119360	LOC111119360	uncharacterized LOC111119360	protein-coding	Symbol
LOC111119621	14	111119621	LOC111119621	uncharacterized LOC111119621	protein-coding	Symbol
LOC111119683	14	111119683	LOC111119683	GTP:AMP phosphotransferase AK3, mitochondrial-like	protein-coding	Symbol
LOC111119708	14	111119708	LOC111119708	uncharacterized LOC111119708	protein-coding	Symbol
LOC111120500	14	NA	NA	NA	NA	NA
LOC111120721	14	NA	NA	NA	NA	NA
LOC111120902	14	111120902	LOC111120902	S-methyl-5'-thioadenosine phosphorylase-like	protein-coding	Symbol
LOC111121211	14	NA	NA	NA	NA	NA
LOC111121266	14	111121266	LOC111121266	ethanolamine-phosphate cytidylyltransferase-like	protein-coding	Symbol
LOC111121919	14	111121919	LOC111121919	phospholipid phosphatase 3-like	protein-coding	Symbol
LOC111123890	14	111123890	LOC111123890	dipeptidyl peptidase 4-like	protein-coding	Symbol
LOC111123927	14	111123927	LOC111123927	LIM/homeobox protein Lhx9-like	protein-coding	Symbol
LOC111124264	14	111124264	LOC111124264	tubulin beta chain-like	protein-coding	Symbol
LOC111124908	14	111124908	LOC111124908	acyl-CoA 6-desaturase-like	protein-coding	Symbol
LOC111125173	14	111125173	LOC111125173	GPI-N-acetylgalactosamine transferase PGAP4-like	protein-coding	Symbol
LOC111125421	14	111125421	LOC111125421	uncharacterized LOC111125421	protein-coding	Symbol
LOC111125502	14	111125502	LOC111125502	phosphopentomutase-like	protein-coding	Symbol
LOC111125956	14	111125956	LOC111125956	dynamin-1-like	protein-coding	Symbol
LOC111126049	14	111126049	LOC111126049	activator of basal transcription 1-like	protein-coding	Symbol
LOC111126051	14	111126051	LOC111126051	ubiquitin carboxyl-terminal hydrolase 46-like	protein-coding	Symbol
LOC111126300	14	111126300	LOC111126300	intraflagellar transport protein 46 homolog	protein-coding	Symbol
LOC111128459	14	111128459	LOC111128459	15-hydroxyprostaglandin dehydrogenase [NAD(+)]-like	protein-coding	Symbol
LOC111129015	14	111129015	LOC111129015	uncharacterized LOC111129015	protein-coding	Symbol
LOC111129047	14	111129047	LOC111129047	putative G-protein coupled receptor 139	protein-coding	Symbol
LOC111129498	14	111129498	LOC111129498	mechanosensitive cation channel TMEM63B-like	protein-coding	Symbol
LOC111129960	14	111129960	LOC111129960	maleylacetoacetate isomerase-like	protein-coding	Symbol
LOC111129966	14	111129966	LOC111129966	uncharacterized LOC111129966	protein-coding	Symbol
LOC111129971	14	111129971	LOC111129971	presenilin-1-like	protein-coding	Symbol
LOC111130082	14	111130082	LOC111130082	myotubularin-related protein 10-A-like	protein-coding	Symbol
LOC111130314	14	111130314	LOC111130314	macrophage mannose receptor 1-like	protein-coding	Symbol
LOC111130600	14	111130600	LOC111130600	cell growth regulator with RING finger domain protein 1-like	protein-coding	Symbol
LOC111130756	14	111130756	LOC111130756	uncharacterized LOC111130756	protein-coding	Symbol
LOC111130901	14	111130901	LOC111130901	trace amine-associated receptor 9-like	protein-coding	Symbol
LOC111131041	14	NA	NA	NA	NA	NA
LOC111131650	14	111131650	LOC111131650	uncharacterized LOC111131650	protein-coding	Symbol
LOC111131869	14	111131869	LOC111131869	uncharacterized LOC111131869	protein-coding	Symbol
LOC111132095	14	111132095	LOC111132095	RAB11-binding protein RELCH homolog	protein-coding	Symbol
LOC111132960	14	111132960	LOC111132960	fumarate hydratase class I, aerobic-like	protein-coding	Symbol
LOC111132985	14	111132985	LOC111132985	uncharacterized LOC111132985	protein-coding	Symbol
LOC111133379	14	111133379	LOC111133379	H(+)/Cl(-) exchange transporter 7-like	protein-coding	Symbol
LOC111133482	14	111133482	LOC111133482	E3 ubiquitin-protein ligase TRIM45-like	protein-coding	Symbol
LOC111133827	14	111133827	LOC111133827	ATP-dependent DNA helicase DDX11-like	protein-coding	Symbol
LOC111134411	14	111134411	LOC111134411	ATP-binding cassette sub-family C member 9-like	protein-coding	Symbol
LOC111134583	14	111134583	LOC111134583	uncharacterized LOC111134583	protein-coding	Symbol
LOC111134965	14	111134965	LOC111134965	uncharacterized LOC111134965	protein-coding	Symbol
LOC111135218	14	111135218	LOC111135218	cytosolic purine 5'-nucleotidase-like	protein-coding	Symbol
LOC111135696	14	111135696	LOC111135696	biogenesis of lysosome-related organelles complex 1 subunit 5-like	protein-coding	Symbol
LOC111136126	14	111136126	LOC111136126	BTB/POZ domain-containing adapter for CUL3-mediated RhoA degradation protein 3-like	protein-coding	Symbol
LOC111136261	14	111136261	LOC111136261	uncharacterized LOC111136261	protein-coding	Symbol
LOC111136620	14	NA	NA	NA	NA	NA
LOC111136784	14	111136784	LOC111136784	ficolin-1-like	protein-coding	Symbol
LOC111136814	14	111136814	LOC111136814	cytochrome P450 2J6-like	protein-coding	Symbol
LOC111137590	14	111137590	LOC111137590	sodium/hydrogen exchanger 8-like	protein-coding	Symbol
LOC111137981	14	111137981	LOC111137981	uncharacterized LOC111137981	protein-coding	Symbol
LOC111138095	14	111138095	LOC111138095	E3 ubiquitin-protein ligase RNF185-like	protein-coding	Symbol
LOC111138290	14	111138290	LOC111138290	CDP-diacylglycerol--inositol 3-phosphatidyltransferase-like	protein-coding	Symbol
LOC111138366	14	111138366	LOC111138366	protein-lysine N-trimethyltransferase SMYD5-like	protein-coding	Symbol
LOC111138445	14	111138445	LOC111138445	programmed cell death protein 6-like	protein-coding	Symbol
LOC111101879	13	111101879	LOC111101879	GPI alpha-1,2-mannosyltransferase 4-like	protein-coding	Symbol
LOC111103954	13	111103954	LOC111103954	adhesion G protein-coupled receptor B1-like	protein-coding	Symbol
LOC111104135	13	111104135	LOC111104135	protein OSCP1-like	protein-coding	Symbol
LOC111106299	13	111106299	LOC111106299	phosphoserine phosphatase-like	protein-coding	Symbol
LOC111106985	13	111106985	LOC111106985	contactin-4-like	protein-coding	Symbol
LOC111107119	13	111107119	LOC111107119	perlustrin-like protein	protein-coding	Symbol
LOC111107130	13	111107130	LOC111107130	uncharacterized LOC111107130	protein-coding	Symbol
LOC111107136	13	111107136	LOC111107136	uncharacterized LOC111107136	protein-coding	Symbol
LOC111108185	13	111108185	LOC111108185	plexin-A2-like	protein-coding	Symbol
LOC111108304	13	NA	NA	NA	NA	NA
LOC111109502	13	111109502	LOC111109502	muskelin-like	protein-coding	Symbol
LOC111109520	13	111109520	LOC111109520	pre-mRNA-splicing factor 18-like	protein-coding	Symbol
LOC111110043	13	NA	NA	NA	NA	NA
LOC111110077	13	111110077	LOC111110077	uncharacterized LOC111110077	protein-coding	Symbol
LOC111110551	13	111110551	LOC111110551	1,4-alpha-glucan-branching enzyme-like	protein-coding	Symbol
LOC111112029	13	111112029	LOC111112029	CCR4-NOT transcription complex subunit 11-like	protein-coding	Symbol
LOC111112706	13	111112706	LOC111112706	uncharacterized LOC111112706	protein-coding	Symbol
LOC111113027	13	111113027	LOC111113027	parathyroid hormone/parathyroid hormone-related peptide receptor-like	protein-coding	Symbol
LOC111113914	13	NA	NA	NA	NA	NA
LOC111114143	13	111114143	LOC111114143	uncharacterized LOC111114143	protein-coding	Symbol
LOC111114407	13	111114407	LOC111114407	uncharacterized LOC111114407	protein-coding	Symbol
LOC111117020	13	111117020	LOC111117020	uncharacterized LOC111117020	protein-coding	Symbol
LOC111117315	13	111117315	LOC111117315	ATP-dependent zinc metalloprotease YME1 homolog	protein-coding	Symbol
LOC111117450	13	111117450	LOC111117450	glycoprotein 3-alpha-L-fucosyltransferase A-like	protein-coding	Symbol
LOC111117492	13	NA	NA	NA	NA	NA
LOC111117689	13	NA	NA	NA	NA	NA
LOC111117820	13	NA	NA	NA	NA	NA
LOC111118748	13	111118748	LOC111118748	uncharacterized LOC111118748	protein-coding	Symbol
LOC111118880	13	111118880	LOC111118880	uncharacterized LOC111118880	protein-coding	Symbol
LOC111118959	13	111118959	LOC111118959	nuclear factor 1 A-type-like	protein-coding	Symbol
LOC111119240	13	111119240	LOC111119240	lysine-specific demethylase 4C-like	protein-coding	Symbol
LOC111119366	13	111119366	LOC111119366	uncharacterized LOC111119366	protein-coding	Symbol
LOC111119400	13	111119400	LOC111119400	adhesion G protein-coupled receptor L3-like	protein-coding	Symbol
LOC111119659	13	111119659	LOC111119659	uncharacterized LOC111119659	protein-coding	Symbol
LOC111119864	13	111119864	LOC111119864	FAD-dependent oxidoreductase domain-containing protein 2-like	protein-coding	Symbol
LOC111119984	13	111119984	LOC111119984	transmembrane channel-like protein 7	protein-coding	Symbol
LOC111120008	13	NA	NA	NA	NA	NA
LOC111120022	13	111120022	LOC111120022	AP-3 complex subunit delta-1-like	protein-coding	Symbol
LOC111120035	13	111120035	LOC111120035	E3 ubiquitin-protein ligase TRIM56-like	protein-coding	Symbol
LOC111120050	13	111120050	LOC111120050	receptor-type guanylate cyclase Gyc76C-like	protein-coding	Symbol
LOC111120345	13	111120345	LOC111120345	uncharacterized LOC111120345	protein-coding	Symbol
LOC111120918	13	NA	NA	NA	NA	NA
LOC111121210	13	111121210	LOC111121210	DNA methyltransferase 1-associated protein 1-like	protein-coding	Symbol
LOC111121310	13	111121310	LOC111121310	uncharacterized LOC111121310	protein-coding	Symbol
LOC111121751	13	111121751	LOC111121751	ribosome biogenesis regulatory protein homolog	protein-coding	Symbol
LOC111122988	13	111122988	LOC111122988	tripartite motif-containing protein 2-like	protein-coding	Symbol
LOC111123002	13	111123002	LOC111123002	uncharacterized LOC111123002	protein-coding	Symbol
LOC111123348	13	NA	NA	NA	NA	NA
LOC111123417	13	NA	NA	NA	NA	NA
LOC111123452	13	NA	NA	NA	NA	NA
LOC111123909	13	111123909	LOC111123909	uncharacterized LOC111123909	protein-coding	Symbol
LOC111124302	13	111124302	LOC111124302	uncharacterized LOC111124302	protein-coding	Symbol
LOC111124667	13	111124667	LOC111124667	uncharacterized LOC111124667	protein-coding	Symbol
LOC111124988	13	111124988	LOC111124988	minichromosome maintenance domain-containing protein 2-like	protein-coding	Symbol
LOC111125032	13	NA	NA	NA	NA	NA
LOC111125122	13	111125122	LOC111125122	protein Aster-B-like	protein-coding	Symbol
LOC111125239	13	111125239	LOC111125239	tetraspanin-1-like	protein-coding	Symbol
LOC111125288	13	111125288	LOC111125288	uncharacterized LOC111125288	protein-coding	Symbol
LOC111125420	13	111125420	LOC111125420	jmjC domain-containing protein E-like	protein-coding	Symbol
LOC111125442	13	111125442	LOC111125442	phosphatidylinositol-3,5-bisphosphate 3-phosphatase MTMR6-like	protein-coding	Symbol
LOC111125649	13	111125649	LOC111125649	protein sprouty homolog 2-like	protein-coding	Symbol
LOC111125975	13	111125975	LOC111125975	plancitoxin-1-like	protein-coding	Symbol
LOC111126081	13	111126081	LOC111126081	uncharacterized protein C7orf57 homolog	protein-coding	Symbol
LOC111127553	13	111127553	LOC111127553	TBC1 domain family member 23-like	protein-coding	Symbol
LOC111128013	13	NA	NA	NA	NA	NA
LOC111128016	13	111128016	LOC111128016	inactive phospholipase C-like protein 2	protein-coding	Symbol
LOC111128930	13	111128930	LOC111128930	coiled-coil domain-containing protein 167-like	protein-coding	Symbol
LOC111129019	13	111129019	LOC111129019	uncharacterized LOC111129019	protein-coding	Symbol
LOC111129691	13	111129691	LOC111129691	uncharacterized LOC111129691	protein-coding	Symbol
LOC111130242	13	111130242	LOC111130242	uncharacterized LOC111130242	protein-coding	Symbol
LOC111130418	13	111130418	LOC111130418	sorting nexin-27-like	protein-coding	Symbol
LOC111130519	13	111130519	LOC111130519	sodium-dependent phosphate transport protein 2B-like	protein-coding	Symbol
LOC111131342	13	111131342	LOC111131342	lon protease homolog, mitochondrial-like	protein-coding	Symbol
LOC111131427	13	111131427	LOC111131427	uncharacterized LOC111131427	protein-coding	Symbol
LOC111131502	13	111131502	LOC111131502	CST complex subunit CTC1-like	protein-coding	Symbol
LOC111131790	13	111131790	LOC111131790	uncharacterized LOC111131790	protein-coding	Symbol
LOC111133026	13	111133026	LOC111133026	NIF3-like protein 1	protein-coding	Symbol
LOC111133069	13	111133069	LOC111133069	BTB/POZ domain-containing protein 6-like	protein-coding	Symbol
LOC111133701	13	111133701	LOC111133701	DENN domain-containing protein 11-like	protein-coding	Symbol
LOC111133817	13	111133817	LOC111133817	uncharacterized LOC111133817	protein-coding	Symbol
LOC111134081	13	111134081	LOC111134081	uncharacterized LOC111134081	protein-coding	Symbol
LOC111134580	13	111134580	LOC111134580	zinc transporter ZIP13-like	protein-coding	Symbol
LOC111134633	13	111134633	LOC111134633	muscleblind-like protein 1	protein-coding	Symbol
LOC111135329	13	111135329	LOC111135329	SWI/SNF-related matrix-associated actin-dependent regulator of chromatin subfamily B member 1-A-like	protein-coding	Symbol
LOC111135364	13	NA	NA	NA	NA	NA
LOC111135394	13	111135394	LOC111135394	uncharacterized LOC111135394	protein-coding	Symbol
LOC111135740	13	111135740	LOC111135740	cytochrome P450 4F1-like	protein-coding	Symbol
LOC111135755	13	111135755	LOC111135755	uncharacterized LOC111135755	protein-coding	Symbol
LOC111135891	13	111135891	LOC111135891	peroxisome biogenesis factor 2-like	protein-coding	Symbol
LOC111136122	13	111136122	LOC111136122	G-protein coupled receptor 161-like	protein-coding	Symbol
LOC111136186	13	111136186	LOC111136186	exocyst complex component 8-like	protein-coding	Symbol
LOC111136296	13	111136296	LOC111136296	major vault protein-like	protein-coding	Symbol
LOC111136609	13	111136609	LOC111136609	scavenger receptor class B member 1-like	protein-coding	Symbol
LOC111136837	13	111136837	LOC111136837	uncharacterized LOC111136837	protein-coding	Symbol
LOC111137541	13	111137541	LOC111137541	solute carrier family 35 member F6-like	protein-coding	Symbol
LOC111137723	13	111137723	LOC111137723	cationic amino acid transporter 4-like	protein-coding	Symbol
LOC111137927	13	111137927	LOC111137927	proline-serine-threonine phosphatase-interacting protein 1-like	protein-coding	Symbol
LOC111138044	13	111138044	LOC111138044	pyruvate kinase PKM-like	protein-coding	Symbol
LOC111099437	12	111099437	LOC111099437	uncharacterized LOC111099437	protein-coding	Symbol
LOC111099470	12	NA	NA	NA	NA	NA
LOC111099713	12	NA	NA	NA	NA	NA
LOC111099735	12	111099735	LOC111099735	protrudin-like	protein-coding	Symbol
LOC111099975	12	111099975	LOC111099975	uridine phosphorylase 2-like	protein-coding	Symbol
LOC111100165	12	111100165	LOC111100165	mediator of RNA polymerase II transcription subunit 12-like protein	protein-coding	Symbol
LOC111100327	12	111100327	LOC111100327	uncharacterized LOC111100327	protein-coding	Symbol
LOC111100880	12	111100880	LOC111100880	mini-chromosome maintenance complex-binding protein-like	protein-coding	Symbol
LOC111100897	12	111100897	LOC111100897	cytosolic purine 5'-nucleotidase-like	protein-coding	Symbol
LOC111101088	12	111101088	LOC111101088	FUN14 domain-containing protein 1B-like	protein-coding	Symbol
LOC111101349	12	111101349	LOC111101349	uncharacterized LOC111101349	protein-coding	Symbol
LOC111101703	12	111101703	LOC111101703	uncharacterized LOC111101703	protein-coding	Symbol
LOC111101972	12	NA	NA	NA	NA	NA
LOC111102233	12	111102233	LOC111102233	toxin CfTX-A-like	protein-coding	Symbol
LOC111102610	12	NA	NA	NA	NA	NA
LOC111102758	12	111102758	LOC111102758	uncharacterized LOC111102758	protein-coding	Symbol
LOC111102987	12	111102987	LOC111102987	transgelin-3-like	protein-coding	Symbol
LOC111103284	12	111103284	LOC111103284	PH-interacting protein-like	protein-coding	Symbol
LOC111103902	12	111103902	LOC111103902	uncharacterized LOC111103902	protein-coding	Symbol
LOC111103963	12	111103963	LOC111103963	smad nuclear interacting protein 1-like	protein-coding	Symbol
LOC111104167	12	111104167	LOC111104167	uncharacterized LOC111104167	protein-coding	Symbol
LOC111104269	12	111104269	LOC111104269	diacylglycerol kinase zeta-like	protein-coding	Symbol
LOC111104904	12	NA	NA	NA	NA	NA
LOC111105176	12	NA	NA	NA	NA	NA
LOC111105220	12	111105220	LOC111105220	uncharacterized LOC111105220	protein-coding	Symbol
LOC111106619	12	111106619	LOC111106619	dual serine/threonine and tyrosine protein kinase-like	protein-coding	Symbol
LOC111107259	12	111107259	LOC111107259	E3 ubiquitin-protein ligase TRIM71-like	protein-coding	Symbol
LOC111108180	12	111108180	LOC111108180	uncharacterized LOC111108180	protein-coding	Symbol
LOC111108336	12	111108336	LOC111108336	uncharacterized LOC111108336	protein-coding	Symbol
LOC111108649	12	111108649	LOC111108649	inter-alpha-trypsin inhibitor heavy chain H3-like	protein-coding	Symbol
LOC111109633	12	111109633	LOC111109633	acid phosphatase type 7-like	protein-coding	Symbol
LOC111109675	12	111109675	LOC111109675	uncharacterized LOC111109675	protein-coding	Symbol
LOC111109757	12	111109757	LOC111109757	E3 ubiquitin-protein ligase TRIM45-like	protein-coding	Symbol
LOC111110041	12	NA	NA	NA	NA	NA
LOC111110288	12	111110288	LOC111110288	uncharacterized LOC111110288	protein-coding	Symbol
LOC111110475	12	111110475	LOC111110475	uncharacterized LOC111110475	protein-coding	Symbol
LOC111111321	12	111111321	LOC111111321	vesicle-trafficking protein SEC22a-like	protein-coding	Symbol
LOC111111487	12	111111487	LOC111111487	integrin alpha-9-like	protein-coding	Symbol
LOC111111666	12	111111666	LOC111111666	ankyrin and armadillo repeat-containing protein-like	protein-coding	Symbol
LOC111112485	12	NA	NA	NA	NA	NA
LOC111112736	12	111112736	LOC111112736	integrin alpha-4-like	protein-coding	Symbol
LOC111114859	12	111114859	LOC111114859	uncharacterized LOC111114859	protein-coding	Symbol
LOC111115227	12	111115227	LOC111115227	alpha-1,3-mannosyl-glycoprotein 4-beta-N-acetylglucosaminyltransferase C-like	protein-coding	Symbol
LOC111115621	12	111115621	LOC111115621	dipeptidase 1-like	protein-coding	Symbol
LOC111116168	12	111116168	LOC111116168	uncharacterized LOC111116168	protein-coding	Symbol
LOC111116459	12	111116459	LOC111116459	uncharacterized LOC111116459	protein-coding	Symbol
LOC111117570	12	111117570	LOC111117570	beta-1,3-galactosyltransferase 5-like	protein-coding	Symbol
LOC111118241	12	111118241	LOC111118241	adenine DNA glycosylase-like	protein-coding	Symbol
LOC111118367	12	NA	NA	NA	NA	NA
LOC111118431	12	111118431	LOC111118431	growth arrest and DNA damage-inducible protein GADD45 alpha-like	protein-coding	Symbol
LOC111118507	12	111118507	LOC111118507	neuroligin-4, X-linked-like	protein-coding	Symbol
LOC111119125	12	NA	NA	NA	NA	NA
LOC111119255	12	111119255	LOC111119255	uncharacterized LOC111119255	protein-coding	Symbol
LOC111120474	12	111120474	LOC111120474	heterogeneous nuclear ribonucleoprotein H-like	protein-coding	Symbol
LOC111120601	12	111120601	LOC111120601	uncharacterized LOC111120601	protein-coding	Symbol
LOC111120623	12	111120623	LOC111120623	uncharacterized LOC111120623	protein-coding	Symbol
LOC111120681	12	111120681	LOC111120681	synaptogyrin-2-like	protein-coding	Symbol
LOC111120856	12	111120856	LOC111120856	core histone macro-H2A.1-like	protein-coding	Symbol
LOC111120962	12	NA	NA	NA	NA	NA
LOC111121011	12	111121011	LOC111121011	THO complex subunit 1-like	protein-coding	Symbol
LOC111121119	12	111121119	LOC111121119	85/88 kDa calcium-independent phospholipase A2-like	protein-coding	Symbol
LOC111121604	12	111121604	LOC111121604	eukaryotic translation elongation factor 1 epsilon-1-like	protein-coding	Symbol
LOC111122141	12	111122141	LOC111122141	cystathionine gamma-lyase-like	protein-coding	Symbol
LOC111122432	12	111122432	LOC111122432	nardilysin-like	protein-coding	Symbol
LOC111122786	12	NA	NA	NA	NA	NA
LOC111123074	12	111123074	LOC111123074	ATP-dependent RNA helicase DDX51-like	protein-coding	Symbol
LOC111123582	12	111123582	LOC111123582	uncharacterized LOC111123582	protein-coding	Symbol
LOC111124853	12	111124853	LOC111124853	protein diaphanous homolog 2-like	protein-coding	Symbol
LOC111124928	12	111124928	LOC111124928	uncharacterized LOC111124928	protein-coding	Symbol
LOC111125713	12	111125713	LOC111125713	uncharacterized LOC111125713	protein-coding	Symbol
LOC111125769	12	111125769	LOC111125769	uncharacterized LOC111125769	protein-coding	Symbol
LOC111126237	12	111126237	LOC111126237	Golgi reassembly-stacking protein 2-like	protein-coding	Symbol
LOC111126568	12	111126568	LOC111126568	electroneutral sodium bicarbonate exchanger 1-like	protein-coding	Symbol
LOC111126761	12	111126761	LOC111126761	uncharacterized LOC111126761	protein-coding	Symbol
LOC111127592	12	111127592	LOC111127592	uncharacterized LOC111127592	protein-coding	Symbol
LOC111127899	12	111127899	LOC111127899	uncharacterized LOC111127899	protein-coding	Symbol
LOC111128203	12	111128203	LOC111128203	protein YIPF4-like	protein-coding	Symbol
LOC111128424	12	NA	NA	NA	NA	NA
LOC111128835	12	NA	NA	NA	NA	NA
LOC111129066	12	NA	NA	NA	NA	NA
LOC111129997	12	111129997	LOC111129997	ras guanyl-releasing protein 3-like	protein-coding	Symbol
LOC111130067	12	111130067	LOC111130067	putative transcription factor p65 homolog	protein-coding	Symbol
LOC111130074	12	NA	NA	NA	NA	NA
LOC111130880	12	111130880	LOC111130880	tRNA (adenine(58)-N(1))-methyltransferase non-catalytic subunit TRM6-like	protein-coding	Symbol
LOC111130934	12	111130934	LOC111130934	cdc42 homolog	protein-coding	Symbol
LOC111131381	12	111131381	LOC111131381	acyl-coenzyme A thioesterase 1-like	protein-coding	Symbol
LOC111131819	12	111131819	LOC111131819	igLON family member 5-like	protein-coding	Symbol
LOC111132075	12	111132075	LOC111132075	acetyl-coenzyme A transporter 1-like	protein-coding	Symbol
LOC111132103	12	111132103	LOC111132103	RING-box protein 2-like	protein-coding	Symbol
LOC111132159	12	111132159	LOC111132159	beta-1,4-galactosyltransferase 7-like	protein-coding	Symbol
LOC111132209	12	111132209	LOC111132209	uncharacterized LOC111132209	protein-coding	Symbol
LOC111132459	12	NA	NA	NA	NA	NA
LOC111133078	12	111133078	LOC111133078	D-2-hydroxyglutarate dehydrogenase, mitochondrial-like	protein-coding	Symbol
LOC111133318	12	111133318	LOC111133318	secreted frizzled-related protein 5-like	protein-coding	Symbol
LOC111133641	12	111133641	LOC111133641	emopamil-binding protein-like	protein-coding	Symbol
LOC111133777	12	111133777	LOC111133777	protein SYS1 homolog	protein-coding	Symbol
LOC111133801	12	111133801	LOC111133801	CD109 antigen-like	protein-coding	Symbol
LOC111134045	12	111134045	LOC111134045	BTB/POZ domain-containing protein kctd15-like	protein-coding	Symbol
LOC111134203	12	111134203	LOC111134203	monocarboxylate transporter 12-like	protein-coding	Symbol
LOC111134524	12	111134524	LOC111134524	vigilin-like	protein-coding	Symbol
LOC111134691	12	111134691	LOC111134691	NAD(+) hydrolase SARM1-like	protein-coding	Symbol
LOC111134749	12	111134749	LOC111134749	ATP-dependent zinc metalloprotease FtsH-like	protein-coding	Symbol
LOC111134766	12	111134766	LOC111134766	uncharacterized LOC111134766	protein-coding	Symbol
LOC111134769	12	111134769	LOC111134769	glypican-5-like	protein-coding	Symbol
LOC111134791	12	111134791	LOC111134791	uncharacterized LOC111134791	protein-coding	Symbol
LOC111134795	12	111134795	LOC111134795	condensin complex subunit 2-like	protein-coding	Symbol
LOC111135199	12	111135199	LOC111135199	tectonic-like complex member MKS1	protein-coding	Symbol
LOC111135388	12	NA	NA	NA	NA	NA
LOC111135417	12	111135417	LOC111135417	zinc finger homeobox protein 4-like	protein-coding	Symbol
LOC111135418	12	111135418	LOC111135418	uncharacterized LOC111135418	protein-coding	Symbol
LOC111135912	12	111135912	LOC111135912	ribosome biogenesis protein bop1-A-like	protein-coding	Symbol
LOC111136150	12	111136150	LOC111136150	uncharacterized LOC111136150	protein-coding	Symbol
LOC111136322	12	NA	NA	NA	NA	NA
LOC111136535	12	NA	NA	NA	NA	NA
LOC111136586	12	NA	NA	NA	NA	NA
LOC111136669	12	111136669	LOC111136669	unconventional myosin-XVI-like	protein-coding	Symbol
LOC111137072	12	NA	NA	NA	NA	NA
LOC111137265	12	NA	NA	NA	NA	NA
LOC111137833	12	111137833	LOC111137833	uncharacterized LOC111137833	protein-coding	Symbol
LOC111137861	12	111137861	LOC111137861	aquaporin AQPAn.G-like	protein-coding	Symbol
LOC111137936	12	111137936	LOC111137936	sperm flagellar protein 1-like	protein-coding	Symbol
LOC111099471	11	111099471	LOC111099471	UBX domain-containing protein 4-like	protein-coding	Symbol
LOC111099797	11	111099797	LOC111099797	uncharacterized LOC111099797	protein-coding	Symbol
LOC111100600	11	111100600	LOC111100600	man(5)GlcNAc(2)-PP-dolichol translocation protein RFT1-like	protein-coding	Symbol
LOC111101249	11	111101249	LOC111101249	inositol polyphosphate 5-phosphatase OCRL-like	protein-coding	Symbol
LOC111102613	11	111102613	LOC111102613	uncharacterized LOC111102613	protein-coding	Symbol
LOC111102814	11	111102814	LOC111102814	uncharacterized LOC111102814	protein-coding	Symbol
LOC111104456	11	111104456	LOC111104456	dnaJ homolog subfamily C member 8-like	protein-coding	Symbol
LOC111104514	11	111104514	LOC111104514	toll-like receptor Tollo	protein-coding	Symbol
LOC111106301	11	111106301	LOC111106301	diamine acetyltransferase 1-like	protein-coding	Symbol
LOC111106421	11	111106421	LOC111106421	uncharacterized LOC111106421	protein-coding	Symbol
LOC111106473	11	111106473	LOC111106473	uncharacterized LOC111106473	protein-coding	Symbol
LOC111106699	11	111106699	LOC111106699	cysteine-rich DPF motif domain-containing protein 1-like	protein-coding	Symbol
LOC111107014	11	111107014	LOC111107014	uncharacterized LOC111107014	protein-coding	Symbol
LOC111107103	11	111107103	LOC111107103	uncharacterized LOC111107103	protein-coding	Symbol
LOC111107138	11	111107138	LOC111107138	uncharacterized LOC111107138	protein-coding	Symbol
LOC111107200	11	111107200	LOC111107200	serine/threonine-protein kinase TBK1-like	protein-coding	Symbol
LOC111107238	11	111107238	LOC111107238	reelin-like	protein-coding	Symbol
LOC111107307	11	111107307	LOC111107307	FYVE, RhoGEF and PH domain-containing protein 3-like	protein-coding	Symbol
LOC111107578	11	111107578	LOC111107578	uncharacterized LOC111107578	protein-coding	Symbol
LOC111107913	11	111107913	LOC111107913	filamin-A-like	protein-coding	Symbol
LOC111109562	11	111109562	LOC111109562	uncharacterized LOC111109562	protein-coding	Symbol
LOC111109968	11	111109968	LOC111109968	DNA-directed RNA polymerases I and III subunit RPAC2-like	protein-coding	Symbol
LOC111110860	11	111110860	LOC111110860	atrial natriuretic peptide receptor 1-like	protein-coding	Symbol
LOC111111095	11	111111095	LOC111111095	alpha-L-fucosidase-like	protein-coding	Symbol
LOC111112563	11	NA	NA	NA	NA	NA
LOC111112734	11	111112734	LOC111112734	galanin receptor type 1-like	protein-coding	Symbol
LOC111113039	11	111113039	LOC111113039	uncharacterized LOC111113039	protein-coding	Symbol
LOC111113325	11	111113325	LOC111113325	uncharacterized LOC111113325	protein-coding	Symbol
LOC111114609	11	111114609	LOC111114609	late secretory pathway protein AVL9 homolog	protein-coding	Symbol
LOC111114626	11	111114626	LOC111114626	uncharacterized LOC111114626	protein-coding	Symbol
LOC111114744	11	111114744	LOC111114744	lysophosphatidic acid phosphatase type 6-like	protein-coding	Symbol
LOC111115327	11	111115327	LOC111115327	uncharacterized LOC111115327	protein-coding	Symbol
LOC111116124	11	111116124	LOC111116124	plexin domain-containing protein 1-like	protein-coding	Symbol
LOC111116308	11	111116308	LOC111116308	uncharacterized LOC111116308	protein-coding	Symbol
LOC111117705	11	NA	NA	NA	NA	NA
LOC111117872	11	111117872	LOC111117872	signal peptidase complex catalytic subunit SEC11A	protein-coding	Symbol
LOC111118301	11	111118301	LOC111118301	big defensin-like	protein-coding	Symbol
LOC111118333	11	111118333	LOC111118333	N-acetyltaurine hydrolase-like	protein-coding	Symbol
LOC111118479	11	111118479	LOC111118479	growth arrest and DNA damage-inducible protein GADD45 alpha-like	protein-coding	Symbol
LOC111118823	11	111118823	LOC111118823	protein FAM149B1-like	protein-coding	Symbol
LOC111118911	11	111118911	LOC111118911	sorting nexin-8-like	protein-coding	Symbol
LOC111119204	11	NA	NA	NA	NA	NA
LOC111119744	11	111119744	LOC111119744	sorting nexin-29-like	protein-coding	Symbol
LOC111119854	11	111119854	LOC111119854	uncharacterized LOC111119854	protein-coding	Symbol
LOC111120228	11	111120228	LOC111120228	menorin-like	protein-coding	Symbol
LOC111120513	11	111120513	LOC111120513	rab11 family-interacting protein 4B-like	protein-coding	Symbol
LOC111120732	11	111120732	LOC111120732	uncharacterized LOC111120732	protein-coding	Symbol
LOC111120835	11	111120835	LOC111120835	transmembrane 9 superfamily member 4-like	protein-coding	Symbol
LOC111121730	11	111121730	LOC111121730	rho GTPase-activating protein 24-like	protein-coding	Symbol
LOC111121893	11	111121893	LOC111121893	multivesicular body subunit 12B-like	protein-coding	Symbol
LOC111122273	11	111122273	LOC111122273	uncharacterized LOC111122273	protein-coding	Symbol
LOC111122371	11	111122371	LOC111122371	carbohydrate sulfotransferase 15-like	protein-coding	Symbol
LOC111122517	11	111122517	LOC111122517	neo-calmodulin-like	protein-coding	Symbol
LOC111123103	11	111123103	LOC111123103	apoptosis-inducing factor 1, mitochondrial-like	protein-coding	Symbol
LOC111123314	11	111123314	LOC111123314	cholesterol 7-desaturase nvd-like	protein-coding	Symbol
LOC111123614	11	111123614	LOC111123614	uncharacterized LOC111123614	ncRNA	Symbol
LOC111123615	11	NA	NA	NA	NA	NA
LOC111123691	11	111123691	LOC111123691	putative phospholipid-transporting ATPase IA	protein-coding	Symbol
LOC111123820	11	111123820	LOC111123820	uncharacterized LOC111123820	pseudo	Symbol
LOC111123831	11	111123831	LOC111123831	uncharacterized LOC111123831	protein-coding	Symbol
LOC111123892	11	111123892	LOC111123892	uncharacterized LOC111123892	protein-coding	Symbol
LOC111124002	11	111124002	LOC111124002	uncharacterized LOC111124002	protein-coding	Symbol
LOC111124173	11	111124173	LOC111124173	cytochrome P450 2B4-like	protein-coding	Symbol
LOC111124351	11	NA	NA	NA	NA	NA
LOC111124358	11	111124358	LOC111124358	uncharacterized LOC111124358	protein-coding	Symbol
LOC111124528	11	111124528	LOC111124528	transient receptor potential cation channel subfamily M member-like 2	protein-coding	Symbol
LOC111124731	11	111124731	LOC111124731	ribosome-recycling factor-like	protein-coding	Symbol
LOC111124932	11	111124932	LOC111124932	nucleoporin NUP188-like	protein-coding	Symbol
LOC111125377	11	111125377	LOC111125377	uncharacterized LOC111125377	protein-coding	Symbol
LOC111125811	11	111125811	LOC111125811	uncharacterized LOC111125811	protein-coding	Symbol
LOC111125906	11	111125906	LOC111125906	uncharacterized LOC111125906	protein-coding	Symbol
LOC111125911	11	111125911	LOC111125911	heat shock 70 kDa protein 12A-like	protein-coding	Symbol
LOC111126366	11	111126366	LOC111126366	uncharacterized LOC111126366	protein-coding	Symbol
LOC111126576	11	111126576	LOC111126576	uncharacterized LOC111126576	protein-coding	Symbol
LOC111126828	11	111126828	LOC111126828	cytoplasmic dynein 1 intermediate chain 2-like	protein-coding	Symbol
LOC111127011	11	111127011	LOC111127011	vesicle-trafficking protein SEC22b-like	protein-coding	Symbol
LOC111128031	11	111128031	LOC111128031	dehydrogenase/reductase SDR family member 7-like	protein-coding	Symbol
LOC111128057	11	111128057	LOC111128057	gamma-glutamyl hydrolase-like	protein-coding	Symbol
LOC111128337	11	111128337	LOC111128337	C-1-tetrahydrofolate synthase, cytoplasmic-like	protein-coding	Symbol
LOC111128675	11	111128675	LOC111128675	BTB/POZ domain-containing protein 1-like	protein-coding	Symbol
LOC111128933	11	111128933	LOC111128933	high affinity cAMP-specific and IBMX-insensitive 3',5'-cyclic phosphodiesterase 8B-like	protein-coding	Symbol
LOC111129169	11	111129169	LOC111129169	chondroitin sulfate proteoglycan 4-like	protein-coding	Symbol
LOC111129415	11	NA	NA	NA	NA	NA
LOC111129844	11	111129844	LOC111129844	vam6/Vps39-like protein	protein-coding	Symbol
LOC111130063	11	111130063	LOC111130063	leucine-rich repeat-containing protein 9-like	protein-coding	Symbol
LOC111130150	11	111130150	LOC111130150	symplekin-like	protein-coding	Symbol
LOC111130293	11	111130293	LOC111130293	protein dispatched homolog 1-like	protein-coding	Symbol
LOC111130310	11	111130310	LOC111130310	dual E2 ubiquitin-conjugating enzyme/E3 ubiquitin-protein ligase BIRC6-like	protein-coding	Symbol
LOC111131304	11	111131304	LOC111131304	uncharacterized LOC111131304	protein-coding	Symbol
LOC111132057	11	111132057	LOC111132057	phosphatidylinositol 3,4,5-trisphosphate 5-phosphatase 2A-like	protein-coding	Symbol
LOC111132741	11	111132741	LOC111132741	uncharacterized LOC111132741	protein-coding	Symbol
LOC111132956	11	111132956	LOC111132956	dehydrogenase/reductase SDR family member 12-like	protein-coding	Symbol
LOC111132957	11	111132957	LOC111132957	uncharacterized LOC111132957	protein-coding	Symbol
LOC111133244	11	111133244	LOC111133244	uncharacterized LOC111133244	protein-coding	Symbol
LOC111133262	11	111133262	LOC111133262	E3 ubiquitin-protein ligase AMFR-like	protein-coding	Symbol
LOC111133382	11	111133382	LOC111133382	uncharacterized LOC111133382	protein-coding	Symbol
LOC111133445	11	111133445	LOC111133445	glycosyltransferase 1 domain-containing protein 1-like	protein-coding	Symbol
LOC111133538	11	111133538	LOC111133538	uncharacterized LOC111133538	protein-coding	Symbol
LOC111133737	11	111133737	LOC111133737	uncharacterized LOC111133737	protein-coding	Symbol
LOC111133759	11	111133759	LOC111133759	uncharacterized LOC111133759	protein-coding	Symbol
LOC111133851	11	111133851	LOC111133851	vitamin D3 receptor-like	protein-coding	Symbol
LOC111134038	11	111134038	LOC111134038	uncharacterized LOC111134038	protein-coding	Symbol
LOC111134048	11	111134048	LOC111134048	uncharacterized LOC111134048	protein-coding	Symbol
LOC111134059	11	111134059	LOC111134059	rabphilin-3A-like	protein-coding	Symbol
LOC111134397	11	111134397	LOC111134397	copine-3-like	protein-coding	Symbol
LOC111134497	11	111134497	LOC111134497	uncharacterized LOC111134497	protein-coding	Symbol
LOC111134616	11	111134616	LOC111134616	uncharacterized LOC111134616	protein-coding	Symbol
LOC111134792	11	NA	NA	NA	NA	NA
LOC111134882	11	111134882	LOC111134882	endothelin-converting enzyme homolog	protein-coding	Symbol
LOC111135354	11	NA	NA	NA	NA	NA
LOC111135369	11	111135369	LOC111135369	uncharacterized LOC111135369	protein-coding	Symbol
LOC111135413	11	111135413	LOC111135413	uncharacterized LOC111135413	protein-coding	Symbol
LOC111135452	11	111135452	LOC111135452	SAGA-associated factor 29-like	protein-coding	Symbol
LOC111135714	11	111135714	LOC111135714	uncharacterized LOC111135714	protein-coding	Symbol
LOC111135739	11	111135739	LOC111135739	leucine-rich repeat-containing protein 47-like	protein-coding	Symbol
LOC111135947	11	111135947	LOC111135947	transient receptor potential cation channel subfamily M member-like 2	protein-coding	Symbol
LOC111136140	11	111136140	LOC111136140	E3 ubiquitin-protein ligase KCMF1-like	protein-coding	Symbol
LOC111136304	11	111136304	LOC111136304	uncharacterized LOC111136304	protein-coding	Symbol
LOC111136450	11	111136450	LOC111136450	uncharacterized LOC111136450	protein-coding	Symbol
LOC111136667	11	111136667	LOC111136667	TAR DNA-binding protein 43-like	protein-coding	Symbol
LOC111137058	11	111137058	LOC111137058	uncharacterized LOC111137058	protein-coding	Symbol
LOC111137821	11	111137821	LOC111137821	uncharacterized LOC111137821	protein-coding	Symbol
LOC111137986	11	111137986	LOC111137986	plasmanylethanolamine desaturase 1-like	protein-coding	Symbol
LOC111138076	11	111138076	LOC111138076	insulin-like growth factor-binding protein-related protein 1	protein-coding	Symbol
LOC111138141	11	111138141	LOC111138141	uncharacterized LOC111138141	protein-coding	Symbol
LOC111099120	10	111099120	LOC111099120	neuroglobin-like	protein-coding	Symbol
LOC111099717	10	111099717	LOC111099717	matrix metalloproteinase-24-like	protein-coding	Symbol
LOC111099882	10	111099882	LOC111099882	hexokinase type 2-like	protein-coding	Symbol
LOC111100347	10	111100347	LOC111100347	cytosolic phospholipase A2-like	protein-coding	Symbol
LOC111100383	10	111100383	LOC111100383	von Willebrand factor D and EGF domain-containing protein-like	protein-coding	Symbol
LOC111100851	10	111100851	LOC111100851	centrosomal protein of 290 kDa-like	protein-coding	Symbol
LOC111101832	10	111101832	LOC111101832	tyrosine--tRNA ligase, cytoplasmic-like	protein-coding	Symbol
LOC111102125	10	111102125	LOC111102125	lamin-B2.L-like	protein-coding	Symbol
LOC111102474	10	111102474	LOC111102474	uncharacterized LOC111102474	protein-coding	Symbol
LOC111102515	10	111102515	LOC111102515	uncharacterized LOC111102515	protein-coding	Symbol
LOC111102753	10	111102753	LOC111102753	protein lifeguard 3-like	protein-coding	Symbol
LOC111103297	10	NA	NA	NA	NA	NA
LOC111104398	10	111104398	LOC111104398	peroxiredoxin-like	protein-coding	Symbol
LOC111106358	10	NA	NA	NA	NA	NA
LOC111106496	10	111106496	LOC111106496	nuclear respiratory factor 1-like	protein-coding	Symbol
LOC111106648	10	111106648	LOC111106648	inositol-pentakisphosphate 2-kinase-like	protein-coding	Symbol
LOC111106650	10	111106650	LOC111106650	uncharacterized LOC111106650	protein-coding	Symbol
LOC111107066	10	111107066	LOC111107066	uncharacterized LOC111107066	protein-coding	Symbol
LOC111107173	10	111107173	LOC111107173	macrophage-expressed gene 1 protein-like	protein-coding	Symbol
LOC111108029	10	111108029	LOC111108029	glutamate receptor U1-like	protein-coding	Symbol
LOC111108517	10	111108517	LOC111108517	pre-mRNA-splicing factor ISY1 homolog	protein-coding	Symbol
LOC111108597	10	111108597	LOC111108597	uncharacterized LOC111108597	protein-coding	Symbol
LOC111108756	10	111108756	LOC111108756	large ribosomal subunit protein mL46-like	protein-coding	Symbol
LOC111109638	10	NA	NA	NA	NA	NA
LOC111110244	10	111110244	LOC111110244	uncharacterized LOC111110244	protein-coding	Symbol
LOC111110393	10	111110393	LOC111110393	uncharacterized LOC111110393	protein-coding	Symbol
LOC111111290	10	111111290	LOC111111290	uncharacterized LOC111111290	protein-coding	Symbol
LOC111111758	10	111111758	LOC111111758	integrator complex subunit 15-like	protein-coding	Symbol
LOC111112865	10	111112865	LOC111112865	sec1 family domain-containing protein 1-like	protein-coding	Symbol
LOC111113022	10	111113022	LOC111113022	uncharacterized protein KIAA0930 homolog	protein-coding	Symbol
LOC111113212	10	111113212	LOC111113212	uncharacterized LOC111113212	protein-coding	Symbol
LOC111113357	10	111113357	LOC111113357	inositol hexakisphosphate kinase 3-like	protein-coding	Symbol
LOC111115104	10	111115104	LOC111115104	uncharacterized LOC111115104	protein-coding	Symbol
LOC111115123	10	111115123	LOC111115123	one cut domain family member 2-like	protein-coding	Symbol
LOC111115795	10	111115795	LOC111115795	partitioning defective 3 homolog	protein-coding	Symbol
LOC111115962	10	111115962	LOC111115962	uncharacterized LOC111115962	protein-coding	Symbol
LOC111116776	10	NA	NA	NA	NA	NA
LOC111116791	10	111116791	LOC111116791	uncharacterized LOC111116791	protein-coding	Symbol
LOC111117354	10	111117354	LOC111117354	uncharacterized LOC111117354	protein-coding	Symbol
LOC111117769	10	111117769	LOC111117769	sulfotransferase 4A1-like	protein-coding	Symbol
LOC111117924	10	111117924	LOC111117924	suppressor of cytokine signaling 2-like	protein-coding	Symbol
LOC111117955	10	111117955	LOC111117955	uncharacterized LOC111117955	protein-coding	Symbol
LOC111118002	10	111118002	LOC111118002	transcription elongation factor A protein 1-like	protein-coding	Symbol
LOC111118200	10	111118200	LOC111118200	GDP-fucose protein O-fucosyltransferase 2-like	protein-coding	Symbol
LOC111118316	10	111118316	LOC111118316	protein FAM199X-like	protein-coding	Symbol
LOC111118384	10	111118384	LOC111118384	tryparedoxin-like	protein-coding	Symbol
LOC111118667	10	111118667	LOC111118667	ER lumen protein-retaining receptor 2	protein-coding	Symbol
LOC111119044	10	111119044	LOC111119044	heat shock protein hsp-16.2-like	protein-coding	Symbol
LOC111119108	10	111119108	LOC111119108	3-phosphoinositide-dependent protein kinase 1-like	protein-coding	Symbol
LOC111119192	10	111119192	LOC111119192	uncharacterized LOC111119192	protein-coding	Symbol
LOC111119234	10	111119234	LOC111119234	uncharacterized LOC111119234	protein-coding	Symbol
LOC111119282	10	111119282	LOC111119282	alpha-N-acetylglucosaminidase-like	protein-coding	Symbol
LOC111119331	10	111119331	LOC111119331	eukaryotic elongation factor 2 kinase-like	protein-coding	Symbol
LOC111120738	10	NA	NA	NA	NA	NA
LOC111120905	10	111120905	LOC111120905	uncharacterized LOC111120905	protein-coding	Symbol
LOC111121639	10	111121639	LOC111121639	sodium-dependent lysophosphatidylcholine symporter 1-like	protein-coding	Symbol
LOC111121708	10	111121708	LOC111121708	uncharacterized LOC111121708	protein-coding	Symbol
LOC111121715	10	NA	NA	NA	NA	NA
LOC111121770	10	111121770	LOC111121770	WD repeat-containing protein 90-like	protein-coding	Symbol
LOC111122194	10	111122194	LOC111122194	uncharacterized LOC111122194	protein-coding	Symbol
LOC111122446	10	111122446	LOC111122446	organic solute transporter subunit alpha-like	protein-coding	Symbol
LOC111122694	10	111122694	LOC111122694	B-cell lymphoma/leukemia 10-like	protein-coding	Symbol
LOC111122695	10	111122695	LOC111122695	uncharacterized LOC111122695	protein-coding	Symbol
LOC111123311	10	NA	NA	NA	NA	NA
LOC111123815	10	111123815	LOC111123815	glycerophosphocholine phosphodiesterase GPCPD1-like	protein-coding	Symbol
LOC111124155	10	111124155	LOC111124155	tudor domain-containing protein 7-like	protein-coding	Symbol
LOC111124310	10	NA	NA	NA	NA	NA
LOC111124556	10	111124556	LOC111124556	uncharacterized LOC111124556	protein-coding	Symbol
LOC111124617	10	111124617	LOC111124617	uncharacterized LOC111124617	protein-coding	Symbol
LOC111124649	10	111124649	LOC111124649	rho GTPase-activating protein 26-like	protein-coding	Symbol
LOC111124715	10	111124715	LOC111124715	protein inturned-like	protein-coding	Symbol
LOC111125034	10	111125034	LOC111125034	uncharacterized LOC111125034	protein-coding	Symbol
LOC111125148	10	111125148	LOC111125148	aromatic-L-amino-acid decarboxylase-like	protein-coding	Symbol
LOC111125592	10	NA	NA	NA	NA	NA
LOC111125726	10	111125726	LOC111125726	iduronate 2-sulfatase-like	protein-coding	Symbol
LOC111125755	10	111125755	LOC111125755	telomerase reverse transcriptase-like	protein-coding	Symbol
LOC111125918	10	111125918	LOC111125918	solute carrier family 35 member F5-like	protein-coding	Symbol
LOC111125941	10	111125941	LOC111125941	uncharacterized LOC111125941	protein-coding	Symbol
LOC111126162	10	111126162	LOC111126162	UDP-N-acetylglucosamine--dolichyl-phosphate N-acetylglucosaminephosphotransferase-like	protein-coding	Symbol
LOC111126338	10	111126338	LOC111126338	phosphatidylinositol 4-phosphate 3-kinase C2 domain-containing subunit alpha-like	protein-coding	Symbol
LOC111126461	10	NA	NA	NA	NA	NA
LOC111126641	10	111126641	LOC111126641	prolow-density lipoprotein receptor-related protein 1-like	protein-coding	Symbol
LOC111126767	10	111126767	LOC111126767	sodium- and chloride-dependent GABA transporter 1-like	protein-coding	Symbol
LOC111127411	10	111127411	LOC111127411	monocarboxylate transporter 9-like	protein-coding	Symbol
LOC111127874	10	111127874	LOC111127874	universal stress protein in QAH/OAS sulfhydrylase 3'region-like	protein-coding	Symbol
LOC111128134	10	111128134	LOC111128134	putative methyltransferase-like protein 24	protein-coding	Symbol
LOC111128346	10	NA	NA	NA	NA	NA
LOC111128359	10	NA	NA	NA	NA	NA
LOC111128718	10	NA	NA	NA	NA	NA
LOC111128770	10	111128770	LOC111128770	AP-4 complex subunit sigma-1-like	protein-coding	Symbol
LOC111129063	10	NA	NA	NA	NA	NA
LOC111129189	10	111129189	LOC111129189	hypoxia-inducible factor 1-alpha	protein-coding	Symbol
LOC111129313	10	111129313	LOC111129313	serine/arginine-rich splicing factor 5-like	protein-coding	Symbol
LOC111129791	10	111129791	LOC111129791	flap endonuclease GEN homolog 1-like	protein-coding	Symbol
LOC111129916	10	111129916	LOC111129916	archaemetzincin-2-like	protein-coding	Symbol
LOC111129945	10	111129945	LOC111129945	protein FAM50A-A-like	protein-coding	Symbol
LOC111129967	10	111129967	LOC111129967	ral GTPase-activating protein subunit alpha-1-like	protein-coding	Symbol
LOC111130086	10	111130086	LOC111130086	dual specificity protein phosphatase 10-like	protein-coding	Symbol
LOC111130282	10	111130282	LOC111130282	ubiquinone biosynthesis monooxygenase COQ6, mitochondrial-like	protein-coding	Symbol
LOC111130563	10	111130563	LOC111130563	thrombospondin type-1 domain-containing protein 4-like	protein-coding	Symbol
LOC111130621	10	NA	NA	NA	NA	NA
LOC111130672	10	111130672	LOC111130672	uncharacterized LOC111130672	protein-coding	Symbol
LOC111130970	10	111130970	LOC111130970	mitochondrial amidoxime reducing component 2-like	protein-coding	Symbol
LOC111131637	10	111131637	LOC111131637	putative histone H1.6	protein-coding	Symbol
LOC111131805	10	111131805	LOC111131805	serine/threonine-protein kinase D1-like	protein-coding	Symbol
LOC111132556	10	111132556	LOC111132556	cytochrome P450 2B4-like	protein-coding	Symbol
LOC111132822	10	NA	NA	NA	NA	NA
LOC111132894	10	111132894	LOC111132894	conditioned medium factor receptor 1-like	protein-coding	Symbol
LOC111132999	10	111132999	LOC111132999	soluble NSF attachment protein 29-like	protein-coding	Symbol
LOC111133147	10	111133147	LOC111133147	DNA-directed RNA polymerase, mitochondrial-like	protein-coding	Symbol
LOC111133285	10	111133285	LOC111133285	membrane progestin receptor gamma-B-like	protein-coding	Symbol
LOC111133610	10	111133610	LOC111133610	transmembrane protein 134-like	protein-coding	Symbol
LOC111133779	10	111133779	LOC111133779	uncharacterized LOC111133779	protein-coding	Symbol
LOC111133812	10	111133812	LOC111133812	TLC domain-containing protein 2-like	protein-coding	Symbol
LOC111134167	10	NA	NA	NA	NA	NA
LOC111134325	10	111134325	LOC111134325	apolipoprotein D-like	protein-coding	Symbol
LOC111134446	10	111134446	LOC111134446	nuclear envelope phosphatase-regulatory subunit 1-like	protein-coding	Symbol
LOC111134663	10	111134663	LOC111134663	clathrin heavy chain 2-like	protein-coding	Symbol
LOC111134793	10	111134793	LOC111134793	uncharacterized LOC111134793	protein-coding	Symbol
LOC111135135	10	111135135	LOC111135135	uncharacterized LOC111135135	protein-coding	Symbol
LOC111135153	10	111135153	LOC111135153	phosphorylase b kinase regulatory subunit beta-like	protein-coding	Symbol
LOC111135159	10	111135159	LOC111135159	galactose mutarotase-like	protein-coding	Symbol
LOC111135240	10	111135240	LOC111135240	uncharacterized LOC111135240	protein-coding	Symbol
LOC111135410	10	111135410	LOC111135410	RING finger protein 24-like	protein-coding	Symbol
LOC111135440	10	NA	NA	NA	NA	NA
LOC111135451	10	111135451	LOC111135451	coiled-coil domain-containing protein 157-like	protein-coding	Symbol
LOC111135474	10	111135474	LOC111135474	coiled-coil domain-containing protein 130 homolog	protein-coding	Symbol
LOC111135570	10	111135570	LOC111135570	retinoic acid receptor alpha-like	protein-coding	Symbol
LOC111135578	10	111135578	LOC111135578	nicotinamide/nicotinic acid mononucleotide adenylyltransferase 1-like	protein-coding	Symbol
LOC111135949	10	111135949	LOC111135949	neurofibromin-like	protein-coding	Symbol
LOC111136013	10	111136013	LOC111136013	uncharacterized LOC111136013	protein-coding	Symbol
LOC111136128	10	111136128	LOC111136128	uncharacterized LOC111136128	protein-coding	Symbol
LOC111136376	10	111136376	LOC111136376	mitochondrial proton/calcium exchanger protein-like	protein-coding	Symbol
LOC111136389	10	111136389	LOC111136389	uncharacterized LOC111136389	protein-coding	Symbol
LOC111136521	10	111136521	LOC111136521	trafficking protein particle complex subunit 1-like	protein-coding	Symbol
LOC111137005	10	111137005	LOC111137005	6-phosphogluconate dehydrogenase, decarboxylating-like	protein-coding	Symbol
LOC111137009	10	111137009	LOC111137009	F-actin-uncapping protein LRRC16A-like	protein-coding	Symbol
LOC111137027	10	111137027	LOC111137027	uncharacterized LOC111137027	protein-coding	Symbol
LOC111137272	10	111137272	LOC111137272	uncharacterized LOC111137272	protein-coding	Symbol
LOC111137898	10	NA	NA	NA	NA	NA
LOC111099598	9	NA	NA	NA	NA	NA
LOC111100344	9	111100344	LOC111100344	unconventional myosin-VI-like	protein-coding	Symbol
LOC111102828	9	111102828	LOC111102828	uncharacterized LOC111102828	protein-coding	Symbol
LOC111103796	9	111103796	LOC111103796	thymidine phosphorylase-like	protein-coding	Symbol
LOC111103858	9	NA	NA	NA	NA	NA
LOC111104055	9	111104055	LOC111104055	uncharacterized LOC111104055	protein-coding	Symbol
LOC111104323	9	NA	NA	NA	NA	NA
LOC111104345	9	111104345	LOC111104345	major vault protein-like	protein-coding	Symbol
LOC111104381	9	NA	NA	NA	NA	NA
LOC111105449	9	NA	NA	NA	NA	NA
LOC111105866	9	111105866	LOC111105866	succinate--CoA ligase [GDP-forming] subunit beta, mitochondrial-like	protein-coding	Symbol
LOC111106293	9	111106293	LOC111106293	inter-alpha-trypsin inhibitor heavy chain H4-like	protein-coding	Symbol
LOC111106450	9	111106450	LOC111106450	macrophage-expressed gene 1 protein-like	protein-coding	Symbol
LOC111106654	9	111106654	LOC111106654	N-acyl-phosphatidylethanolamine-hydrolyzing phospholipase D-like	protein-coding	Symbol
LOC111106702	9	111106702	LOC111106702	uncharacterized LOC111106702	protein-coding	Symbol
LOC111106797	9	111106797	LOC111106797	uncharacterized LOC111106797	protein-coding	Symbol
LOC111107281	9	111107281	LOC111107281	uncharacterized LOC111107281	protein-coding	Symbol
LOC111107415	9	NA	NA	NA	NA	NA
LOC111107766	9	111107766	LOC111107766	uncharacterized LOC111107766	protein-coding	Symbol
LOC111107912	9	111107912	LOC111107912	alanine aminotransferase 2-like	protein-coding	Symbol
LOC111108128	9	111108128	LOC111108128	endosome/lysosome-associated apoptosis and autophagy regulator family member 2-like	protein-coding	Symbol
LOC111108298	9	NA	NA	NA	NA	NA
LOC111108438	9	111108438	LOC111108438	DNA-(apurinic or apyrimidinic site) endonuclease 2-like	protein-coding	Symbol
LOC111108723	9	111108723	LOC111108723	universal stress protein YxiE-like	protein-coding	Symbol
LOC111109095	9	NA	NA	NA	NA	NA
LOC111109506	9	111109506	LOC111109506	uncharacterized LOC111109506	protein-coding	Symbol
LOC111110331	9	111110331	LOC111110331	RNA helicase Mov10l1-like	protein-coding	Symbol
LOC111110372	9	111110372	LOC111110372	formylglycine-generating enzyme-like	protein-coding	Symbol
LOC111110958	9	NA	NA	NA	NA	NA
LOC111112749	9	111112749	LOC111112749	uncharacterized LOC111112749	protein-coding	Symbol
LOC111112938	9	111112938	LOC111112938	wolframin-like	protein-coding	Symbol
LOC111113273	9	111113273	LOC111113273	centrosomal protein of 78 kDa-like	protein-coding	Symbol
LOC111113369	9	111113369	LOC111113369	kelch-like protein 24	protein-coding	Symbol
LOC111113945	9	NA	NA	NA	NA	NA
LOC111114632	9	111114632	LOC111114632	tRNA N6-adenosine threonylcarbamoyltransferase, mitochondrial-like	protein-coding	Symbol
LOC111114694	9	111114694	LOC111114694	thioredoxin-like protein 1	protein-coding	Symbol
LOC111114836	9	111114836	LOC111114836	tropomodulin-1-like	protein-coding	Symbol
LOC111114928	9	111114928	LOC111114928	calcitonin receptor-like	protein-coding	Symbol
LOC111115907	9	111115907	LOC111115907	uncharacterized LOC111115907	protein-coding	Symbol
LOC111115955	9	111115955	LOC111115955	uncharacterized LOC111115955	protein-coding	Symbol
LOC111116764	9	111116764	LOC111116764	dysbindin protein homolog	protein-coding	Symbol
LOC111117421	9	111117421	LOC111117421	uncharacterized LOC111117421	protein-coding	Symbol
LOC111117989	9	111117989	LOC111117989	ELAV-like protein 1	protein-coding	Symbol
LOC111118025	9	111118025	LOC111118025	transmembrane protein 220-like	protein-coding	Symbol
LOC111118232	9	111118232	LOC111118232	thioredoxin, mitochondrial-like	protein-coding	Symbol
LOC111118267	9	111118267	LOC111118267	ubiquitin-conjugating enzyme E2 D2B-like	protein-coding	Symbol
LOC111118272	9	111118272	LOC111118272	CDK5 and ABL1 enzyme substrate 2-like	protein-coding	Symbol
LOC111118385	9	111118385	LOC111118385	PDZ and LIM domain protein 7-like	protein-coding	Symbol
LOC111118600	9	111118600	LOC111118600	2-oxoglutarate dehydrogenase complex component E1-like	protein-coding	Symbol
LOC111118790	9	NA	NA	NA	NA	NA
LOC111118870	9	111118870	LOC111118870	TOM1-like protein 2	protein-coding	Symbol
LOC111118945	9	111118945	LOC111118945	RB1-inducible coiled-coil protein 1-like	protein-coding	Symbol
LOC111118965	9	111118965	LOC111118965	tRNA 2-selenouridine synthase-like	protein-coding	Symbol
LOC111119196	9	111119196	LOC111119196	E3 ubiquitin-protein ligase RNF181-like	protein-coding	Symbol
LOC111119212	9	111119212	LOC111119212	18S rRNA aminocarboxypropyltransferase-like	protein-coding	Symbol
LOC111119391	9	111119391	LOC111119391	uncharacterized LOC111119391	protein-coding	Symbol
LOC111119560	9	111119560	LOC111119560	DNA-directed RNA polymerase I subunit RPA1-like	protein-coding	Symbol
LOC111119592	9	111119592	LOC111119592	RNA-binding protein RO60-like	protein-coding	Symbol
LOC111119655	9	111119655	LOC111119655	mitochondrial Rho GTPase 1-like	protein-coding	Symbol
LOC111119751	9	111119751	LOC111119751	uncharacterized LOC111119751	protein-coding	Symbol
LOC111119880	9	111119880	LOC111119880	metallophosphoesterase 1 homolog	protein-coding	Symbol
LOC111119907	9	111119907	LOC111119907	serine/threonine-protein kinase PLK1-like	protein-coding	Symbol
LOC111119995	9	NA	NA	NA	NA	NA
LOC111120159	9	111120159	LOC111120159	KICSTOR complex protein SZT2-like	protein-coding	Symbol
LOC111120320	9	111120320	LOC111120320	leucine-rich repeat serine/threonine-protein kinase 1-like	protein-coding	Symbol
LOC111120473	9	111120473	LOC111120473	putative E3 ubiquitin-protein ligase MGRN1	protein-coding	Symbol
LOC111120691	9	NA	NA	NA	NA	NA
LOC111120723	9	NA	NA	NA	NA	NA
LOC111120767	9	111120767	LOC111120767	uncharacterized LOC111120767	protein-coding	Symbol
LOC111120877	9	111120877	LOC111120877	uncharacterized LOC111120877	protein-coding	Symbol
LOC111121173	9	111121173	LOC111121173	mucolipin-3-like	protein-coding	Symbol
LOC111121398	9	111121398	LOC111121398	H(+)/Cl(-) exchange transporter 7-like	protein-coding	Symbol
LOC111121568	9	111121568	LOC111121568	uncharacterized LOC111121568	protein-coding	Symbol
LOC111122179	9	111122179	LOC111122179	Fanconi anemia core complex-associated protein 24-like	protein-coding	Symbol
LOC111122198	9	NA	NA	NA	NA	NA
LOC111122982	9	111122982	LOC111122982	uncharacterized LOC111122982	protein-coding	Symbol
LOC111123242	9	111123242	LOC111123242	vinculin-like	protein-coding	Symbol
LOC111123536	9	111123536	LOC111123536	endonuclease V-like	protein-coding	Symbol
LOC111123558	9	111123558	LOC111123558	integrase/recombinase xerD homolog	protein-coding	Symbol
LOC111124019	9	111124019	LOC111124019	DNA-directed RNA polymerases I, II, and III subunit RPABC3-like	protein-coding	Symbol
LOC111124280	9	111124280	LOC111124280	uncharacterized LOC111124280	protein-coding	Symbol
LOC111124406	9	NA	NA	NA	NA	NA
LOC111124484	9	111124484	LOC111124484	tubulin polyglutamylase complex subunit 1-like	protein-coding	Symbol
LOC111124498	9	111124498	LOC111124498	alpha-1,6-mannosylglycoprotein 6-beta-N-acetylglucosaminyltransferase A-like	protein-coding	Symbol
LOC111124531	9	NA	NA	NA	NA	NA
LOC111124612	9	111124612	LOC111124612	uncharacterized LOC111124612	protein-coding	Symbol
LOC111124860	9	111124860	LOC111124860	WD repeat-containing protein 17-like	protein-coding	Symbol
LOC111125385	9	111125385	LOC111125385	1-acyl-sn-glycerol-3-phosphate acyltransferase alpha-like	protein-coding	Symbol
LOC111125431	9	111125431	LOC111125431	STAGA complex 65 subunit gamma-like	protein-coding	Symbol
LOC111125597	9	NA	NA	NA	NA	NA
LOC111125674	9	111125674	LOC111125674	uncharacterized LOC111125674	protein-coding	Symbol
LOC111125884	9	NA	NA	NA	NA	NA
LOC111126157	9	111126157	LOC111126157	porphobilinogen deaminase-like	protein-coding	Symbol
LOC111126508	9	111126508	LOC111126508	dnaJ homolog subfamily C member 13-like	protein-coding	Symbol
LOC111127147	9	111127147	LOC111127147	uncharacterized LOC111127147	protein-coding	Symbol
LOC111127890	9	111127890	LOC111127890	lactadherin-like	protein-coding	Symbol
LOC111127939	9	111127939	LOC111127939	cytochrome P450 2J1-like	protein-coding	Symbol
LOC111128059	9	111128059	LOC111128059	autophagy-related protein 2 homolog B-like	protein-coding	Symbol
LOC111128066	9	111128066	LOC111128066	uncharacterized LOC111128066	protein-coding	Symbol
LOC111128980	9	111128980	LOC111128980	nesprin-1-like	protein-coding	Symbol
LOC111129122	9	111129122	LOC111129122	uncharacterized LOC111129122	protein-coding	Symbol
LOC111129190	9	111129190	LOC111129190	uncharacterized LOC111129190	protein-coding	Symbol
LOC111129474	9	111129474	LOC111129474	uncharacterized LOC111129474	protein-coding	Symbol
LOC111129511	9	111129511	LOC111129511	beta-1,3-galactosyltransferase 1-like	protein-coding	Symbol
LOC111130031	9	111130031	LOC111130031	inter-alpha-trypsin inhibitor heavy chain H4-like	protein-coding	Symbol
LOC111130352	9	111130352	LOC111130352	uncharacterized LOC111130352	protein-coding	Symbol
LOC111130535	9	111130535	LOC111130535	long-chain fatty acid transport protein 2-like	protein-coding	Symbol
LOC111130883	9	111130883	LOC111130883	SITS-binding protein-like	protein-coding	Symbol
LOC111130925	9	111130925	LOC111130925	tRNA (guanosine(18)-2'-O)-methyltransferase TARBP1-like	protein-coding	Symbol
LOC111130967	9	111130967	LOC111130967	zinc finger protein-like 1 homolog	protein-coding	Symbol
LOC111131113	9	111131113	LOC111131113	cotranscriptional regulator ARB2A homolog	protein-coding	Symbol
LOC111131186	9	111131186	LOC111131186	methyltransferase HEMK2-like	protein-coding	Symbol
LOC111131259	9	111131259	LOC111131259	DENN domain-containing protein 2A-like	protein-coding	Symbol
LOC111131303	9	NA	NA	NA	NA	NA
LOC111131720	9	111131720	LOC111131720	ubiquitin-like modifier-activating enzyme 6	protein-coding	Symbol
LOC111131795	9	111131795	LOC111131795	L-threonine ammonia-lyase-like	protein-coding	Symbol
LOC111132661	9	NA	NA	NA	NA	NA
LOC111132787	9	111132787	LOC111132787	engulfment and cell motility protein 2-like	protein-coding	Symbol
LOC111132909	9	111132909	LOC111132909	DENN domain-containing protein 10-like	protein-coding	Symbol
LOC111133144	9	111133144	LOC111133144	kinesin-like protein unc-104	protein-coding	Symbol
LOC111133171	9	111133171	LOC111133171	uncharacterized LOC111133171	protein-coding	Symbol
LOC111133474	9	111133474	LOC111133474	WD repeat-containing protein WRAP73-like	protein-coding	Symbol
LOC111133556	9	111133556	LOC111133556	beta-1,3-galactosyl-O-glycosyl-glycoprotein beta-1,6-N-acetylglucosaminyltransferase-like	protein-coding	Symbol
LOC111133665	9	111133665	LOC111133665	large ribosomal subunit protein mL38-like	protein-coding	Symbol
LOC111133689	9	NA	NA	NA	NA	NA
LOC111133727	9	111133727	LOC111133727	dnaJ homolog subfamily A member 2-like	protein-coding	Symbol
LOC111133842	9	111133842	LOC111133842	RING finger protein 37-like	protein-coding	Symbol
LOC111133958	9	111133958	LOC111133958	SCO-spondin-like	protein-coding	Symbol
LOC111134394	9	111134394	LOC111134394	uncharacterized LOC111134394	protein-coding	Symbol
LOC111134785	9	NA	NA	NA	NA	NA
LOC111134905	9	111134905	LOC111134905	tumor protein p63-regulated gene 1-like protein	protein-coding	Symbol
LOC111135133	9	111135133	LOC111135133	bis(5'-nucleosyl)-tetraphosphatase [asymmetrical]-like	protein-coding	Symbol
LOC111135255	9	111135255	LOC111135255	uncharacterized LOC111135255	protein-coding	Symbol
LOC111135405	9	111135405	LOC111135405	erythroid differentiation-related factor 1-like	protein-coding	Symbol
LOC111135574	9	111135574	LOC111135574	protein LMBR1L-like	protein-coding	Symbol
LOC111135718	9	111135718	LOC111135718	src kinase-associated phosphoprotein 2-like	protein-coding	Symbol
LOC111135845	9	111135845	LOC111135845	basement membrane-specific heparan sulfate proteoglycan core protein-like	protein-coding	Symbol
LOC111136202	9	111136202	LOC111136202	uncharacterized LOC111136202	protein-coding	Symbol
LOC111136203	9	111136203	LOC111136203	uncharacterized LOC111136203	protein-coding	Symbol
LOC111136587	9	111136587	LOC111136587	uncharacterized LOC111136587	protein-coding	Symbol
LOC111136682	9	111136682	LOC111136682	DNA fragmentation factor subunit alpha-like	protein-coding	Symbol
LOC111136722	9	111136722	LOC111136722	katanin p80 WD40 repeat-containing subunit B1-like	protein-coding	Symbol
LOC111136775	9	111136775	LOC111136775	3 beta-hydroxysteroid dehydrogenase/Delta 5-->4-isomerase type 1-like	protein-coding	Symbol
LOC111136802	9	111136802	LOC111136802	glutamate receptor ionotropic, kainate 2-like	protein-coding	Symbol
LOC111136839	9	111136839	LOC111136839	voltage-gated hydrogen channel 1-like	protein-coding	Symbol
LOC111137106	9	NA	NA	NA	NA	NA
LOC111137562	9	111137562	LOC111137562	ATPase family AAA domain-containing protein 3-like	protein-coding	Symbol
LOC111137685	9	111137685	LOC111137685	OTU domain-containing protein 3-like	protein-coding	Symbol
LOC111138145	9	111138145	LOC111138145	PRELI domain containing protein 3A-like	protein-coding	Symbol
LOC111138302	9	111138302	LOC111138302	myb-related protein A-like	protein-coding	Symbol
LOC111138369	9	111138369	LOC111138369	myosin-VIIa-like	protein-coding	Symbol
LOC111099192	8	111099192	LOC111099192	transport and Golgi organization protein 6 homolog	protein-coding	Symbol
LOC111100288	8	NA	NA	NA	NA	NA
LOC111100512	8	111100512	LOC111100512	uncharacterized LOC111100512	protein-coding	Symbol
LOC111100611	8	111100611	LOC111100611	uncharacterized LOC111100611	protein-coding	Symbol
LOC111100790	8	111100790	LOC111100790	uncharacterized LOC111100790	protein-coding	Symbol
LOC111100878	8	111100878	LOC111100878	uncharacterized LOC111100878	protein-coding	Symbol
LOC111101268	8	111101268	LOC111101268	putative oxidoreductase YrbE	protein-coding	Symbol
LOC111101568	8	111101568	LOC111101568	uncharacterized LOC111101568	protein-coding	Symbol
LOC111102641	8	NA	NA	NA	NA	NA
LOC111103072	8	111103072	LOC111103072	enoyl-CoA hydratase domain-containing protein 3, mitochondrial-like	protein-coding	Symbol
LOC111103990	8	111103990	LOC111103990	enoyl-[acyl-carrier-protein] reductase, mitochondrial-like	protein-coding	Symbol
LOC111104007	8	111104007	LOC111104007	src substrate cortactin-like	protein-coding	Symbol
LOC111104066	8	111104066	LOC111104066	uncharacterized LOC111104066	protein-coding	Symbol
LOC111104189	8	NA	NA	NA	NA	NA
LOC111104644	8	111104644	LOC111104644	glutathione S-transferase 3, mitochondrial-like	protein-coding	Symbol
LOC111105460	8	111105460	LOC111105460	vacuolar protein sorting-associated protein VTA1 homolog	protein-coding	Symbol
LOC111105980	8	111105980	LOC111105980	uncharacterized LOC111105980	protein-coding	Symbol
LOC111106524	8	111106524	LOC111106524	zinc finger MYND domain-containing protein 10-like	protein-coding	Symbol
LOC111106822	8	111106822	LOC111106822	LHFPL tetraspan subfamily member 3 protein-like	protein-coding	Symbol
LOC111106861	8	111106861	LOC111106861	uncharacterized LOC111106861	protein-coding	Symbol
LOC111107332	8	111107332	LOC111107332	general transcription factor 3C polypeptide 1-like	protein-coding	Symbol
LOC111108111	8	111108111	LOC111108111	uncharacterized LOC111108111	protein-coding	Symbol
LOC111108343	8	NA	NA	NA	NA	NA
LOC111108441	8	111108441	LOC111108441	uncharacterized LOC111108441	protein-coding	Symbol
LOC111109272	8	NA	NA	NA	NA	NA
LOC111109469	8	111109469	LOC111109469	protein phosphatase 1H-like	protein-coding	Symbol
LOC111109822	8	111109822	LOC111109822	DNA repair protein complementing XP-C cells-like	protein-coding	Symbol
LOC111110191	8	111110191	LOC111110191	uncharacterized LOC111110191	protein-coding	Symbol
LOC111110222	8	111110222	LOC111110222	dolichol-phosphate mannosyltransferase subunit 3-like	protein-coding	Symbol
LOC111110623	8	111110623	LOC111110623	uncharacterized LOC111110623	protein-coding	Symbol
LOC111111795	8	111111795	LOC111111795	uncharacterized LOC111111795	protein-coding	Symbol
LOC111111975	8	NA	NA	NA	NA	NA
LOC111112731	8	111112731	LOC111112731	protein FAM81A-like	protein-coding	Symbol
LOC111114824	8	NA	NA	NA	NA	NA
LOC111114901	8	111114901	LOC111114901	natural resistance-associated macrophage protein 2-like	protein-coding	Symbol
LOC111115072	8	111115072	LOC111115072	insulin-induced gene 2 protein-like	protein-coding	Symbol
LOC111115341	8	NA	NA	NA	NA	NA
LOC111117711	8	111117711	LOC111117711	uncharacterized LOC111117711	protein-coding	Symbol
LOC111118345	8	111118345	LOC111118345	carboxylesterase 1C-like	protein-coding	Symbol
LOC111118485	8	NA	NA	NA	NA	NA
LOC111118606	8	111118606	LOC111118606	inactive tyrosine-protein kinase transmembrane receptor ROR1-like	protein-coding	Symbol
LOC111119308	8	111119308	LOC111119308	putative thiopurine S-methyltransferase	protein-coding	Symbol
LOC111119333	8	111119333	LOC111119333	transmembrane protein 8B-like	protein-coding	Symbol
LOC111120478	8	111120478	LOC111120478	ras association domain-containing protein 2-like	protein-coding	Symbol
LOC111120618	8	111120618	LOC111120618	F-box only protein 4-like	protein-coding	Symbol
LOC111120727	8	NA	NA	NA	NA	NA
LOC111120938	8	111120938	LOC111120938	cyanocobalamin reductase / alkylcobalamin dealkylase-like	protein-coding	Symbol
LOC111121234	8	111121234	LOC111121234	uncharacterized LOC111121234	protein-coding	Symbol
LOC111121307	8	111121307	LOC111121307	FMRFamide receptor-like	protein-coding	Symbol
LOC111121315	8	111121315	LOC111121315	uncharacterized LOC111121315	protein-coding	Symbol
LOC111121511	8	111121511	LOC111121511	uncharacterized LOC111121511	protein-coding	Symbol
LOC111122078	8	111122078	LOC111122078	bifunctional methylenetetrahydrofolate dehydrogenase/cyclohydrolase, mitochondrial-like	protein-coding	Symbol
LOC111122107	8	111122107	LOC111122107	cystinosin-like	protein-coding	Symbol
LOC111122278	8	111122278	LOC111122278	glutathione hydrolase-like YwrD proenzyme	protein-coding	Symbol
LOC111122428	8	111122428	LOC111122428	zinc transporter ZIP11-like	protein-coding	Symbol
LOC111122507	8	111122507	LOC111122507	heparanase-like	protein-coding	Symbol
LOC111122539	8	111122539	LOC111122539	copper-transporting ATPase 1-like	protein-coding	Symbol
LOC111122558	8	111122558	LOC111122558	CD63 antigen-like	protein-coding	Symbol
LOC111122584	8	111122584	LOC111122584	uncharacterized LOC111122584	protein-coding	Symbol
LOC111122823	8	111122823	LOC111122823	diacylglycerol kinase beta-like	protein-coding	Symbol
LOC111122903	8	111122903	LOC111122903	uncharacterized LOC111122903	protein-coding	Symbol
LOC111123133	8	111123133	LOC111123133	vacuolar protein-sorting-associated protein 25-like	protein-coding	Symbol
LOC111123455	8	111123455	LOC111123455	heat shock 70 kDa protein 12A-like	protein-coding	Symbol
LOC111123469	8	111123469	LOC111123469	uncharacterized LOC111123469	protein-coding	Symbol
LOC111123521	8	111123521	LOC111123521	torsin-1A-like	protein-coding	Symbol
LOC111123778	8	111123778	LOC111123778	uncharacterized LOC111123778	protein-coding	Symbol
LOC111123957	8	111123957	LOC111123957	uncharacterized LOC111123957	protein-coding	Symbol
LOC111123983	8	111123983	LOC111123983	uncharacterized LOC111123983	protein-coding	Symbol
LOC111124017	8	111124017	LOC111124017	uncharacterized LOC111124017	protein-coding	Symbol
LOC111124168	8	111124168	LOC111124168	protein turtle-like	protein-coding	Symbol
LOC111124956	8	111124956	LOC111124956	uncharacterized LOC111124956	protein-coding	Symbol
LOC111125002	8	111125002	LOC111125002	uncharacterized LOC111125002	protein-coding	Symbol
LOC111125076	8	111125076	LOC111125076	surfeit locus protein 4-like	protein-coding	Symbol
LOC111125099	8	111125099	LOC111125099	endophilin-B1-like	protein-coding	Symbol
LOC111125147	8	111125147	LOC111125147	F-box only protein 38-like	protein-coding	Symbol
LOC111125255	8	111125255	LOC111125255	uncharacterized LOC111125255	protein-coding	Symbol
LOC111125468	8	111125468	LOC111125468	protein Red-like	protein-coding	Symbol
LOC111125568	8	NA	NA	NA	NA	NA
LOC111125621	8	111125621	LOC111125621	xaa-Pro aminopeptidase 3-like	protein-coding	Symbol
LOC111125629	8	111125629	LOC111125629	innexin unc-9-like	protein-coding	Symbol
LOC111125751	8	111125751	LOC111125751	uncharacterized LOC111125751	protein-coding	Symbol
LOC111125905	8	111125905	LOC111125905	kinesin-like protein KIF13A	protein-coding	Symbol
LOC111125999	8	111125999	LOC111125999	protocadherin-11 X-linked-like	protein-coding	Symbol
LOC111126164	8	111126164	LOC111126164	putative methyltransferase YdaC	protein-coding	Symbol
LOC111126240	8	NA	NA	NA	NA	NA
LOC111126418	8	NA	NA	NA	NA	NA
LOC111126631	8	111126631	LOC111126631	mitochondrial import inner membrane translocase subunit Tim8 A-like	protein-coding	Symbol
LOC111126750	8	111126750	LOC111126750	BLOC-2 complex member HPS3-like	protein-coding	Symbol
LOC111127090	8	111127090	LOC111127090	mitochondrial import receptor subunit TOM70-like	protein-coding	Symbol
LOC111127463	8	111127463	LOC111127463	beta-1,3-galactosyltransferase 1-like	protein-coding	Symbol
LOC111127510	8	NA	NA	NA	NA	NA
LOC111128123	8	111128123	LOC111128123	methylmalonyl-CoA epimerase, mitochondrial-like	protein-coding	Symbol
LOC111128189	8	NA	NA	NA	NA	NA
LOC111128227	8	111128227	LOC111128227	tyrosine-protein phosphatase non-receptor type 9-like	protein-coding	Symbol
LOC111128499	8	111128499	LOC111128499	zinc finger FYVE domain-containing protein 21-like	protein-coding	Symbol
LOC111128725	8	111128725	LOC111128725	uncharacterized LOC111128725	protein-coding	Symbol
LOC111128759	8	111128759	LOC111128759	solute carrier family 25 member 45-like	protein-coding	Symbol
LOC111128902	8	111128902	LOC111128902	methyltransferase-like protein 25B	protein-coding	Symbol
LOC111129083	8	111129083	LOC111129083	repulsive guidance molecule B-like	protein-coding	Symbol
LOC111129160	8	111129160	LOC111129160	protein kintoun-like	protein-coding	Symbol
LOC111129173	8	NA	NA	NA	NA	NA
LOC111129180	8	111129180	LOC111129180	ubiquitin-associated protein 1-like	protein-coding	Symbol
LOC111129715	8	111129715	LOC111129715	guanine nucleotide-binding protein subunit beta-like protein 1	protein-coding	Symbol
LOC111129823	8	111129823	LOC111129823	nuclear receptor ROR-beta-like	protein-coding	Symbol
LOC111129910	8	111129910	LOC111129910	serine/threonine-protein kinase ATR-like	protein-coding	Symbol
LOC111130024	8	111130024	LOC111130024	matrilin-1-like	protein-coding	Symbol
LOC111130040	8	111130040	LOC111130040	calpain-B-like	protein-coding	Symbol
LOC111130642	8	NA	NA	NA	NA	NA
LOC111130682	8	111130682	LOC111130682	galectin-4-like	protein-coding	Symbol
LOC111131154	8	111131154	LOC111131154	cyclin-dependent kinase inhibitor 3-like	protein-coding	Symbol
LOC111132873	8	111132873	LOC111132873	nitric oxide-associated protein 1-like	protein-coding	Symbol
LOC111133168	8	111133168	LOC111133168	pantetheinase-like	protein-coding	Symbol
LOC111133232	8	111133232	LOC111133232	transmembrane protein 222-like	protein-coding	Symbol
LOC111133574	8	NA	NA	NA	NA	NA
LOC111133575	8	111133575	LOC111133575	protein moonraker-like	protein-coding	Symbol
LOC111133822	8	111133822	LOC111133822	RNA N(6)-adenosine-methyltransferase mettl16-like	protein-coding	Symbol
LOC111133949	8	111133949	LOC111133949	uncharacterized LOC111133949	protein-coding	Symbol
LOC111134293	8	111134293	LOC111134293	C-Maf-inducing protein-like	protein-coding	Symbol
LOC111134306	8	111134306	LOC111134306	N-lysine methyltransferase KMT5A-like	protein-coding	Symbol
LOC111134536	8	111134536	LOC111134536	uncharacterized LOC111134536	protein-coding	Symbol
LOC111134605	8	111134605	LOC111134605	P2R1A-PPP2R2A-interacting phosphatase regulator 1-like	protein-coding	Symbol
LOC111134634	8	111134634	LOC111134634	GATOR complex protein Iml1-like	protein-coding	Symbol
LOC111134681	8	111134681	LOC111134681	E3 ubiquitin-protein ligase CHFR-like	protein-coding	Symbol
LOC111134741	8	NA	NA	NA	NA	NA
LOC111134742	8	111134742	LOC111134742	uncharacterized LOC111134742	protein-coding	Symbol
LOC111134818	8	111134818	LOC111134818	monocarboxylate transporter 12-B-like	protein-coding	Symbol
LOC111134943	8	111134943	LOC111134943	phosphatidylserine decarboxylase proenzyme, mitochondrial-like	protein-coding	Symbol
LOC111135098	8	111135098	LOC111135098	uncharacterized LOC111135098	protein-coding	Symbol
LOC111135140	8	111135140	LOC111135140	histone-lysine N-methyltransferase MECOM-like	protein-coding	Symbol
LOC111135221	8	111135221	LOC111135221	zinc finger TRAF-type-containing protein 1-like	protein-coding	Symbol
LOC111135342	8	111135342	LOC111135342	centrosomal protein of 72 kDa-like	protein-coding	Symbol
LOC111135365	8	111135365	LOC111135365	uncharacterized LOC111135365	protein-coding	Symbol
LOC111135671	8	111135671	LOC111135671	F-box/WD repeat-containing protein 8-like	protein-coding	Symbol
LOC111135703	8	111135703	LOC111135703	deoxyribodipyrimidine photo-lyase-like	protein-coding	Symbol
LOC111135935	8	111135935	LOC111135935	monocarboxylate transporter 13-like	protein-coding	Symbol
LOC111136151	8	111136151	LOC111136151	tubulin delta chain-like	protein-coding	Symbol
LOC111136164	8	111136164	LOC111136164	putative pre-mRNA-splicing factor ATP-dependent RNA helicase PRP1	protein-coding	Symbol
LOC111136209	8	111136209	LOC111136209	transmembrane protein 231-like	protein-coding	Symbol
LOC111136541	8	111136541	LOC111136541	uncharacterized LOC111136541	protein-coding	Symbol
LOC111136602	8	111136602	LOC111136602	core-binding factor subunit beta-like	protein-coding	Symbol
LOC111136868	8	111136868	LOC111136868	acyl-CoA dehydrogenase family member 10-like	protein-coding	Symbol
LOC111136922	8	111136922	LOC111136922	spermatogenesis-associated protein 24-like	protein-coding	Symbol
LOC111136923	8	111136923	LOC111136923	uncharacterized LOC111136923	protein-coding	Symbol
LOC111136983	8	111136983	LOC111136983	uncharacterized LOC111136983	protein-coding	Symbol
LOC111137036	8	111137036	LOC111137036	ELMO domain-containing protein 3-like	protein-coding	Symbol
LOC111137216	8	111137216	LOC111137216	ankyrin repeat domain-containing protein 42-like	protein-coding	Symbol
LOC111137572	8	111137572	LOC111137572	uncharacterized LOC111137572	protein-coding	Symbol
LOC111138185	8	111138185	LOC111138185	synaptic vesicle 2-related protein-like	protein-coding	Symbol
LOC111138314	8	111138314	LOC111138314	dedicator of cytokinesis protein 9-like	protein-coding	Symbol
LOC111138506	8	NA	NA	NA	NA	NA
LOC111099194	7	111099194	LOC111099194	uncharacterized LOC111099194	protein-coding	Symbol
LOC111099701	7	111099701	LOC111099701	solute carrier organic anion transporter family member 4C1-like	protein-coding	Symbol
LOC111099737	7	111099737	LOC111099737	peptide methionine sulfoxide reductase MsrB-like	protein-coding	Symbol
LOC111100556	7	111100556	LOC111100556	metallo-beta-lactamase domain-containing protein 1-like	protein-coding	Symbol
LOC111100798	7	111100798	LOC111100798	suppressor of fused homolog	protein-coding	Symbol
LOC111101021	7	111101021	LOC111101021	filamin-A-like	protein-coding	Symbol
LOC111101067	7	NA	NA	NA	NA	NA
LOC111101529	7	111101529	LOC111101529	uncharacterized LOC111101529	protein-coding	Symbol
LOC111101605	7	111101605	LOC111101605	putative aminopeptidase W07G4.4	protein-coding	Symbol
LOC111102238	7	111102238	LOC111102238	signal peptidase complex subunit 2-like	protein-coding	Symbol
LOC111103448	7	111103448	LOC111103448	putative ATP-dependent RNA helicase DDX10	protein-coding	Symbol
LOC111103558	7	111103558	LOC111103558	dystrophin-like	protein-coding	Symbol
LOC111103584	7	111103584	LOC111103584	uncharacterized LOC111103584	protein-coding	Symbol
LOC111103630	7	111103630	LOC111103630	charged multivesicular body protein 1b-like	protein-coding	Symbol
LOC111103810	7	NA	NA	NA	NA	NA
LOC111103827	7	111103827	LOC111103827	mitogen-activated protein kinase kinase kinase 7-like	protein-coding	Symbol
LOC111104075	7	111104075	LOC111104075	prostaglandin E2 receptor EP4 subtype-like	protein-coding	Symbol
LOC111104191	7	111104191	LOC111104191	mitochondrial tRNA methylthiotransferase CDK5RAP1-like	protein-coding	Symbol
LOC111104654	7	111104654	LOC111104654	uncharacterized LOC111104654	protein-coding	Symbol
LOC111104695	7	111104695	LOC111104695	cystatin-A3-like	protein-coding	Symbol
LOC111106300	7	111106300	LOC111106300	peptidyl-prolyl cis-trans isomerase-like 1	protein-coding	Symbol
LOC111106353	7	111106353	LOC111106353	uncharacterized LOC111106353	protein-coding	Symbol
LOC111107088	7	111107088	LOC111107088	ras association domain-containing protein 1-like	protein-coding	Symbol
LOC111107423	7	NA	NA	NA	NA	NA
LOC111107670	7	111107670	LOC111107670	uncharacterized LOC111107670	protein-coding	Symbol
LOC111108691	7	111108691	LOC111108691	inter-alpha-trypsin inhibitor heavy chain H3-like	protein-coding	Symbol
LOC111108839	7	111108839	LOC111108839	uncharacterized LOC111108839	protein-coding	Symbol
LOC111109511	7	111109511	LOC111109511	RNA-binding protein 5-like	protein-coding	Symbol
LOC111109600	7	111109600	LOC111109600	uncharacterized LOC111109600	protein-coding	Symbol
LOC111110197	7	NA	NA	NA	NA	NA
LOC111110347	7	111110347	LOC111110347	SLIT-ROBO Rho GTPase-activating protein 1-like	protein-coding	Symbol
LOC111110350	7	111110350	LOC111110350	muscle calcium channel subunit alpha-1-like	protein-coding	Symbol
LOC111110786	7	111110786	LOC111110786	uncharacterized LOC111110786	protein-coding	Symbol
LOC111111299	7	NA	NA	NA	NA	NA
LOC111112096	7	111112096	LOC111112096	sorting nexin-17-like	protein-coding	Symbol
LOC111112178	7	111112178	LOC111112178	uncharacterized LOC111112178	protein-coding	Symbol
LOC111112643	7	111112643	LOC111112643	E3 ubiquitin-protein ligase ZSWIM2-like	protein-coding	Symbol
LOC111112701	7	111112701	LOC111112701	large ribosomal subunit protein bL21m-like	protein-coding	Symbol
LOC111113404	7	111113404	LOC111113404	integrin alpha-8-like	protein-coding	Symbol
LOC111114550	7	111114550	LOC111114550	uncharacterized LOC111114550	protein-coding	Symbol
LOC111114613	7	111114613	LOC111114613	uncharacterized LOC111114613	protein-coding	Symbol
LOC111114728	7	NA	NA	NA	NA	NA
LOC111115441	7	111115441	LOC111115441	histone deacetylase 4-like	protein-coding	Symbol
LOC111115672	7	111115672	LOC111115672	uncharacterized LOC111115672	protein-coding	Symbol
LOC111115844	7	111115844	LOC111115844	rho GTPase-activating protein 12-like	protein-coding	Symbol
LOC111116989	7	111116989	LOC111116989	carnitine O-palmitoyltransferase 1, liver isoform-like	protein-coding	Symbol
LOC111117946	7	111117946	LOC111117946	transcription factor Sox-8-like	protein-coding	Symbol
LOC111118342	7	NA	NA	NA	NA	NA
LOC111118835	7	111118835	LOC111118835	HUWE1-associated protein modifying stress responses-like	protein-coding	Symbol
LOC111118868	7	111118868	LOC111118868	phospholipid-transporting ATPase ABCA1-like	protein-coding	Symbol
LOC111118904	7	111118904	LOC111118904	uncharacterized LOC111118904	protein-coding	Symbol
LOC111119014	7	111119014	LOC111119014	maltase-glucoamylase-like	protein-coding	Symbol
LOC111119220	7	111119220	LOC111119220	broad substrate specificity ATP-binding cassette transporter ABCG2-like	protein-coding	Symbol
LOC111119838	7	111119838	LOC111119838	chitotriosidase-1-like	protein-coding	Symbol
LOC111119868	7	111119868	LOC111119868	dnaJ homolog subfamily C member 9-like	protein-coding	Symbol
LOC111119991	7	111119991	LOC111119991	G protein-activated inward rectifier potassium channel 4-like	protein-coding	Symbol
LOC111120049	7	111120049	LOC111120049	tRNA:m(4)X modification enzyme TRM13 homolog	protein-coding	Symbol
LOC111120678	7	111120678	LOC111120678	galactoside alpha-(1,2)-fucosyltransferase 2-like	protein-coding	Symbol
LOC111120892	7	111120892	LOC111120892	ribosome biogenesis protein BRX1 homolog	protein-coding	Symbol
LOC111121049	7	111121049	LOC111121049	mitochondrial fission regulator 2-like	protein-coding	Symbol
LOC111121134	7	111121134	LOC111121134	transitional endoplasmic reticulum ATPase	protein-coding	Symbol
LOC111121716	7	111121716	LOC111121716	DNA repair and recombination protein RAD54B-like	protein-coding	Symbol
LOC111121913	7	111121913	LOC111121913	troponin C-like	protein-coding	Symbol
LOC111122289	7	111122289	LOC111122289	transmembrane protein 104-like	protein-coding	Symbol
LOC111122411	7	111122411	LOC111122411	26S proteasome non-ATPase regulatory subunit 9-like	protein-coding	Symbol
LOC111123406	7	111123406	LOC111123406	protein mono-ADP-ribosyltransferase PARP15-like	protein-coding	Symbol
LOC111124172	7	NA	NA	NA	NA	NA
LOC111124244	7	111124244	LOC111124244	uncharacterized LOC111124244	protein-coding	Symbol
LOC111124404	7	111124404	LOC111124404	putative inactive tRNA-specific adenosine deaminase-like protein 3	protein-coding	Symbol
LOC111124650	7	NA	NA	NA	NA	NA
LOC111125536	7	NA	NA	NA	NA	NA
LOC111125538	7	111125538	LOC111125538	2',3'-cyclic-nucleotide 3'-phosphodiesterase-like	protein-coding	Symbol
LOC111125622	7	111125622	LOC111125622	hsc70-interacting protein-like	protein-coding	Symbol
LOC111125634	7	NA	NA	NA	NA	NA
LOC111125661	7	111125661	LOC111125661	uncharacterized LOC111125661	protein-coding	Symbol
LOC111125663	7	111125663	LOC111125663	GTPase-activating Rap/Ran-GAP domain-like protein 3	protein-coding	Symbol
LOC111125793	7	111125793	LOC111125793	androgen-induced gene 1 protein-like	protein-coding	Symbol
LOC111125864	7	111125864	LOC111125864	mediator of RNA polymerase II transcription subunit 16-like	protein-coding	Symbol
LOC111125891	7	111125891	LOC111125891	DENN domain-containing protein 1B-like	protein-coding	Symbol
LOC111126254	7	111126254	LOC111126254	uncharacterized LOC111126254	protein-coding	Symbol
LOC111126432	7	111126432	LOC111126432	uncharacterized LOC111126432	protein-coding	Symbol
LOC111126487	7	111126487	LOC111126487	zinc finger protein GLI3-like	protein-coding	Symbol
LOC111126772	7	NA	NA	NA	NA	NA
LOC111126911	7	111126911	LOC111126911	uncharacterized LOC111126911	protein-coding	Symbol
LOC111126942	7	111126942	LOC111126942	sideroflexin-2-like	protein-coding	Symbol
LOC111127293	7	111127293	LOC111127293	general transcription factor IIH subunit 4-like	protein-coding	Symbol
LOC111127309	7	NA	NA	NA	NA	NA
LOC111127446	7	NA	NA	NA	NA	NA
LOC111127607	7	NA	NA	NA	NA	NA
LOC111129312	7	111129312	LOC111129312	E3 ubiquitin-protein ligase NEDD4-like	protein-coding	Symbol
LOC111129735	7	111129735	LOC111129735	potassium channel subfamily K member 1-like	protein-coding	Symbol
LOC111129828	7	111129828	LOC111129828	uncharacterized LOC111129828	protein-coding	Symbol
LOC111129846	7	111129846	LOC111129846	DDB1- and CUL4-associated factor 5-like	protein-coding	Symbol
LOC111129994	7	111129994	LOC111129994	dual oxidase 2-like	protein-coding	Symbol
LOC111130091	7	111130091	LOC111130091	transient receptor potential cation channel subfamily M member 2-like	protein-coding	Symbol
LOC111130270	7	111130270	LOC111130270	uncharacterized LOC111130270	protein-coding	Symbol
LOC111130387	7	NA	NA	NA	NA	NA
LOC111130487	7	NA	NA	NA	NA	NA
LOC111130718	7	111130718	LOC111130718	DNA polymerase subunit gamma-1-like	protein-coding	Symbol
LOC111130945	7	111130945	LOC111130945	mitochondrial substrate carrier family protein ucpB-like	protein-coding	Symbol
LOC111131163	7	NA	NA	NA	NA	NA
LOC111131227	7	111131227	LOC111131227	phosphorylated adapter RNA export protein-like	protein-coding	Symbol
LOC111131586	7	NA	NA	NA	NA	NA
LOC111132119	7	111132119	LOC111132119	uncharacterized LOC111132119	protein-coding	Symbol
LOC111132344	7	111132344	LOC111132344	uncharacterized LOC111132344	protein-coding	Symbol
LOC111132865	7	111132865	LOC111132865	fibronectin type-III domain-containing protein 3A-like	protein-coding	Symbol
LOC111132922	7	111132922	LOC111132922	nck-associated protein 1-like	protein-coding	Symbol
LOC111132966	7	111132966	LOC111132966	putative delta-1-pyrroline-5-carboxylate synthase	pseudo	Symbol
LOC111132997	7	111132997	LOC111132997	ubiquitin carboxyl-terminal hydrolase CYLD-like	protein-coding	Symbol
LOC111134238	7	111134238	LOC111134238	puromycin-sensitive aminopeptidase-like	protein-coding	Symbol
LOC111134359	7	111134359	LOC111134359	uncharacterized LOC111134359	protein-coding	Symbol
LOC111134405	7	111134405	LOC111134405	dihydroorotate dehydrogenase (quinone), mitochondrial-like	protein-coding	Symbol
LOC111134855	7	111134855	LOC111134855	uncharacterized LOC111134855	protein-coding	Symbol
LOC111135000	7	111135000	LOC111135000	lipid scramblase CLPTM1L-like	protein-coding	Symbol
LOC111135119	7	111135119	LOC111135119	translation initiation factor eIF2B subunit alpha-like	protein-coding	Symbol
LOC111135122	7	111135122	LOC111135122	uncharacterized LOC111135122	protein-coding	Symbol
LOC111135340	7	111135340	LOC111135340	lateral signaling target protein 2 homolog	protein-coding	Symbol
LOC111135381	7	111135381	LOC111135381	NGFI-A-binding protein 1-like	protein-coding	Symbol
LOC111135706	7	111135706	LOC111135706	E3 ubiquitin-protein ligase rififylin-like	protein-coding	Symbol
LOC111135821	7	111135821	LOC111135821	uncharacterized LOC111135821	protein-coding	Symbol
LOC111135830	7	111135830	LOC111135830	PHD finger protein 12-like	protein-coding	Symbol
LOC111135868	7	111135868	LOC111135868	ribonuclease P protein subunit p29-like	protein-coding	Symbol
LOC111135992	7	111135992	LOC111135992	protein unc-93 homolog A-like	protein-coding	Symbol
LOC111136106	7	111136106	LOC111136106	rho GTPase-activating protein 39-like	protein-coding	Symbol
LOC111136206	7	111136206	LOC111136206	metal cation symporter ZIP14-like	protein-coding	Symbol
LOC111136221	7	111136221	LOC111136221	delta-1-pyrroline-5-carboxylate synthase-like	protein-coding	Symbol
LOC111136317	7	111136317	LOC111136317	protein LZIC-like	protein-coding	Symbol
LOC111136448	7	111136448	LOC111136448	trafficking protein particle complex subunit 8-like	protein-coding	Symbol
LOC111136723	7	111136723	LOC111136723	putative arginine--tRNA ligase, mitochondrial	protein-coding	Symbol
LOC111136739	7	111136739	LOC111136739	uncharacterized LOC111136739	protein-coding	Symbol
LOC111136801	7	111136801	LOC111136801	uncharacterized LOC111136801	protein-coding	Symbol
LOC111136866	7	111136866	LOC111136866	AP-2 complex subunit alpha-2-like	protein-coding	Symbol
LOC111136949	7	111136949	LOC111136949	glycoprotein 3-alpha-L-fucosyltransferase A-like	protein-coding	Symbol
LOC111137015	7	111137015	LOC111137015	voltage-gated hydrogen channel 1-like	protein-coding	Symbol
LOC111137029	7	111137029	LOC111137029	solute carrier family 13 member 2-like	protein-coding	Symbol
LOC111137126	7	111137126	LOC111137126	inactive ubiquitin carboxyl-terminal hydrolase MINDY-4B-like	protein-coding	Symbol
LOC111137130	7	111137130	LOC111137130	cyclic nucleotide-gated channel beta-1-like	protein-coding	Symbol
LOC111137140	7	111137140	LOC111137140	uncharacterized LOC111137140	protein-coding	Symbol
LOC111137150	7	111137150	LOC111137150	EF-hand domain-containing protein D2-like	protein-coding	Symbol
LOC111137157	7	111137157	LOC111137157	uncharacterized LOC111137157	protein-coding	Symbol
LOC111137162	7	111137162	LOC111137162	F-box only protein 15-like	protein-coding	Symbol
LOC111137290	7	111137290	LOC111137290	E3 ubiquitin-protein ligase E3D-like	protein-coding	Symbol
LOC111137357	7	111137357	LOC111137357	F-box/WD repeat-containing protein 4-like	protein-coding	Symbol
LOC111137510	7	111137510	LOC111137510	protein SFI1 homolog	protein-coding	Symbol
LOC111137800	7	111137800	LOC111137800	solute carrier family 15 member 4-like	protein-coding	Symbol
LOC111137836	7	111137836	LOC111137836	2-phosphoxylose phosphatase 1-like	protein-coding	Symbol
LOC111137921	7	111137921	LOC111137921	magnesium-dependent phosphatase 1-like	protein-coding	Symbol
LOC111137959	7	111137959	LOC111137959	N-lysine methyltransferase setd6-like	protein-coding	Symbol
LOC111138119	7	111138119	LOC111138119	uncharacterized LOC111138119	protein-coding	Symbol
LOC111138303	7	111138303	LOC111138303	protein virilizer homolog	protein-coding	Symbol
LOC111138308	7	NA	NA	NA	NA	NA
LOC111138472	7	111138472	LOC111138472	uncharacterized LOC111138472	protein-coding	Symbol
LOC111099477	6	111099477	LOC111099477	uncharacterized LOC111099477	protein-coding	Symbol
LOC111099983	6	111099983	LOC111099983	small ribosomal subunit protein mS35-like	protein-coding	Symbol
LOC111100230	6	111100230	LOC111100230	uncharacterized LOC111100230	protein-coding	Symbol
LOC111100402	6	111100402	LOC111100402	uncharacterized LOC111100402	protein-coding	Symbol
LOC111100583	6	111100583	LOC111100583	ceruloplasmin-like	protein-coding	Symbol
LOC111100715	6	NA	NA	NA	NA	NA
LOC111101257	6	111101257	LOC111101257	low-density lipoprotein receptor-related protein 6-like	protein-coding	Symbol
LOC111101772	6	111101772	LOC111101772	uncharacterized LOC111101772	protein-coding	Symbol
LOC111101943	6	111101943	LOC111101943	nuclear pore complex protein Nup205-like	protein-coding	Symbol
LOC111102230	6	111102230	LOC111102230	molybdenum cofactor sulfurase-like	protein-coding	Symbol
LOC111103516	6	111103516	LOC111103516	neuron navigator 2-like	protein-coding	Symbol
LOC111103593	6	111103593	LOC111103593	frizzled-4-like	protein-coding	Symbol
LOC111103744	6	111103744	LOC111103744	tyrosine-protein phosphatase 10D-like	protein-coding	Symbol
LOC111103921	6	NA	NA	NA	NA	NA
LOC111104267	6	111104267	LOC111104267	uncharacterized LOC111104267	protein-coding	Symbol
LOC111104302	6	111104302	LOC111104302	tyrosine-protein kinase JAK2-like	protein-coding	Symbol
LOC111104676	6	NA	NA	NA	NA	NA
LOC111104864	6	NA	NA	NA	NA	NA
LOC111106083	6	NA	NA	NA	NA	NA
LOC111106579	6	111106579	LOC111106579	uncharacterized LOC111106579	protein-coding	Symbol
LOC111107057	6	NA	NA	NA	NA	NA
LOC111107373	6	111107373	LOC111107373	ATR-interacting protein-like	protein-coding	Symbol
LOC111107792	6	111107792	LOC111107792	transcription cofactor vestigial-like protein 4	protein-coding	Symbol
LOC111108189	6	NA	NA	NA	NA	NA
LOC111108248	6	111108248	LOC111108248	uncharacterized LOC111108248	protein-coding	Symbol
LOC111108353	6	111108353	LOC111108353	suppressor of tumorigenicity 7 protein homolog	protein-coding	Symbol
LOC111108433	6	111108433	LOC111108433	alpha-L-fucosidase-like	protein-coding	Symbol
LOC111108477	6	111108477	LOC111108477	actin-related protein 8-like	protein-coding	Symbol
LOC111108478	6	111108478	LOC111108478	pseudouridylate synthase RPUSD4, mitochondrial-like	protein-coding	Symbol
LOC111109591	6	NA	NA	NA	NA	NA
LOC111109622	6	111109622	LOC111109622	WASH complex subunit 4-like	protein-coding	Symbol
LOC111110418	6	NA	NA	NA	NA	NA
LOC111111076	6	111111076	LOC111111076	uncharacterized LOC111111076	protein-coding	Symbol
LOC111111269	6	111111269	LOC111111269	uncharacterized LOC111111269	protein-coding	Symbol
LOC111111323	6	111111323	LOC111111323	uncharacterized LOC111111323	protein-coding	Symbol
LOC111111343	6	111111343	LOC111111343	uncharacterized LOC111111343	protein-coding	Symbol
LOC111111571	6	111111571	LOC111111571	uncharacterized LOC111111571	protein-coding	Symbol
LOC111111855	6	111111855	LOC111111855	uncharacterized LOC111111855	protein-coding	Symbol
LOC111112099	6	111112099	LOC111112099	uncharacterized LOC111112099	protein-coding	Symbol
LOC111112335	6	NA	NA	NA	NA	NA
LOC111112352	6	111112352	LOC111112352	uncharacterized LOC111112352	protein-coding	Symbol
LOC111112654	6	NA	NA	NA	NA	NA
LOC111112655	6	111112655	LOC111112655	uncharacterized LOC111112655	protein-coding	Symbol
LOC111113322	6	111113322	LOC111113322	S-adenosylmethionine-dependent methyltransferase Rv2258c-like	protein-coding	Symbol
LOC111114061	6	NA	NA	NA	NA	NA
LOC111114113	6	111114113	LOC111114113	uncharacterized LOC111114113	protein-coding	Symbol
LOC111114829	6	111114829	LOC111114829	ribonuclease P protein subunit p25-like protein	protein-coding	Symbol
LOC111115426	6	111115426	LOC111115426	uncharacterized LOC111115426	protein-coding	Symbol
LOC111115784	6	111115784	LOC111115784	tubulin gamma-1 chain	protein-coding	Symbol
LOC111116159	6	111116159	LOC111116159	cholinesterase-like	protein-coding	Symbol
LOC111116349	6	111116349	LOC111116349	uncharacterized LOC111116349	protein-coding	Symbol
LOC111116569	6	NA	NA	NA	NA	NA
LOC111116683	6	111116683	LOC111116683	putative serine carboxypeptidase CPVL	protein-coding	Symbol
LOC111116870	6	111116870	LOC111116870	3-hydroxyisobutyryl-CoA hydrolase, mitochondrial-like	protein-coding	Symbol
LOC111117147	6	111117147	LOC111117147	uncharacterized protein F54H12.2-like	protein-coding	Symbol
LOC111117238	6	111117238	LOC111117238	uncharacterized LOC111117238	protein-coding	Symbol
LOC111117359	6	NA	NA	NA	NA	NA
LOC111117760	6	111117760	LOC111117760	disintegrin and metalloproteinase domain-containing protein 10-like	protein-coding	Symbol
LOC111117947	6	111117947	LOC111117947	erlin-2-B-like	protein-coding	Symbol
LOC111118003	6	111118003	LOC111118003	TGF-beta-activated kinase 1 and MAP3K7-binding protein 1-like	protein-coding	Symbol
LOC111118005	6	111118005	LOC111118005	lysosomal dipeptide transporter MFSD1-like	protein-coding	Symbol
LOC111118282	6	111118282	LOC111118282	uncharacterized LOC111118282	protein-coding	Symbol
LOC111118386	6	111118386	LOC111118386	PDZ and LIM domain protein 3-like	protein-coding	Symbol
LOC111118587	6	111118587	LOC111118587	tyrosine-protein kinase Yes-like	protein-coding	Symbol
LOC111118588	6	111118588	LOC111118588	muscle LIM protein 1-like	protein-coding	Symbol
LOC111118981	6	111118981	LOC111118981	inositol monophosphatase 3-like	protein-coding	Symbol
LOC111119182	6	111119182	LOC111119182	VWFA and cache domain-containing protein 1-like	protein-coding	Symbol
LOC111119336	6	111119336	LOC111119336	uncharacterized LOC111119336	protein-coding	Symbol
LOC111119533	6	111119533	LOC111119533	uncharacterized LOC111119533	protein-coding	Symbol
LOC111119831	6	111119831	LOC111119831	uncharacterized LOC111119831	protein-coding	Symbol
LOC111119910	6	111119910	LOC111119910	uncharacterized LOC111119910	protein-coding	Symbol
LOC111120392	6	111120392	LOC111120392	uncharacterized LOC111120392	protein-coding	Symbol
LOC111120782	6	111120782	LOC111120782	kelch-like protein 41	protein-coding	Symbol
LOC111120972	6	NA	NA	NA	NA	NA
LOC111121020	6	NA	NA	NA	NA	NA
LOC111121306	6	111121306	LOC111121306	hypoxia-inducible factor 1-alpha inhibitor-like	protein-coding	Symbol
LOC111121368	6	111121368	LOC111121368	uncharacterized LOC111121368	protein-coding	Symbol
LOC111121436	6	111121436	LOC111121436	general vesicular transport factor p115-like	protein-coding	Symbol
LOC111121558	6	NA	NA	NA	NA	NA
LOC111121659	6	111121659	LOC111121659	conserved oligomeric Golgi complex subunit 3-like	protein-coding	Symbol
LOC111121947	6	111121947	LOC111121947	DNA-directed RNA polymerase III subunit RPC5-like	protein-coding	Symbol
LOC111122168	6	111122168	LOC111122168	uncharacterized LOC111122168	protein-coding	Symbol
LOC111122350	6	111122350	LOC111122350	laminin subunit alpha-2-like	protein-coding	Symbol
LOC111122640	6	111122640	LOC111122640	uncharacterized LOC111122640	protein-coding	Symbol
LOC111122653	6	111122653	LOC111122653	uncharacterized LOC111122653	protein-coding	Symbol
LOC111122663	6	111122663	LOC111122663	uncharacterized LOC111122663	protein-coding	Symbol
LOC111122739	6	111122739	LOC111122739	uncharacterized LOC111122739	protein-coding	Symbol
LOC111122794	6	111122794	LOC111122794	FAD-dependent oxidoreductase domain-containing protein 1-like	protein-coding	Symbol
LOC111122896	6	111122896	LOC111122896	uncharacterized LOC111122896	protein-coding	Symbol
LOC111123209	6	111123209	LOC111123209	uncharacterized LOC111123209	protein-coding	Symbol
LOC111123333	6	111123333	LOC111123333	sialin-like	protein-coding	Symbol
LOC111123498	6	NA	NA	NA	NA	NA
LOC111123858	6	NA	NA	NA	NA	NA
LOC111124359	6	111124359	LOC111124359	malate synthase-like	protein-coding	Symbol
LOC111124803	6	111124803	LOC111124803	protein PALS2-like	protein-coding	Symbol
LOC111125035	6	111125035	LOC111125035	uncharacterized LOC111125035	protein-coding	Symbol
LOC111125074	6	111125074	LOC111125074	adenylate kinase 8-like	protein-coding	Symbol
LOC111125289	6	111125289	LOC111125289	thyroid hormone receptor beta-like	protein-coding	Symbol
LOC111125300	6	111125300	LOC111125300	centrosomal AT-AC splicing factor-like	protein-coding	Symbol
LOC111125578	6	111125578	LOC111125578	hyccin-like	protein-coding	Symbol
LOC111126455	6	111126455	LOC111126455	dual specificity calcium/calmodulin-dependent 3',5'-cyclic nucleotide phosphodiesterase 1A-like	protein-coding	Symbol
LOC111127001	6	111127001	LOC111127001	glycerol kinase-like	protein-coding	Symbol
LOC111127007	6	111127007	LOC111127007	sequestosome-1-like	protein-coding	Symbol
LOC111127109	6	111127109	LOC111127109	uncharacterized LOC111127109	protein-coding	Symbol
LOC111127146	6	111127146	LOC111127146	palmitoyltransferase ZDHHC15B-like	protein-coding	Symbol
LOC111127326	6	111127326	LOC111127326	angio-associated migratory cell protein-like	protein-coding	Symbol
LOC111127341	6	111127341	LOC111127341	protein phosphatase 2C-like domain-containing protein 1	protein-coding	Symbol
LOC111127494	6	111127494	LOC111127494	myogenesis-regulating glycosidase-like	protein-coding	Symbol
LOC111127571	6	111127571	LOC111127571	uncharacterized LOC111127571	protein-coding	Symbol
LOC111127669	6	111127669	LOC111127669	NMDA receptor synaptonuclear signaling and neuronal migration factor-like	protein-coding	Symbol
LOC111127723	6	111127723	LOC111127723	patatin-like phospholipase domain-containing protein 4	protein-coding	Symbol
LOC111127922	6	NA	NA	NA	NA	NA
LOC111128029	6	111128029	LOC111128029	dmX-like protein 2	protein-coding	Symbol
LOC111128073	6	111128073	LOC111128073	uncharacterized LOC111128073	protein-coding	Symbol
LOC111128198	6	111128198	LOC111128198	F-box/WD repeat-containing protein 5-like	protein-coding	Symbol
LOC111128582	6	111128582	LOC111128582	outer dynein arm-docking complex subunit 4-like	protein-coding	Symbol
LOC111128592	6	111128592	LOC111128592	TNF receptor-associated factor 3-like	protein-coding	Symbol
LOC111128867	6	NA	NA	NA	NA	NA
LOC111129139	6	111129139	LOC111129139	UDP-N-acetylhexosamine pyrophosphorylase-like	protein-coding	Symbol
LOC111129346	6	111129346	LOC111129346	E2F-associated phosphoprotein-like	protein-coding	Symbol
LOC111129380	6	111129380	LOC111129380	hemicentin-1-like	protein-coding	Symbol
LOC111129607	6	NA	NA	NA	NA	NA
LOC111129858	6	111129858	LOC111129858	BTB/POZ domain-containing protein KCTD7-like	protein-coding	Symbol
LOC111129899	6	111129899	LOC111129899	protein sprint-like	protein-coding	Symbol
LOC111130058	6	111130058	LOC111130058	uncharacterized LOC111130058	protein-coding	Symbol
LOC111130668	6	111130668	LOC111130668	leucine-rich repeat-containing protein 73-like	protein-coding	Symbol
LOC111130877	6	111130877	LOC111130877	DNA-directed RNA polymerase III subunit RPC6-like	protein-coding	Symbol
LOC111131026	6	111131026	LOC111131026	vacuolar protein sorting-associated protein 33B-like	protein-coding	Symbol
LOC111131101	6	111131101	LOC111131101	uncharacterized LOC111131101	protein-coding	Symbol
LOC111131384	6	111131384	LOC111131384	beta-hexosaminidase subunit beta-like	protein-coding	Symbol
LOC111131759	6	111131759	LOC111131759	cytochrome P450 4F2-like	protein-coding	Symbol
LOC111132096	6	111132096	LOC111132096	uncharacterized LOC111132096	protein-coding	Symbol
LOC111132442	6	111132442	LOC111132442	uncharacterized LOC111132442	protein-coding	Symbol
LOC111132665	6	111132665	LOC111132665	tyrosine-protein kinase Fyn-like	protein-coding	Symbol
LOC111132875	6	111132875	LOC111132875	uncharacterized LOC111132875	protein-coding	Symbol
LOC111133119	6	111133119	LOC111133119	Na(+)/citrate cotransporter-like	protein-coding	Symbol
LOC111133672	6	111133672	LOC111133672	protection of telomeres protein 1-like	protein-coding	Symbol
LOC111133948	6	111133948	LOC111133948	GPI ethanolamine phosphate transferase 1-like	protein-coding	Symbol
LOC111134089	6	NA	NA	NA	NA	NA
LOC111134336	6	111134336	LOC111134336	dynein light chain Tctex-type protein 2B-like	protein-coding	Symbol
LOC111134427	6	111134427	LOC111134427	uncharacterized LOC111134427	protein-coding	Symbol
LOC111134442	6	111134442	LOC111134442	uncharacterized LOC111134442	protein-coding	Symbol
LOC111134444	6	111134444	LOC111134444	uncharacterized LOC111134444	protein-coding	Symbol
LOC111134502	6	111134502	LOC111134502	uncharacterized LOC111134502	protein-coding	Symbol
LOC111134533	6	111134533	LOC111134533	uncharacterized LOC111134533	protein-coding	Symbol
LOC111134546	6	111134546	LOC111134546	uncharacterized LOC111134546	protein-coding	Symbol
LOC111134579	6	111134579	LOC111134579	F-box/LRR-repeat protein 6-like	protein-coding	Symbol
LOC111134721	6	111134721	LOC111134721	uncharacterized LOC111134721	protein-coding	Symbol
LOC111134767	6	111134767	LOC111134767	phosphopantothenate--cysteine ligase-like	protein-coding	Symbol
LOC111134945	6	111134945	LOC111134945	NEDD8-activating enzyme E1 regulatory subunit-like	protein-coding	Symbol
LOC111135182	6	111135182	LOC111135182	uncharacterized LOC111135182	protein-coding	Symbol
LOC111135327	6	111135327	LOC111135327	cAMP-dependent protein kinase catalytic subunit PRKX-like	protein-coding	Symbol
LOC111135333	6	111135333	LOC111135333	integrator complex subunit 4-like	protein-coding	Symbol
LOC111135386	6	111135386	LOC111135386	glycerophosphocholine cholinephosphodiesterase ENPP6-like	protein-coding	Symbol
LOC111135400	6	111135400	LOC111135400	phosphoenolpyruvate carboxykinase [GTP]-like	protein-coding	Symbol
LOC111135404	6	111135404	LOC111135404	uncharacterized LOC111135404	protein-coding	Symbol
LOC111135472	6	111135472	LOC111135472	uncharacterized LOC111135472	protein-coding	Symbol
LOC111135524	6	111135524	LOC111135524	mannose-P-dolichol utilization defect 1 protein-like	protein-coding	Symbol
LOC111135541	6	111135541	LOC111135541	D-glucuronyl C5-epimerase-like	protein-coding	Symbol
LOC111136307	6	111136307	LOC111136307	uncharacterized LOC111136307	protein-coding	Symbol
LOC111136391	6	111136391	LOC111136391	signal recognition particle receptor subunit beta-like	protein-coding	Symbol
LOC111136466	6	111136466	LOC111136466	BCAS3 microtubule associated cell migration factor-like	protein-coding	Symbol
LOC111136570	6	111136570	LOC111136570	uncharacterized LOC111136570	protein-coding	Symbol
LOC111136831	6	111136831	LOC111136831	uncharacterized LOC111136831	protein-coding	Symbol
LOC111136921	6	111136921	LOC111136921	pantothenate kinase 3-like	protein-coding	Symbol
LOC111137056	6	111137056	LOC111137056	HAUS augmin-like complex subunit 4	protein-coding	Symbol
LOC111137316	6	111137316	LOC111137316	TBC1 domain family member 31-like	protein-coding	Symbol
LOC111137450	6	111137450	LOC111137450	SH3 domain-binding glutamic acid-rich-like protein 3	protein-coding	Symbol
LOC111137553	6	111137553	LOC111137553	hepatocyte nuclear factor 4-gamma-like	protein-coding	Symbol
LOC111138114	6	111138114	LOC111138114	activating signal cointegrator 1 complex subunit 1-like	protein-coding	Symbol
LOC111138120	6	NA	NA	NA	NA	NA
LOC111138138	6	111138138	LOC111138138	adhesion G-protein coupled receptor G6-like	protein-coding	Symbol
LOC111138140	6	111138140	LOC111138140	DNA replication complex GINS protein PSF3-like	protein-coding	Symbol
LOC111138319	6	111138319	LOC111138319	tripartite motif-containing protein 3-like	protein-coding	Symbol
LOC111138340	6	111138340	LOC111138340	rho-related BTB domain-containing protein 1-like	protein-coding	Symbol
LOC111138351	6	111138351	LOC111138351	uncharacterized LOC111138351	protein-coding	Symbol
LOC111138502	6	111138502	LOC111138502	bromodomain-containing protein 7-like	protein-coding	Symbol
LOC111138513	6	111138513	LOC111138513	putative aminopeptidase NPEPL1	protein-coding	Symbol
LOC111099050	5	111099050	LOC111099050	amyloid protein-binding protein 2-like	protein-coding	Symbol
LOC111099103	5	111099103	LOC111099103	sodium- and chloride-dependent glycine transporter 1-like	protein-coding	Symbol
LOC111099343	5	111099343	LOC111099343	SPRY domain-containing protein 3-like	protein-coding	Symbol
LOC111099596	5	NA	NA	NA	NA	NA
LOC111100287	5	NA	NA	NA	NA	NA
LOC111100382	5	111100382	LOC111100382	lysine-specific demethylase 6A-like	protein-coding	Symbol
LOC111100393	5	111100393	LOC111100393	disintegrin and metalloproteinase domain-containing protein 12-like	protein-coding	Symbol
LOC111100628	5	111100628	LOC111100628	uncharacterized LOC111100628	protein-coding	Symbol
LOC111100940	5	111100940	LOC111100940	arylsulfatase I-like	protein-coding	Symbol
LOC111101017	5	111101017	LOC111101017	uncharacterized LOC111101017	protein-coding	Symbol
LOC111101548	5	111101548	LOC111101548	transcription initiation factor TFIID subunit 8-like	protein-coding	Symbol
LOC111101827	5	NA	NA	NA	NA	NA
LOC111102146	5	111102146	LOC111102146	UDP-glucose:glycoprotein glucosyltransferase 1-like	protein-coding	Symbol
LOC111102335	5	111102335	LOC111102335	rab-like protein 2A	protein-coding	Symbol
LOC111103581	5	NA	NA	NA	NA	NA
LOC111103628	5	NA	NA	NA	NA	NA
LOC111103739	5	111103739	LOC111103739	headcase protein homolog	protein-coding	Symbol
LOC111103823	5	111103823	LOC111103823	uncharacterized LOC111103823	protein-coding	Symbol
LOC111103869	5	111103869	LOC111103869	rho GTPase-activating protein 190-like	protein-coding	Symbol
LOC111103982	5	111103982	LOC111103982	E3 ubiquitin-protein ligase XIAP-like	protein-coding	Symbol
LOC111104063	5	111104063	LOC111104063	anoctamin-1-like	protein-coding	Symbol
LOC111104100	5	111104100	LOC111104100	metabotropic glutamate receptor 1-like	protein-coding	Symbol
LOC111104199	5	NA	NA	NA	NA	NA
LOC111104629	5	111104629	LOC111104629	androglobin-like	protein-coding	Symbol
LOC111104835	5	111104835	LOC111104835	centaurin-gamma-1A-like	protein-coding	Symbol
LOC111105029	5	111105029	LOC111105029	E3 ubiquitin-protein ligase SHPRH-like	protein-coding	Symbol
LOC111105240	5	111105240	LOC111105240	hydroxylysine kinase-like	protein-coding	Symbol
LOC111105446	5	NA	NA	NA	NA	NA
LOC111105897	5	111105897	LOC111105897	pseudouridylate synthase 7 homolog	protein-coding	Symbol
LOC111105915	5	111105915	LOC111105915	zinc finger CCCH-type with G patch domain-containing protein-like	protein-coding	Symbol
LOC111105929	5	NA	NA	NA	NA	NA
LOC111106127	5	111106127	LOC111106127	ATP synthase F(1) complex subunit gamma, mitochondrial-like	protein-coding	Symbol
LOC111106173	5	NA	NA	NA	NA	NA
LOC111106257	5	111106257	LOC111106257	phosducin-like protein	protein-coding	Symbol
LOC111107070	5	NA	NA	NA	NA	NA
LOC111107277	5	111107277	LOC111107277	uncharacterized LOC111107277	protein-coding	Symbol
LOC111107406	5	NA	NA	NA	NA	NA
LOC111107573	5	111107573	LOC111107573	uncharacterized LOC111107573	protein-coding	Symbol
LOC111107911	5	111107911	LOC111107911	BTB/POZ domain-containing protein 6-like	protein-coding	Symbol
LOC111107992	5	111107992	LOC111107992	uncharacterized LOC111107992	protein-coding	Symbol
LOC111108081	5	NA	NA	NA	NA	NA
LOC111108216	5	111108216	LOC111108216	zinc finger E-box-binding homeobox protein zag-1-like	protein-coding	Symbol
LOC111108238	5	111108238	LOC111108238	uncharacterized LOC111108238	protein-coding	Symbol
LOC111108407	5	NA	NA	NA	NA	NA
LOC111108415	5	111108415	LOC111108415	uncharacterized LOC111108415	protein-coding	Symbol
LOC111109117	5	111109117	LOC111109117	uncharacterized LOC111109117	protein-coding	Symbol
LOC111109131	5	111109131	LOC111109131	germinal-center associated nuclear protein-like	pseudo	Symbol
LOC111109224	5	NA	NA	NA	NA	NA
LOC111109690	5	111109690	LOC111109690	uncharacterized LOC111109690	protein-coding	Symbol
LOC111109796	5	111109796	LOC111109796	UDP-xylose and UDP-N-acetylglucosamine transporter-like	protein-coding	Symbol
LOC111110811	5	111110811	LOC111110811	polyribonucleotide 5'-hydroxyl-kinase Clp1-like	protein-coding	Symbol
LOC111111291	5	NA	NA	NA	NA	NA
LOC111111336	5	111111336	LOC111111336	BTB/POZ domain-containing protein 6-B-like	protein-coding	Symbol
LOC111111628	5	111111628	LOC111111628	sodium/calcium exchanger 3-like	protein-coding	Symbol
LOC111111646	5	111111646	LOC111111646	uncharacterized LOC111111646	protein-coding	Symbol
LOC111112484	5	NA	NA	NA	NA	NA
LOC111112498	5	111112498	LOC111112498	serine/threonine-protein kinase 17B-like	protein-coding	Symbol
LOC111112526	5	111112526	LOC111112526	uncharacterized LOC111112526	protein-coding	Symbol
LOC111112653	5	111112653	LOC111112653	uncharacterized LOC111112653	protein-coding	Symbol
LOC111113046	5	111113046	LOC111113046	uncharacterized LOC111113046	protein-coding	Symbol
LOC111113054	5	111113054	LOC111113054	uncharacterized LOC111113054	protein-coding	Symbol
LOC111113066	5	NA	NA	NA	NA	NA
LOC111113079	5	NA	NA	NA	NA	NA
LOC111113125	5	111113125	LOC111113125	uncharacterized LOC111113125	protein-coding	Symbol
LOC111113188	5	111113188	LOC111113188	dnaJ homolog subfamily C member 25 homolog	protein-coding	Symbol
LOC111113388	5	111113388	LOC111113388	beta-galactosidase-like	protein-coding	Symbol
LOC111113584	5	111113584	LOC111113584	uncharacterized LOC111113584	protein-coding	Symbol
LOC111114212	5	111114212	LOC111114212	coatomer subunit alpha-like	protein-coding	Symbol
LOC111114452	5	111114452	LOC111114452	uncharacterized LOC111114452	protein-coding	Symbol
LOC111114644	5	111114644	LOC111114644	voltage-gated inwardly rectifying potassium channel KCNH6-like	protein-coding	Symbol
LOC111116577	5	NA	NA	NA	NA	NA
LOC111116595	5	NA	NA	NA	NA	NA
LOC111116970	5	111116970	LOC111116970	monoacylglycerol lipase ABHD2-like	protein-coding	Symbol
LOC111117018	5	NA	NA	NA	NA	NA
LOC111117093	5	NA	NA	NA	NA	NA
LOC111117287	5	111117287	LOC111117287	uncharacterized LOC111117287	protein-coding	Symbol
LOC111118144	5	111118144	LOC111118144	sphingosine kinase 1-like	protein-coding	Symbol
LOC111118923	5	111118923	LOC111118923	uncharacterized LOC111118923	protein-coding	Symbol
LOC111118948	5	111118948	LOC111118948	uncharacterized LOC111118948	protein-coding	Symbol
LOC111119106	5	111119106	LOC111119106	set1/Ash2 histone methyltransferase complex subunit ASH2-like	protein-coding	Symbol
LOC111119250	5	111119250	LOC111119250	stathmin-like	protein-coding	Symbol
LOC111119467	5	111119467	LOC111119467	uncharacterized LOC111119467	protein-coding	Symbol
LOC111119519	5	111119519	LOC111119519	cytokine receptor-like factor 3	protein-coding	Symbol
LOC111119727	5	111119727	LOC111119727	uncharacterized LOC111119727	protein-coding	Symbol
LOC111119870	5	111119870	LOC111119870	acid sphingomyelinase-like phosphodiesterase 3b	protein-coding	Symbol
LOC111119916	5	111119916	LOC111119916	sphingomyelin synthase-related protein 1-like	protein-coding	Symbol
LOC111120121	5	111120121	LOC111120121	BAI1-associated protein 3-like	protein-coding	Symbol
LOC111120489	5	111120489	LOC111120489	HEAT repeat-containing protein 1-like	protein-coding	Symbol
LOC111120536	5	111120536	LOC111120536	leucine-rich repeat-containing protein 45-like	protein-coding	Symbol
LOC111120617	5	111120617	LOC111120617	uncharacterized LOC111120617	protein-coding	Symbol
LOC111120643	5	111120643	LOC111120643	uncharacterized LOC111120643	protein-coding	Symbol
LOC111120744	5	111120744	LOC111120744	uncharacterized LOC111120744	protein-coding	Symbol
LOC111120869	5	111120869	LOC111120869	hepatocyte growth factor-regulated tyrosine kinase substrate-like	protein-coding	Symbol
LOC111120978	5	111120978	LOC111120978	WD repeat domain phosphoinositide-interacting protein 3-like	protein-coding	Symbol
LOC111121122	5	111121122	LOC111121122	uncharacterized LOC111121122	protein-coding	Symbol
LOC111121376	5	111121376	LOC111121376	mediator of RNA polymerase II transcription subunit 23-like	protein-coding	Symbol
LOC111121447	5	111121447	LOC111121447	RAD50-interacting protein 1-like	protein-coding	Symbol
LOC111121857	5	111121857	LOC111121857	E3 ubiquitin-protein ligase HECTD3-like	protein-coding	Symbol
LOC111122066	5	111122066	LOC111122066	uncharacterized LOC111122066	protein-coding	Symbol
LOC111122099	5	111122099	LOC111122099	signal peptide peptidase-like	protein-coding	Symbol
LOC111122185	5	NA	NA	NA	NA	NA
LOC111122329	5	111122329	LOC111122329	lipoxygenase homology domain-containing protein 1-like	protein-coding	Symbol
LOC111122333	5	111122333	LOC111122333	GPI alpha-1,2-mannosyltransferase 3-like	protein-coding	Symbol
LOC111122347	5	111122347	LOC111122347	clavesin-2-like	protein-coding	Symbol
LOC111122429	5	111122429	LOC111122429	WD repeat-containing protein 36-like	protein-coding	Symbol
LOC111122683	5	111122683	LOC111122683	cytochrome P450 2J4-like	protein-coding	Symbol
LOC111123068	5	NA	NA	NA	NA	NA
LOC111123125	5	111123125	LOC111123125	multiple epidermal growth factor-like domains protein 8	protein-coding	Symbol
LOC111123297	5	111123297	LOC111123297	palmitoyltransferase ZDHHC12-B-like	protein-coding	Symbol
LOC111123301	5	NA	NA	NA	NA	NA
LOC111123371	5	NA	NA	NA	NA	NA
LOC111123425	5	111123425	LOC111123425	uncharacterized LOC111123425	protein-coding	Symbol
LOC111123590	5	111123590	LOC111123590	tRNA-splicing endonuclease subunit Sen15-like	protein-coding	Symbol
LOC111123641	5	111123641	LOC111123641	transmembrane and coiled-coil domains protein 1-like	protein-coding	Symbol
LOC111123773	5	111123773	LOC111123773	cystathionine beta-synthase-like	protein-coding	Symbol
LOC111124011	5	111124011	LOC111124011	vascular endothelial growth factor receptor 1-like	protein-coding	Symbol
LOC111124372	5	111124372	LOC111124372	ligand of Numb protein X 2-like	protein-coding	Symbol
LOC111124523	5	111124523	LOC111124523	RNA-binding protein 26-like	protein-coding	Symbol
LOC111124543	5	111124543	LOC111124543	uncharacterized LOC111124543	protein-coding	Symbol
LOC111124590	5	111124590	LOC111124590	lysosomal Pro-X carboxypeptidase-like	protein-coding	Symbol
LOC111124724	5	111124724	LOC111124724	uncharacterized LOC111124724	protein-coding	Symbol
LOC111124759	5	111124759	LOC111124759	protein unc-50 homolog	protein-coding	Symbol
LOC111124916	5	111124916	LOC111124916	motile sperm domain-containing protein 2-like	protein-coding	Symbol
LOC111124958	5	NA	NA	NA	NA	NA
LOC111124990	5	NA	NA	NA	NA	NA
LOC111125012	5	111125012	LOC111125012	F-box/LRR-repeat protein 21-like	protein-coding	Symbol
LOC111125038	5	111125038	LOC111125038	small heat shock protein p36-like	protein-coding	Symbol
LOC111125149	5	111125149	LOC111125149	ATP-binding cassette sub-family C member 10-like	protein-coding	Symbol
LOC111125205	5	111125205	LOC111125205	syntaxin-binding protein 1-like	protein-coding	Symbol
LOC111125210	5	111125210	LOC111125210	serum paraoxonase/arylesterase 1-like	protein-coding	Symbol
LOC111125463	5	111125463	LOC111125463	hemicentin-1-like	protein-coding	Symbol
LOC111125479	5	111125479	LOC111125479	uncharacterized LOC111125479	protein-coding	Symbol
LOC111125516	5	111125516	LOC111125516	uncharacterized LOC111125516	protein-coding	Symbol
LOC111125554	5	111125554	LOC111125554	kelch-like protein 8	protein-coding	Symbol
LOC111125780	5	NA	NA	NA	NA	NA
LOC111125788	5	111125788	LOC111125788	high-affinity choline transporter 1-like	protein-coding	Symbol
LOC111125791	5	111125791	LOC111125791	golgin subfamily A member 2-like	protein-coding	Symbol
LOC111125988	5	111125988	LOC111125988	high affinity copper uptake protein 1-like	protein-coding	Symbol
LOC111126082	5	111126082	LOC111126082	protein N-lysine methyltransferase METTL21A-like	protein-coding	Symbol
LOC111126090	5	111126090	LOC111126090	cleavage stimulation factor subunit 1-like	protein-coding	Symbol
LOC111126353	5	111126353	LOC111126353	uncharacterized LOC111126353	protein-coding	Symbol
LOC111126433	5	111126433	LOC111126433	60 kDa neurofilament protein-like	protein-coding	Symbol
LOC111126494	5	111126494	LOC111126494	uncharacterized LOC111126494	protein-coding	Symbol
LOC111126804	5	111126804	LOC111126804	influenza virus NS1A-binding protein homolog	protein-coding	Symbol
LOC111126875	5	111126875	LOC111126875	tyrosine-protein kinase transmembrane receptor Ror-like	protein-coding	Symbol
LOC111127085	5	111127085	LOC111127085	haloacid dehalogenase-like hydrolase domain-containing protein 2	protein-coding	Symbol
LOC111127164	5	111127164	LOC111127164	uncharacterized LOC111127164	protein-coding	Symbol
LOC111127169	5	111127169	LOC111127169	uncharacterized LOC111127169	protein-coding	Symbol
LOC111127224	5	NA	NA	NA	NA	NA
LOC111127466	5	111127466	LOC111127466	uncharacterized LOC111127466	protein-coding	Symbol
LOC111127752	5	NA	NA	NA	NA	NA
LOC111127888	5	111127888	LOC111127888	phytanoyl-CoA dioxygenase domain-containing protein 1-like	protein-coding	Symbol
LOC111128065	5	111128065	LOC111128065	HEAT repeat-containing protein 5B-like	protein-coding	Symbol
LOC111128302	5	111128302	LOC111128302	5-formyltetrahydrofolate cyclo-ligase-like	protein-coding	Symbol
LOC111128687	5	111128687	LOC111128687	pyruvate carboxylase, mitochondrial-like	protein-coding	Symbol
LOC111128753	5	111128753	LOC111128753	uncharacterized LOC111128753	protein-coding	Symbol
LOC111129073	5	111129073	LOC111129073	lactoylglutathione lyase-like	protein-coding	Symbol
LOC111129212	5	111129212	LOC111129212	forkhead box protein N2-like	protein-coding	Symbol
LOC111129377	5	111129377	LOC111129377	dynein intermediate chain 2, ciliary-like	protein-coding	Symbol
LOC111129568	5	NA	NA	NA	NA	NA
LOC111129809	5	111129809	LOC111129809	uncharacterized LOC111129809	protein-coding	Symbol
LOC111129816	5	111129816	LOC111129816	F-box/WD repeat-containing protein 5-like	protein-coding	Symbol
LOC111130041	5	111130041	LOC111130041	coiled-coil domain-containing protein 97-like	protein-coding	Symbol
LOC111130298	5	111130298	LOC111130298	uncharacterized LOC111130298	protein-coding	Symbol
LOC111130334	5	111130334	LOC111130334	uncharacterized LOC111130334	protein-coding	Symbol
LOC111130383	5	111130383	LOC111130383	guanine nucleotide-binding protein subunit beta-5a-like	protein-coding	Symbol
LOC111130417	5	111130417	LOC111130417	aarF domain-containing protein kinase 1-like	protein-coding	Symbol
LOC111130512	5	111130512	LOC111130512	F-box DNA helicase 1-like	protein-coding	Symbol
LOC111130938	5	111130938	LOC111130938	leukocyte tyrosine kinase receptor-like	protein-coding	Symbol
LOC111131376	5	111131376	LOC111131376	uncharacterized LOC111131376	protein-coding	Symbol
LOC111131667	5	111131667	LOC111131667	structure-specific endonuclease subunit MUS81-like	protein-coding	Symbol
LOC111131685	5	NA	NA	NA	NA	NA
LOC111131768	5	111131768	LOC111131768	SPARC-related modular calcium-binding protein 1-like	protein-coding	Symbol
LOC111131788	5	NA	NA	NA	NA	NA
LOC111132102	5	111132102	LOC111132102	orexin receptor type 2-like	protein-coding	Symbol
LOC111132206	5	111132206	LOC111132206	GPALPP motifs-containing protein 1-like	protein-coding	Symbol
LOC111132265	5	111132265	LOC111132265	uncharacterized LOC111132265	protein-coding	Symbol
LOC111132866	5	111132866	LOC111132866	uncharacterized LOC111132866	protein-coding	Symbol
LOC111132883	5	111132883	LOC111132883	protein pelota-like	protein-coding	Symbol
LOC111132939	5	111132939	LOC111132939	agrin-like	protein-coding	Symbol
LOC111133206	5	111133206	LOC111133206	syndetin-like	protein-coding	Symbol
LOC111133228	5	111133228	LOC111133228	LHFPL tetraspan subfamily member 6 protein-like	protein-coding	Symbol
LOC111133565	5	NA	NA	NA	NA	NA
LOC111133656	5	111133656	LOC111133656	uncharacterized LOC111133656	protein-coding	Symbol
LOC111134684	5	111134684	LOC111134684	synergin gamma-like	protein-coding	Symbol
LOC111134688	5	NA	NA	NA	NA	NA
LOC111134716	5	111134716	LOC111134716	uncharacterized LOC111134716	pseudo	Symbol
LOC111135123	5	111135123	LOC111135123	fatty acid-binding protein, heart-like	protein-coding	Symbol
LOC111135137	5	111135137	LOC111135137	thioredoxin reductase 2, mitochondrial-like	protein-coding	Symbol
LOC111135177	5	111135177	LOC111135177	uncharacterized LOC111135177	protein-coding	Symbol
LOC111135213	5	111135213	LOC111135213	uncharacterized LOC111135213	protein-coding	Symbol
LOC111135275	5	111135275	LOC111135275	uncharacterized LOC111135275	protein-coding	Symbol
LOC111135428	5	111135428	LOC111135428	E3 ubiquitin-protein ligase RNF10-like	protein-coding	Symbol
LOC111135544	5	111135544	LOC111135544	proline-serine-threonine phosphatase-interacting protein 2-like	protein-coding	Symbol
LOC111135649	5	NA	NA	NA	NA	NA
LOC111135886	5	111135886	LOC111135886	uncharacterized LOC111135886	protein-coding	Symbol
LOC111135999	5	111135999	LOC111135999	alanyl-tRNA editing protein Aarsd1-like	protein-coding	Symbol
LOC111136019	5	111136019	LOC111136019	ankyrin and armadillo repeat-containing protein-like	protein-coding	Symbol
LOC111136062	5	111136062	LOC111136062	uncharacterized LOC111136062	protein-coding	Symbol
LOC111136375	5	111136375	LOC111136375	LIM/homeobox protein Lhx1-like	protein-coding	Symbol
LOC111136434	5	111136434	LOC111136434	vitamin K epoxide reductase complex subunit 1-like protein 1	protein-coding	Symbol
LOC111136467	5	111136467	LOC111136467	E3 SUMO-protein ligase ZBED1-like	protein-coding	Symbol
LOC111136607	5	111136607	LOC111136607	N(6)-adenosine-methyltransferase catalytic subunit METTL3-like	protein-coding	Symbol
LOC111136655	5	NA	NA	NA	NA	NA
LOC111136658	5	NA	NA	NA	NA	NA
LOC111136672	5	111136672	LOC111136672	cleavage and polyadenylation specificity factor subunit 1-like	protein-coding	Symbol
LOC111136732	5	111136732	LOC111136732	uncharacterized LOC111136732	protein-coding	Symbol
LOC111136873	5	111136873	LOC111136873	GDH/6PGL endoplasmic bifunctional protein-like	protein-coding	Symbol
LOC111136960	5	111136960	LOC111136960	uncharacterized LOC111136960	protein-coding	Symbol
LOC111137153	5	NA	NA	NA	NA	NA
LOC111137165	5	111137165	LOC111137165	TAR DNA-binding protein 43-like	protein-coding	Symbol
LOC111137551	5	111137551	LOC111137551	uncharacterized LOC111137551	protein-coding	Symbol
LOC111137814	5	111137814	LOC111137814	alkaline phosphatase-like	protein-coding	Symbol
LOC111138049	5	111138049	LOC111138049	15-hydroxyprostaglandin dehydrogenase [NAD(+)]-like	protein-coding	Symbol
LOC111138070	5	111138070	LOC111138070	uncharacterized LOC111138070	protein-coding	Symbol
LOC111138104	5	111138104	LOC111138104	uncharacterized protein C5orf34 homolog	protein-coding	Symbol
LOC111138205	5	111138205	LOC111138205	uncharacterized LOC111138205	protein-coding	Symbol
LOC111138289	5	111138289	LOC111138289	uncharacterized LOC111138289	protein-coding	Symbol
LOC111099109	4	111099109	LOC111099109	lipopolysaccharide-induced tumor necrosis factor-alpha factor homolog	protein-coding	Symbol
LOC111099200	4	111099200	LOC111099200	WW domain-containing oxidoreductase-like	protein-coding	Symbol
LOC111099631	4	111099631	LOC111099631	baculoviral IAP repeat-containing protein 8-like	protein-coding	Symbol
LOC111100363	4	111100363	LOC111100363	NFX1-type zinc finger-containing protein 1-like	protein-coding	Symbol
LOC111100557	4	111100557	LOC111100557	synaptotagmin-7-like	protein-coding	Symbol
LOC111100559	4	111100559	LOC111100559	uncharacterized LOC111100559	protein-coding	Symbol
LOC111100792	4	111100792	LOC111100792	peripheral plasma membrane protein CASK-like	protein-coding	Symbol
LOC111100877	4	111100877	LOC111100877	histone deacetylase 8-like	protein-coding	Symbol
LOC111101060	4	111101060	LOC111101060	connector enhancer of kinase suppressor of ras 2-like	protein-coding	Symbol
LOC111101068	4	NA	NA	NA	NA	NA
LOC111101110	4	111101110	LOC111101110	retinoblastoma-associated protein-like	protein-coding	Symbol
LOC111101497	4	NA	NA	NA	NA	NA
LOC111101813	4	NA	NA	NA	NA	NA
LOC111101890	4	111101890	LOC111101890	putative cytochrome P450 120	protein-coding	Symbol
LOC111102337	4	NA	NA	NA	NA	NA
LOC111102495	4	111102495	LOC111102495	uncharacterized LOC111102495	protein-coding	Symbol
LOC111102669	4	111102669	LOC111102669	protein MFI-like	protein-coding	Symbol
LOC111102809	4	111102809	LOC111102809	uncharacterized LOC111102809	protein-coding	Symbol
LOC111103306	4	111103306	LOC111103306	zinc transporter ZIP10-like	protein-coding	Symbol
LOC111103379	4	111103379	LOC111103379	SH3 domain-containing kinase-binding protein 1-like	protein-coding	Symbol
LOC111103430	4	111103430	LOC111103430	four and a half LIM domains protein 2-like	protein-coding	Symbol
LOC111103474	4	111103474	LOC111103474	serine/threonine-protein kinase PLK1-like	protein-coding	Symbol
LOC111103991	4	111103991	LOC111103991	uncharacterized LOC111103991	protein-coding	Symbol
LOC111103996	4	111103996	LOC111103996	uncharacterized LOC111103996	protein-coding	Symbol
LOC111104061	4	111104061	LOC111104061	E3 ubiquitin-protein ligase rnf213-alpha-like	protein-coding	Symbol
LOC111104112	4	111104112	LOC111104112	uncharacterized LOC111104112	protein-coding	Symbol
LOC111104123	4	111104123	LOC111104123	gastric triacylglycerol lipase-like	protein-coding	Symbol
LOC111104139	4	111104139	LOC111104139	E3 ubiquitin-protein ligase HACE1-like	protein-coding	Symbol
LOC111104157	4	111104157	LOC111104157	uncharacterized LOC111104157	protein-coding	Symbol
LOC111104316	4	111104316	LOC111104316	fatty acyl-CoA hydrolase precursor, medium chain-like	protein-coding	Symbol
LOC111104416	4	111104416	LOC111104416	trafficking protein particle complex subunit 10-like	protein-coding	Symbol
LOC111104643	4	111104643	LOC111104643	receptor-binding cancer antigen expressed on SiSo cells-like	protein-coding	Symbol
LOC111104657	4	NA	NA	NA	NA	NA
LOC111104805	4	NA	NA	NA	NA	NA
LOC111105590	4	111105590	LOC111105590	arginyl-tRNA--protein transferase 1-like	protein-coding	Symbol
LOC111106061	4	111106061	LOC111106061	glyoxylate/hydroxypyruvate reductase A-like	protein-coding	Symbol
LOC111106164	4	111106164	LOC111106164	metalloproteinase inhibitor 1-like	protein-coding	Symbol
LOC111106444	4	111106444	LOC111106444	uncharacterized LOC111106444	protein-coding	Symbol
LOC111106452	4	111106452	LOC111106452	N-fatty-acyl-amino acid synthase/hydrolase PM20D1.2-like	protein-coding	Symbol
LOC111106953	4	111106953	LOC111106953	centrosomal protein of 41 kDa-like	protein-coding	Symbol
LOC111107250	4	111107250	LOC111107250	dynein axonemal heavy chain 3-like	protein-coding	Symbol
LOC111107511	4	NA	NA	NA	NA	NA
LOC111107566	4	NA	NA	NA	NA	NA
LOC111107815	4	111107815	LOC111107815	uncharacterized LOC111107815	protein-coding	Symbol
LOC111107827	4	111107827	LOC111107827	uncharacterized LOC111107827	protein-coding	Symbol
LOC111107832	4	NA	NA	NA	NA	NA
LOC111107910	4	NA	NA	NA	NA	NA
LOC111108167	4	111108167	LOC111108167	DNA-binding protein P3A2-like	protein-coding	Symbol
LOC111108567	4	111108567	LOC111108567	uncharacterized LOC111108567	protein-coding	Symbol
LOC111108600	4	111108600	LOC111108600	stabilin-2-like	protein-coding	Symbol
LOC111108814	4	111108814	LOC111108814	guanine nucleotide-binding protein G(s) subunit alpha-like	protein-coding	Symbol
LOC111108901	4	111108901	LOC111108901	tumor protein p53-inducible protein 11-like	protein-coding	Symbol
LOC111109061	4	NA	NA	NA	NA	NA
LOC111109533	4	111109533	LOC111109533	uncharacterized LOC111109533	protein-coding	Symbol
LOC111109576	4	111109576	LOC111109576	protein O-linked-mannose beta-1,2-N-acetylglucosaminyltransferase 1-like	protein-coding	Symbol
LOC111109664	4	NA	NA	NA	NA	NA
LOC111110198	4	111110198	LOC111110198	uncharacterized LOC111110198	protein-coding	Symbol
LOC111110409	4	111110409	LOC111110409	metabotropic glutamate receptor 3-like	protein-coding	Symbol
LOC111110557	4	111110557	LOC111110557	cyclin-D-binding Myb-like transcription factor 1	protein-coding	Symbol
LOC111110664	4	111110664	LOC111110664	ras-related and estrogen-regulated growth inhibitor-like	protein-coding	Symbol
LOC111110720	4	111110720	LOC111110720	uncharacterized LOC111110720	protein-coding	Symbol
LOC111111091	4	111111091	LOC111111091	sorcin-like	protein-coding	Symbol
LOC111111179	4	111111179	LOC111111179	G-protein coupled receptor 84-like	protein-coding	Symbol
LOC111111609	4	111111609	LOC111111609	UPF0538 protein C2orf76 homolog	protein-coding	Symbol
LOC111111621	4	111111621	LOC111111621	esterase OVCA2-like	protein-coding	Symbol
LOC111111709	4	111111709	LOC111111709	cobalamin trafficking protein CblD-like	protein-coding	Symbol
LOC111112011	4	111112011	LOC111112011	cyclic GMP-AMP synthase-like receptor 1	protein-coding	Symbol
LOC111112014	4	111112014	LOC111112014	polypeptide N-acetylgalactosaminyltransferase 1-like	protein-coding	Symbol
LOC111112024	4	111112024	LOC111112024	chromodomain-helicase-DNA-binding protein 1-like	protein-coding	Symbol
LOC111112304	4	111112304	LOC111112304	disintegrin and metalloproteinase domain-containing protein unc-71-like	protein-coding	Symbol
LOC111112413	4	NA	NA	NA	NA	NA
LOC111112558	4	NA	NA	NA	NA	NA
LOC111112955	4	111112955	LOC111112955	integrin beta pat-3-like	protein-coding	Symbol
LOC111112987	4	111112987	LOC111112987	ATP-dependent RNA helicase DDX42-like	protein-coding	Symbol
LOC111113215	4	111113215	LOC111113215	tensin-3-like	protein-coding	Symbol
LOC111114111	4	111114111	LOC111114111	uncharacterized LOC111114111	protein-coding	Symbol
LOC111114567	4	NA	NA	NA	NA	NA
LOC111114887	4	111114887	LOC111114887	uncharacterized LOC111114887	protein-coding	Symbol
LOC111114895	4	111114895	LOC111114895	mitogen-activated protein kinase kinase kinase 20-like	protein-coding	Symbol
LOC111115437	4	111115437	LOC111115437	ferrochelatase, mitochondrial-like	protein-coding	Symbol
LOC111115841	4	NA	NA	NA	NA	NA
LOC111115879	4	111115879	LOC111115879	uncharacterized LOC111115879	protein-coding	Symbol
LOC111116420	4	NA	NA	NA	NA	NA
LOC111116535	4	111116535	LOC111116535	uncharacterized LOC111116535	pseudo	Symbol
LOC111118063	4	111118063	LOC111118063	PDZ domain-containing protein 11-like	protein-coding	Symbol
LOC111118132	4	NA	NA	NA	NA	NA
LOC111118150	4	111118150	LOC111118150	cholesterol transporter ABCA5-like	protein-coding	Symbol
LOC111118323	4	111118323	LOC111118323	methylthioribose-1-phosphate isomerase-like	protein-coding	Symbol
LOC111118963	4	111118963	LOC111118963	aspartate--tRNA ligase, cytoplasmic-like	protein-coding	Symbol
LOC111119145	4	111119145	LOC111119145	putative ferric-chelate reductase 1	protein-coding	Symbol
LOC111119332	4	111119332	LOC111119332	cytochrome c oxidase assembly protein ctaG-like	protein-coding	Symbol
LOC111119511	4	NA	NA	NA	NA	NA
LOC111119687	4	111119687	LOC111119687	uncharacterized LOC111119687	protein-coding	Symbol
LOC111119828	4	111119828	LOC111119828	WD repeat domain phosphoinositide-interacting protein 4-like	protein-coding	Symbol
LOC111119852	4	111119852	LOC111119852	E3 ubiquitin-protein ligase MARCHF1-like	protein-coding	Symbol
LOC111120006	4	111120006	LOC111120006	contactin-1-like	protein-coding	Symbol
LOC111120105	4	111120105	LOC111120105	uncharacterized LOC111120105	protein-coding	Symbol
LOC111120160	4	NA	NA	NA	NA	NA
LOC111120188	4	NA	NA	NA	NA	NA
LOC111120302	4	111120302	LOC111120302	unhealthy ribosome biogenesis protein 2 homolog	protein-coding	Symbol
LOC111120461	4	NA	NA	NA	NA	NA
LOC111120486	4	111120486	LOC111120486	glutathione S-transferase-like	protein-coding	Symbol
LOC111120567	4	111120567	LOC111120567	F-box and WD repeat domain containing protein 10B-like	protein-coding	Symbol
LOC111120717	4	111120717	LOC111120717	uncharacterized LOC111120717	protein-coding	Symbol
LOC111120762	4	111120762	LOC111120762	cubilin-like	protein-coding	Symbol
LOC111120766	4	111120766	LOC111120766	growth hormone-inducible transmembrane protein-like	protein-coding	Symbol
LOC111120793	4	NA	NA	NA	NA	NA
LOC111120851	4	111120851	LOC111120851	protein Njmu-R1-like	protein-coding	Symbol
LOC111120886	4	111120886	LOC111120886	midasin-like	protein-coding	Symbol
LOC111121008	4	111121008	LOC111121008	peptidyl-prolyl cis-trans isomerase-like 3	protein-coding	Symbol
LOC111121029	4	NA	NA	NA	NA	NA
LOC111121168	4	111121168	LOC111121168	bifunctional arginine demethylase and lysyl-hydroxylase JMJD6-A-like	protein-coding	Symbol
LOC111121296	4	111121296	LOC111121296	nuclear receptor subfamily 1 group D member 2-like	protein-coding	Symbol
LOC111121712	4	NA	NA	NA	NA	NA
LOC111121790	4	NA	NA	NA	NA	NA
LOC111121924	4	NA	NA	NA	NA	NA
LOC111122190	4	111122190	LOC111122190	translocating chain-associated membrane protein 1-like 1	protein-coding	Symbol
LOC111122260	4	111122260	LOC111122260	elongin-C	protein-coding	Symbol
LOC111122413	4	111122413	LOC111122413	ras-related protein Rap-1b pseudogene	pseudo	Symbol
LOC111122537	4	111122537	LOC111122537	G-protein coupled receptor dmsr-1-like	protein-coding	Symbol
LOC111122641	4	111122641	LOC111122641	rab-like protein 6	protein-coding	Symbol
LOC111123091	4	111123091	LOC111123091	sushi domain-containing protein 2-like	protein-coding	Symbol
LOC111123098	4	111123098	LOC111123098	alpha-(1,3)-fucosyltransferase 7-like	protein-coding	Symbol
LOC111123267	4	111123267	LOC111123267	uncharacterized LOC111123267	protein-coding	Symbol
LOC111123278	4	111123278	LOC111123278	signal transducer and activator of transcription 5B-like	protein-coding	Symbol
LOC111123362	4	111123362	LOC111123362	uncharacterized LOC111123362	protein-coding	Symbol
LOC111123401	4	NA	NA	NA	NA	NA
LOC111123684	4	111123684	LOC111123684	serine hydrolase RBBP9-like	pseudo	Symbol
LOC111123905	4	NA	NA	NA	NA	NA
LOC111123960	4	NA	NA	NA	NA	NA
LOC111124518	4	111124518	LOC111124518	phosphatidylserine synthase 1-like	protein-coding	Symbol
LOC111124575	4	111124575	LOC111124575	uncharacterized LOC111124575	protein-coding	Symbol
LOC111124639	4	111124639	LOC111124639	pyruvate dehydrogenase protein X component, mitochondrial-like	protein-coding	Symbol
LOC111124989	4	111124989	LOC111124989	sodium- and chloride-dependent glycine transporter 1-like	protein-coding	Symbol
LOC111125025	4	111125025	LOC111125025	twitchin-like	protein-coding	Symbol
LOC111125051	4	111125051	LOC111125051	polyprenal reductase-like	protein-coding	Symbol
LOC111125308	4	NA	NA	NA	NA	NA
LOC111125544	4	111125544	LOC111125544	sodium-dependent phosphate transporter 2-like	protein-coding	Symbol
LOC111125718	4	111125718	LOC111125718	potassium channel regulatory protein-like	protein-coding	Symbol
LOC111125754	4	111125754	LOC111125754	TRAF3-interacting protein 1-like	protein-coding	Symbol
LOC111125881	4	111125881	LOC111125881	protein AAR2 homolog	protein-coding	Symbol
LOC111125966	4	111125966	LOC111125966	queuine tRNA-ribosyltransferase accessory subunit 2-like	protein-coding	Symbol
LOC111126047	4	111126047	LOC111126047	uncharacterized LOC111126047	protein-coding	Symbol
LOC111126053	4	111126053	LOC111126053	delta-aminolevulinic acid dehydratase-like	protein-coding	Symbol
LOC111126412	4	111126412	LOC111126412	uncharacterized LOC111126412	protein-coding	Symbol
LOC111126424	4	111126424	LOC111126424	low-density lipoprotein receptor-related protein 2-like	protein-coding	Symbol
LOC111126516	4	111126516	LOC111126516	glutamate receptor 2-like	protein-coding	Symbol
LOC111126555	4	111126555	LOC111126555	heat shock 70 kDa protein 12A-like	protein-coding	Symbol
LOC111126663	4	111126663	LOC111126663	uncharacterized LOC111126663	protein-coding	Symbol
LOC111126735	4	111126735	LOC111126735	uncharacterized LOC111126735	protein-coding	Symbol
LOC111126778	4	NA	NA	NA	NA	NA
LOC111126799	4	NA	NA	NA	NA	NA
LOC111126979	4	111126979	LOC111126979	beta-galactosidase-1-like protein 2	protein-coding	Symbol
LOC111127220	4	111127220	LOC111127220	E3 ubiquitin-protein ligase HERC2-like	protein-coding	Symbol
LOC111127424	4	111127424	LOC111127424	zinc finger C2HC domain-containing protein 1A-like	protein-coding	Symbol
LOC111127488	4	NA	NA	NA	NA	NA
LOC111127550	4	111127550	LOC111127550	zinc finger Y-chromosomal protein 1-like	protein-coding	Symbol
LOC111127585	4	111127585	LOC111127585	uncharacterized LOC111127585	protein-coding	Symbol
LOC111127644	4	NA	NA	NA	NA	NA
LOC111127862	4	111127862	LOC111127862	E3 ubiquitin-protein ligase HECTD1-like	protein-coding	Symbol
LOC111127914	4	111127914	LOC111127914	nuclear receptor subfamily 2 group F member 1-A-like	protein-coding	Symbol
LOC111128124	4	111128124	LOC111128124	DNA polymerase iota-like	protein-coding	Symbol
LOC111128157	4	111128157	LOC111128157	uncharacterized LOC111128157	protein-coding	Symbol
LOC111128188	4	111128188	LOC111128188	uncharacterized LOC111128188	protein-coding	Symbol
LOC111128265	4	111128265	LOC111128265	serine/threonine-protein kinase RIO2-like	protein-coding	Symbol
LOC111128436	4	111128436	LOC111128436	uncharacterized LOC111128436	protein-coding	Symbol
LOC111128536	4	NA	NA	NA	NA	NA
LOC111128711	4	111128711	LOC111128711	putative ATP-dependent RNA helicase DHX57	protein-coding	Symbol
LOC111128742	4	111128742	LOC111128742	uncharacterized LOC111128742	protein-coding	Symbol
LOC111128784	4	111128784	LOC111128784	uncharacterized LOC111128784	protein-coding	Symbol
LOC111128972	4	111128972	LOC111128972	S phase cyclin A-associated protein in the endoplasmic reticulum-like	protein-coding	Symbol
LOC111128997	4	111128997	LOC111128997	furin-like protease kpc-1	protein-coding	Symbol
LOC111129017	4	111129017	LOC111129017	uncharacterized LOC111129017	protein-coding	Symbol
LOC111129166	4	111129166	LOC111129166	polypeptide N-acetylgalactosaminyltransferase 2-like	protein-coding	Symbol
LOC111129294	4	111129294	LOC111129294	uncharacterized LOC111129294	protein-coding	Symbol
LOC111129419	4	NA	NA	NA	NA	NA
LOC111129875	4	111129875	LOC111129875	myeloid differentiation primary response protein MyD88-like	protein-coding	Symbol
LOC111129880	4	111129880	LOC111129880	kinesin-like protein KIF6	protein-coding	Symbol
LOC111129893	4	111129893	LOC111129893	uncharacterized LOC111129893	protein-coding	Symbol
LOC111130085	4	111130085	LOC111130085	uncharacterized LOC111130085	protein-coding	Symbol
LOC111130098	4	111130098	LOC111130098	uncharacterized LOC111130098	protein-coding	Symbol
LOC111130240	4	111130240	LOC111130240	bifunctional glutamate/proline--tRNA ligase-like	protein-coding	Symbol
LOC111130412	4	111130412	LOC111130412	zinc finger protein 474-like	protein-coding	Symbol
LOC111130545	4	111130545	LOC111130545	homeobox protein Meis1-like	protein-coding	Symbol
LOC111130696	4	NA	NA	NA	NA	NA
LOC111130828	4	111130828	LOC111130828	survival motor neuron protein-like	protein-coding	Symbol
LOC111130944	4	111130944	LOC111130944	protein ZNRD2-like	protein-coding	Symbol
LOC111131120	4	111131120	LOC111131120	actin-histidine N-methyltransferase-like	protein-coding	Symbol
LOC111131397	4	NA	NA	NA	NA	NA
LOC111131563	4	111131563	LOC111131563	uncharacterized LOC111131563	protein-coding	Symbol
LOC111131615	4	NA	NA	NA	NA	NA
LOC111131726	4	111131726	LOC111131726	purine nucleoside phosphorylase LACC1-like	protein-coding	Symbol
LOC111132092	4	NA	NA	NA	NA	NA
LOC111132193	4	111132193	LOC111132193	uncharacterized LOC111132193	protein-coding	Symbol
LOC111132319	4	111132319	LOC111132319	protein mono-ADP-ribosyltransferase PARP14-like	protein-coding	Symbol
LOC111132349	4	111132349	LOC111132349	3-galactosyl-N-acetylglucosaminide 4-alpha-L-fucosyltransferase FUT3-like	protein-coding	Symbol
LOC111132450	4	NA	NA	NA	NA	NA
LOC111132492	4	111132492	LOC111132492	flavin-containing monooxygenase 5-like	protein-coding	Symbol
LOC111132745	4	NA	NA	NA	NA	NA
LOC111132862	4	111132862	LOC111132862	trimethyllysine dioxygenase, mitochondrial-like	protein-coding	Symbol
LOC111133212	4	111133212	LOC111133212	uncharacterized LOC111133212	protein-coding	Symbol
LOC111133224	4	111133224	LOC111133224	ADAM 17-like protease	protein-coding	Symbol
LOC111133253	4	111133253	LOC111133253	uncharacterized LOC111133253	protein-coding	Symbol
LOC111133489	4	111133489	LOC111133489	sorting nexin-20-like	protein-coding	Symbol
LOC111133561	4	111133561	LOC111133561	uncharacterized LOC111133561	protein-coding	Symbol
LOC111133711	4	111133711	LOC111133711	uncharacterized LOC111133711	protein-coding	Symbol
LOC111133741	4	111133741	LOC111133741	uncharacterized LOC111133741	protein-coding	Symbol
LOC111134061	4	111134061	LOC111134061	uncharacterized LOC111134061	protein-coding	Symbol
LOC111134063	4	111134063	LOC111134063	glucose-fructose oxidoreductase domain-containing protein 2-like	protein-coding	Symbol
LOC111134366	4	111134366	LOC111134366	BBSome complex member BBS4-like	protein-coding	Symbol
LOC111134437	4	111134437	LOC111134437	polycomb group RING finger protein 3-like	protein-coding	Symbol
LOC111134457	4	111134457	LOC111134457	matrix metalloproteinase-18-like	protein-coding	Symbol
LOC111134459	4	111134459	LOC111134459	sodium- and chloride-dependent transporter XTRP3-like	protein-coding	Symbol
LOC111134518	4	111134518	LOC111134518	carbohydrate sulfotransferase 15-like	protein-coding	Symbol
LOC111134641	4	111134641	LOC111134641	receptor-interacting serine/threonine-protein kinase 1-like	protein-coding	Symbol
LOC111134646	4	111134646	LOC111134646	uncharacterized LOC111134646	protein-coding	Symbol
LOC111134686	4	111134686	LOC111134686	paxillin-like	protein-coding	Symbol
LOC111134772	4	111134772	LOC111134772	cGMP-specific 3',5'-cyclic phosphodiesterase-like	protein-coding	Symbol
LOC111134999	4	111134999	LOC111134999	WD repeat-containing protein 7-like	protein-coding	Symbol
LOC111135001	4	111135001	LOC111135001	synaptic vesicle membrane protein VAT-1 homolog-like	protein-coding	Symbol
LOC111135088	4	111135088	LOC111135088	E3 ubiquitin-protein ligase RNFT2-like	protein-coding	Symbol
LOC111135093	4	111135093	LOC111135093	bifunctional peptidase and (3S)-lysyl hydroxylase Jmjd7-like	protein-coding	Symbol
LOC111135256	4	111135256	LOC111135256	techylectin-5B-like	protein-coding	Symbol
LOC111135393	4	111135393	LOC111135393	transcription factor E2F5-like	protein-coding	Symbol
LOC111135551	4	111135551	LOC111135551	VPS10 domain-containing receptor SorCS1-like	protein-coding	Symbol
LOC111135604	4	111135604	LOC111135604	uncharacterized LOC111135604	protein-coding	Symbol
LOC111135635	4	111135635	LOC111135635	uncharacterized LOC111135635	protein-coding	Symbol
LOC111135731	4	111135731	LOC111135731	trifunctional purine biosynthetic protein adenosine-3-like	protein-coding	Symbol
LOC111135779	4	111135779	LOC111135779	uncharacterized LOC111135779	protein-coding	Symbol
LOC111135850	4	111135850	LOC111135850	ATP-dependent RNA helicase A-like	protein-coding	Symbol
LOC111135867	4	111135867	LOC111135867	protein arginine N-methyltransferase 7-like	protein-coding	Symbol
LOC111135931	4	111135931	LOC111135931	protein-glutamine gamma-glutamyltransferase 4-like	protein-coding	Symbol
LOC111135966	4	111135966	LOC111135966	monocarboxylate transporter 14-like	protein-coding	Symbol
LOC111136058	4	NA	NA	NA	NA	NA
LOC111136245	4	111136245	LOC111136245	myosin essential light chain, striated adductor muscle-like	protein-coding	Symbol
LOC111136414	4	111136414	LOC111136414	E3 ubiquitin-protein ligase TRAF7-like	protein-coding	Symbol
LOC111136494	4	111136494	LOC111136494	T-complex protein 1 subunit alpha-like	protein-coding	Symbol
LOC111136576	4	111136576	LOC111136576	transcription factor Sox-2-like	protein-coding	Symbol
LOC111136768	4	111136768	LOC111136768	ADP-ribosylarginine hydrolase Tri1-like	protein-coding	Symbol
LOC111137007	4	111137007	LOC111137007	pyruvate dehydrogenase phosphatase regulatory subunit, mitochondrial-like	protein-coding	Symbol
LOC111137393	4	NA	NA	NA	NA	NA
LOC111137459	4	111137459	LOC111137459	uncharacterized LOC111137459	protein-coding	Symbol
LOC111137623	4	111137623	LOC111137623	ankyrin repeat domain-containing protein 27-like	protein-coding	Symbol
LOC111137785	4	111137785	LOC111137785	uncharacterized LOC111137785	protein-coding	Symbol
LOC111138031	4	111138031	LOC111138031	putative tubulin polyglutamylase TTLL9	protein-coding	Symbol
LOC111138065	4	111138065	LOC111138065	cathepsin L	protein-coding	Symbol
LOC111138223	4	NA	NA	NA	NA	NA
LOC111138476	4	111138476	LOC111138476	uncharacterized LOC111138476	protein-coding	Symbol
LOC111099062	3	NA	NA	NA	NA	NA
LOC111099623	3	111099623	LOC111099623	methionine--tRNA ligase, mitochondrial-like	protein-coding	Symbol
LOC111099625	3	111099625	LOC111099625	cytoplasmic tRNA 2-thiolation protein 1-like	protein-coding	Symbol
LOC111099781	3	NA	NA	NA	NA	NA
LOC111099941	3	111099941	LOC111099941	sialin-like	protein-coding	Symbol
LOC111099980	3	NA	NA	NA	NA	NA
LOC111100192	3	NA	NA	NA	NA	NA
LOC111100239	3	111100239	LOC111100239	uncharacterized LOC111100239	protein-coding	Symbol
LOC111100375	3	111100375	LOC111100375	BTB/POZ domain-containing protein 6-like	protein-coding	Symbol
LOC111100430	3	111100430	LOC111100430	tumor susceptibility gene 101 protein-like	protein-coding	Symbol
LOC111100498	3	111100498	LOC111100498	uncharacterized LOC111100498	protein-coding	Symbol
LOC111100513	3	111100513	LOC111100513	uncharacterized LOC111100513	protein-coding	Symbol
LOC111100514	3	111100514	LOC111100514	uncharacterized LOC111100514	protein-coding	Symbol
LOC111100544	3	111100544	LOC111100544	bifunctional purine biosynthesis protein ATIC-like	protein-coding	Symbol
LOC111100641	3	111100641	LOC111100641	peroxisomal ATPase PEX1-like	protein-coding	Symbol
LOC111100684	3	111100684	LOC111100684	ETS homologous factor-like	protein-coding	Symbol
LOC111100699	3	111100699	LOC111100699	methylthioribulose-1-phosphate dehydratase-like	protein-coding	Symbol
LOC111101047	3	111101047	LOC111101047	uncharacterized LOC111101047	protein-coding	Symbol
LOC111101095	3	NA	NA	NA	NA	NA
LOC111101267	3	111101267	LOC111101267	uncharacterized LOC111101267	protein-coding	Symbol
LOC111101424	3	111101424	LOC111101424	uncharacterized LOC111101424	protein-coding	Symbol
LOC111101488	3	111101488	LOC111101488	uncharacterized LOC111101488	protein-coding	Symbol
LOC111101648	3	111101648	LOC111101648	Rieske domain-containing protein-like	protein-coding	Symbol
LOC111101726	3	111101726	LOC111101726	uncharacterized LOC111101726	protein-coding	Symbol
LOC111102061	3	NA	NA	NA	NA	NA
LOC111102290	3	111102290	LOC111102290	uncharacterized LOC111102290	protein-coding	Symbol
LOC111103287	3	111103287	LOC111103287	phosphatidylinositol-binding clathrin assembly protein LAP-like	protein-coding	Symbol
LOC111103310	3	111103310	LOC111103310	uncharacterized LOC111103310	protein-coding	Symbol
LOC111103314	3	NA	NA	NA	NA	NA
LOC111103466	3	111103466	LOC111103466	rho-related protein racA-like	protein-coding	Symbol
LOC111103530	3	111103530	LOC111103530	uncharacterized LOC111103530	ncRNA	Symbol
LOC111103909	3	111103909	LOC111103909	uncharacterized LOC111103909	protein-coding	Symbol
LOC111103992	3	NA	NA	NA	NA	NA
LOC111104101	3	NA	NA	NA	NA	NA
LOC111104126	3	111104126	LOC111104126	allograft inflammatory factor 1-like	protein-coding	Symbol
LOC111104164	3	111104164	LOC111104164	uncharacterized LOC111104164	protein-coding	Symbol
LOC111104252	3	111104252	LOC111104252	protein claret segregational-like	protein-coding	Symbol
LOC111105241	3	111105241	LOC111105241	uncharacterized LOC111105241	pseudo	Symbol
LOC111105304	3	111105304	LOC111105304	uncharacterized LOC111105304	protein-coding	Symbol
LOC111105457	3	111105457	LOC111105457	uncharacterized LOC111105457	protein-coding	Symbol
LOC111105629	3	111105629	LOC111105629	uncharacterized LOC111105629	protein-coding	Symbol
LOC111106097	3	111106097	LOC111106097	nuclear receptor ROR-beta-like	protein-coding	Symbol
LOC111106354	3	111106354	LOC111106354	complex I assembly factor ACAD9, mitochondrial-like	protein-coding	Symbol
LOC111106378	3	111106378	LOC111106378	uncharacterized LOC111106378	protein-coding	Symbol
LOC111106455	3	NA	NA	NA	NA	NA
LOC111106532	3	111106532	LOC111106532	tafazzin-like	protein-coding	Symbol
LOC111107035	3	NA	NA	NA	NA	NA
LOC111107104	3	NA	NA	NA	NA	NA
LOC111107111	3	111107111	LOC111107111	F-box/LRR-repeat protein 5-like	protein-coding	Symbol
LOC111107272	3	111107272	LOC111107272	FMRFamide receptor-like	protein-coding	Symbol
LOC111107273	3	111107273	LOC111107273	pyruvate dehydrogenase E1 component subunit beta, mitochondrial-like	protein-coding	Symbol
LOC111107512	3	111107512	LOC111107512	protein DD3-3-like	protein-coding	Symbol
LOC111107513	3	NA	NA	NA	NA	NA
LOC111107514	3	111107514	LOC111107514	protein DD3-3-like	protein-coding	Symbol
LOC111107545	3	NA	NA	NA	NA	NA
LOC111107727	3	111107727	LOC111107727	6-phosphofructo-2-kinase/fructose-2,6-bisphosphatase-like	protein-coding	Symbol
LOC111107854	3	111107854	LOC111107854	orphan steroid hormone receptor 2-like	protein-coding	Symbol
LOC111107881	3	111107881	LOC111107881	ankyrin repeat and SOCS box protein 8-like	protein-coding	Symbol
LOC111108010	3	111108010	LOC111108010	uncharacterized LOC111108010	protein-coding	Symbol
LOC111108217	3	111108217	LOC111108217	putative E3 ubiquitin-protein ligase makorin-1	protein-coding	Symbol
LOC111108352	3	111108352	LOC111108352	uncharacterized LOC111108352	protein-coding	Symbol
LOC111108481	3	111108481	LOC111108481	putative E3 ubiquitin-protein ligase ariadne-2	protein-coding	Symbol
LOC111108496	3	111108496	LOC111108496	hepatocyte growth factor receptor-like	protein-coding	Symbol
LOC111108639	3	111108639	LOC111108639	uncharacterized LOC111108639	protein-coding	Symbol
LOC111108659	3	111108659	LOC111108659	kinesin-like protein KIF28	protein-coding	Symbol
LOC111108782	3	NA	NA	NA	NA	NA
LOC111108991	3	111108991	LOC111108991	uncharacterized LOC111108991	protein-coding	Symbol
LOC111109747	3	111109747	LOC111109747	OTU domain-containing protein 5-A-like	protein-coding	Symbol
LOC111110033	3	NA	NA	NA	NA	NA
LOC111110098	3	111110098	LOC111110098	glucose-6-phosphate 1-dehydrogenase-like	protein-coding	Symbol
LOC111110269	3	111110269	LOC111110269	uncharacterized LOC111110269	protein-coding	Symbol
LOC111110307	3	NA	NA	NA	NA	NA
LOC111110431	3	111110431	LOC111110431	sex peptide receptor-related protein 2-like	protein-coding	Symbol
LOC111110500	3	111110500	LOC111110500	guanine nucleotide-binding protein-like 3 homolog	protein-coding	Symbol
LOC111110542	3	111110542	LOC111110542	threonine synthase-like 1	protein-coding	Symbol
LOC111110560	3	NA	NA	NA	NA	NA
LOC111110637	3	111110637	LOC111110637	uncharacterized LOC111110637	protein-coding	Symbol
LOC111111047	3	111111047	LOC111111047	uncharacterized LOC111111047	protein-coding	Symbol
LOC111111213	3	111111213	LOC111111213	citrate synthase, mitochondrial-like	protein-coding	Symbol
LOC111111377	3	111111377	LOC111111377	aladin-like	protein-coding	Symbol
LOC111111424	3	NA	NA	NA	NA	NA
LOC111111651	3	111111651	LOC111111651	tubulin polyglutamylase complex subunit 2-like	protein-coding	Symbol
LOC111112260	3	NA	NA	NA	NA	NA
LOC111112503	3	111112503	LOC111112503	protein adenylyltransferase FICD-like	protein-coding	Symbol
LOC111112565	3	NA	NA	NA	NA	NA
LOC111112667	3	111112667	LOC111112667	uncharacterized LOC111112667	protein-coding	Symbol
LOC111112828	3	111112828	LOC111112828	protein ERGIC-53-like	protein-coding	Symbol
LOC111113326	3	111113326	LOC111113326	integrin beta-PS-like	protein-coding	Symbol
LOC111113363	3	NA	NA	NA	NA	NA
LOC111113394	3	NA	NA	NA	NA	NA
LOC111113997	3	NA	NA	NA	NA	NA
LOC111114293	3	111114293	LOC111114293	F-box/LRR-repeat protein 18-like	protein-coding	Symbol
LOC111114473	3	111114473	LOC111114473	glucocorticoid-induced transcript 1 protein-like	protein-coding	Symbol
LOC111114966	3	111114966	LOC111114966	uncharacterized LOC111114966	protein-coding	Symbol
LOC111115121	3	111115121	LOC111115121	uncharacterized LOC111115121	protein-coding	Symbol
LOC111115343	3	NA	NA	NA	NA	NA
LOC111115421	3	111115421	LOC111115421	sperm-associated antigen 16 protein-like	protein-coding	Symbol
LOC111115497	3	111115497	LOC111115497	uncharacterized LOC111115497	protein-coding	Symbol
LOC111115741	3	NA	NA	NA	NA	NA
LOC111116130	3	111116130	LOC111116130	coiled-coil domain-containing protein 148-like	protein-coding	Symbol
LOC111116134	3	111116134	LOC111116134	uncharacterized LOC111116134	protein-coding	Symbol
LOC111116364	3	NA	NA	NA	NA	NA
LOC111116630	3	NA	NA	NA	NA	NA
LOC111116730	3	NA	NA	NA	NA	NA
LOC111116765	3	111116765	LOC111116765	P2X purinoceptor 7-like	protein-coding	Symbol
LOC111116783	3	111116783	LOC111116783	uncharacterized LOC111116783	protein-coding	Symbol
LOC111116912	3	NA	NA	NA	NA	NA
LOC111116965	3	111116965	LOC111116965	pyruvate kinase PKM-like	protein-coding	Symbol
LOC111117646	3	111117646	LOC111117646	uncharacterized LOC111117646	pseudo	Symbol
LOC111117647	3	NA	NA	NA	NA	NA
LOC111117880	3	111117880	LOC111117880	uncharacterized LOC111117880	pseudo	Symbol
LOC111117996	3	NA	NA	NA	NA	NA
LOC111118053	3	111118053	LOC111118053	uncharacterized LOC111118053	protein-coding	Symbol
LOC111118071	3	111118071	LOC111118071	dnaJ homolog subfamily C member 21-like	protein-coding	Symbol
LOC111118105	3	111118105	LOC111118105	histone deacetylase 3-like	protein-coding	Symbol
LOC111118340	3	111118340	LOC111118340	eukaryotic translation initiation factor 2D-like	protein-coding	Symbol
LOC111118357	3	111118357	LOC111118357	geranylgeranyl transferase type-2 subunit alpha-like	protein-coding	Symbol
LOC111118415	3	111118415	LOC111118415	uncharacterized LOC111118415	protein-coding	Symbol
LOC111118459	3	111118459	LOC111118459	ADP-ribosylation factor-related protein 1-like	protein-coding	Symbol
LOC111118493	3	111118493	LOC111118493	paired box protein Pax-5-like	protein-coding	Symbol
LOC111118596	3	111118596	LOC111118596	ADP-ribosylation factor-like protein 16	protein-coding	Symbol
LOC111118597	3	111118597	LOC111118597	metalloendopeptidase OMA1, mitochondrial-like	protein-coding	Symbol
LOC111118898	3	111118898	LOC111118898	ubiquitin-conjugating enzyme E2 W-like	protein-coding	Symbol
LOC111118973	3	111118973	LOC111118973	uncharacterized LOC111118973	protein-coding	Symbol
LOC111118977	3	111118977	LOC111118977	zinc finger ZZ-type and EF-hand domain-containing protein 1-like	protein-coding	Symbol
LOC111119009	3	111119009	LOC111119009	RCC1-like G exchanging factor-like protein	protein-coding	Symbol
LOC111119015	3	NA	NA	NA	NA	NA
LOC111119084	3	NA	NA	NA	NA	NA
LOC111119147	3	111119147	LOC111119147	WD repeat domain phosphoinositide-interacting protein 2-like	protein-coding	Symbol
LOC111119152	3	111119152	LOC111119152	NADPH:adrenodoxin oxidoreductase, mitochondrial-like	protein-coding	Symbol
LOC111119166	3	111119166	LOC111119166	RNA-binding region-containing protein 3-like	protein-coding	Symbol
LOC111119214	3	111119214	LOC111119214	exportin-6-like	protein-coding	Symbol
LOC111119319	3	111119319	LOC111119319	uncharacterized LOC111119319	protein-coding	Symbol
LOC111119338	3	111119338	LOC111119338	putative ANKRD40 C-terminal-like protein	protein-coding	Symbol
LOC111119388	3	111119388	LOC111119388	WD repeat and FYVE domain-containing protein 3-like	protein-coding	Symbol
LOC111119518	3	111119518	LOC111119518	uncharacterized LOC111119518	protein-coding	Symbol
LOC111119562	3	NA	NA	NA	NA	NA
LOC111119656	3	111119656	LOC111119656	uncharacterized LOC111119656	protein-coding	Symbol
LOC111119660	3	111119660	LOC111119660	nephrocystin-4-like	protein-coding	Symbol
LOC111119802	3	111119802	LOC111119802	uncharacterized LOC111119802	protein-coding	Symbol
LOC111120051	3	111120051	LOC111120051	L-fucose dehydrogenase-like	protein-coding	Symbol
LOC111120063	3	111120063	LOC111120063	thioredoxin domain-containing protein 11-like	protein-coding	Symbol
LOC111120068	3	111120068	LOC111120068	cytosolic endo-beta-N-acetylglucosaminidase-like	protein-coding	Symbol
LOC111120078	3	111120078	LOC111120078	uncharacterized LOC111120078	protein-coding	Symbol
LOC111120311	3	111120311	LOC111120311	katanin-interacting protein-like	protein-coding	Symbol
LOC111120313	3	NA	NA	NA	NA	NA
LOC111120508	3	111120508	LOC111120508	syntaxin-7-like	protein-coding	Symbol
LOC111120522	3	111120522	LOC111120522	uncharacterized LOC111120522	protein-coding	Symbol
LOC111120637	3	111120637	LOC111120637	RNA 3'-terminal phosphate cyclase-like	protein-coding	Symbol
LOC111120639	3	111120639	LOC111120639	integrator complex subunit 1-like	protein-coding	Symbol
LOC111120663	3	111120663	LOC111120663	palmitoyltransferase ZDHHC13-like	protein-coding	Symbol
LOC111120752	3	111120752	LOC111120752	ribulose-phosphate 3-epimerase-like	protein-coding	Symbol
LOC111120776	3	111120776	LOC111120776	target of rapamycin complex subunit lst8-like	protein-coding	Symbol
LOC111120884	3	111120884	LOC111120884	hairy/enhancer-of-split related with YRPW motif-like protein	protein-coding	Symbol
LOC111121090	3	111121090	LOC111121090	inhibitor of nuclear factor kappa-B kinase subunit alpha-like	protein-coding	Symbol
LOC111121289	3	111121289	LOC111121289	elongator complex protein 6-like	protein-coding	Symbol
LOC111121605	3	111121605	LOC111121605	uncharacterized LOC111121605	protein-coding	Symbol
LOC111121860	3	111121860	LOC111121860	bone morphogenetic protein 2-like	protein-coding	Symbol
LOC111121928	3	111121928	LOC111121928	putative lysosomal cobalamin transporter	protein-coding	Symbol
LOC111122096	3	111122096	LOC111122096	uncharacterized LOC111122096	protein-coding	Symbol
LOC111122118	3	111122118	LOC111122118	renalase-like	protein-coding	Symbol
LOC111122348	3	111122348	LOC111122348	uncharacterized LOC111122348	protein-coding	Symbol
LOC111122503	3	111122503	LOC111122503	anaphase-promoting complex subunit 13-like	protein-coding	Symbol
LOC111122707	3	111122707	LOC111122707	phytanoyl-CoA dioxygenase domain-containing protein 1-like	protein-coding	Symbol
LOC111122759	3	111122759	LOC111122759	uncharacterized LOC111122759	protein-coding	Symbol
LOC111122887	3	111122887	LOC111122887	trafficking kinesin-binding protein 1-like	protein-coding	Symbol
LOC111123056	3	111123056	LOC111123056	UDP-N-acetylglucosamine--peptide N-acetylglucosaminyltransferase 110 kDa subunit-like	protein-coding	Symbol
LOC111123181	3	111123181	LOC111123181	proteasome assembly chaperone 4-like	protein-coding	Symbol
LOC111123245	3	111123245	LOC111123245	ATPase family gene 2 protein homolog A-like	protein-coding	Symbol
LOC111123586	3	111123586	LOC111123586	monocarboxylate transporter 14-like	protein-coding	Symbol
LOC111123797	3	111123797	LOC111123797	uncharacterized LOC111123797	protein-coding	Symbol
LOC111123807	3	111123807	LOC111123807	uncharacterized LOC111123807	protein-coding	Symbol
LOC111123849	3	111123849	LOC111123849	tripartite motif-containing protein 2-like	protein-coding	Symbol
LOC111123900	3	111123900	LOC111123900	valine--tRNA ligase-like	protein-coding	Symbol
LOC111123923	3	111123923	LOC111123923	putative nuclear hormone receptor HR38	protein-coding	Symbol
LOC111123939	3	111123939	LOC111123939	heat shock 70 kDa protein 12A-like	protein-coding	Symbol
LOC111123954	3	111123954	LOC111123954	innexin unc-9-like	protein-coding	Symbol
LOC111123958	3	111123958	LOC111123958	uncharacterized LOC111123958	protein-coding	Symbol
LOC111124105	3	NA	NA	NA	NA	NA
LOC111124165	3	111124165	LOC111124165	uncharacterized LOC111124165	protein-coding	Symbol
LOC111124379	3	111124379	LOC111124379	asparaginyl-tRNA synthetase-like	protein-coding	Symbol
LOC111124441	3	NA	NA	NA	NA	NA
LOC111124751	3	111124751	LOC111124751	acyl-CoA-binding domain-containing protein 6-like	protein-coding	Symbol
LOC111124770	3	111124770	LOC111124770	protein mesh-like	protein-coding	Symbol
LOC111124943	3	111124943	LOC111124943	uncharacterized LOC111124943	protein-coding	Symbol
LOC111125070	3	111125070	LOC111125070	calpain-15-like	protein-coding	Symbol
LOC111125115	3	111125115	LOC111125115	galectin-4-like	protein-coding	Symbol
LOC111125232	3	111125232	LOC111125232	ADAM 17-like protease	protein-coding	Symbol
LOC111125284	3	111125284	LOC111125284	BTB/POZ domain-containing protein 17-like	protein-coding	Symbol
LOC111125329	3	111125329	LOC111125329	senecionine N-oxygenase-like	protein-coding	Symbol
LOC111125369	3	111125369	LOC111125369	heterogeneous nuclear ribonucleoprotein L-like	protein-coding	Symbol
LOC111125487	3	111125487	LOC111125487	transmembrane protein 272-like	protein-coding	Symbol
LOC111125666	3	111125666	LOC111125666	sodium- and chloride-dependent glycine transporter 1-like	protein-coding	Symbol
LOC111125761	3	111125761	LOC111125761	MOB kinase activator 2-like	protein-coding	Symbol
LOC111125835	3	111125835	LOC111125835	RNA-binding protein RO60-like	protein-coding	Symbol
LOC111125948	3	111125948	LOC111125948	FK506-binding protein 15-like	protein-coding	Symbol
LOC111126001	3	111126001	LOC111126001	ribosome biogenesis protein SLX9 homolog	protein-coding	Symbol
LOC111126118	3	111126118	LOC111126118	endonuclease G, mitochondrial-like	protein-coding	Symbol
LOC111126241	3	111126241	LOC111126241	fibrocystin-L-like	protein-coding	Symbol
LOC111126370	3	111126370	LOC111126370	uncharacterized LOC111126370	protein-coding	Symbol
LOC111126401	3	111126401	LOC111126401	calpain-5-like	protein-coding	Symbol
LOC111126496	3	111126496	LOC111126496	uncharacterized LOC111126496	protein-coding	Symbol
LOC111126543	3	111126543	LOC111126543	krev interaction trapped protein 1-like	protein-coding	Symbol
LOC111126798	3	111126798	LOC111126798	bridge-like lipid transfer protein family member 1	protein-coding	Symbol
LOC111127005	3	111127005	LOC111127005	conserved oligomeric Golgi complex subunit 8-like	protein-coding	Symbol
LOC111127022	3	111127022	LOC111127022	uncharacterized LOC111127022	protein-coding	Symbol
LOC111127025	3	111127025	LOC111127025	neuromedin-U receptor 2-like	protein-coding	Symbol
LOC111127057	3	111127057	LOC111127057	uncharacterized LOC111127057	protein-coding	Symbol
LOC111127145	3	111127145	LOC111127145	von Willebrand factor A domain-containing protein 3B-like	protein-coding	Symbol
LOC111127320	3	111127320	LOC111127320	proton channel OtopLc-like	protein-coding	Symbol
LOC111127785	3	111127785	LOC111127785	ribosome-releasing factor 2, mitochondrial-like	protein-coding	Symbol
LOC111127799	3	111127799	LOC111127799	synaptojanin-1-like	protein-coding	Symbol
LOC111127842	3	111127842	LOC111127842	uncharacterized LOC111127842	protein-coding	Symbol
LOC111127933	3	111127933	LOC111127933	uncharacterized LOC111127933	protein-coding	Symbol
LOC111127967	3	111127967	LOC111127967	matrilin-1-like	protein-coding	Symbol
LOC111128090	3	111128090	LOC111128090	protein cornichon homolog 4-like	protein-coding	Symbol
LOC111128122	3	111128122	LOC111128122	annexin A6-like	protein-coding	Symbol
LOC111128329	3	111128329	LOC111128329	activating signal cointegrator 1-like	protein-coding	Symbol
LOC111128543	3	111128543	LOC111128543	myocyte-specific enhancer factor 2C-like	protein-coding	Symbol
LOC111128563	3	NA	NA	NA	NA	NA
LOC111128710	3	111128710	LOC111128710	tubulin--tyrosine ligase-like	protein-coding	Symbol
LOC111128747	3	111128747	LOC111128747	pyrroline-5-carboxylate reductase 2-like	protein-coding	Symbol
LOC111128896	3	111128896	LOC111128896	nucleolar protein 6-like	protein-coding	Symbol
LOC111128952	3	111128952	LOC111128952	histone H3	protein-coding	Symbol
LOC111128977	3	111128977	LOC111128977	uncharacterized LOC111128977	protein-coding	Symbol
LOC111128982	3	111128982	LOC111128982	macrophage mannose receptor 1-like	protein-coding	Symbol
LOC111128996	3	111128996	LOC111128996	cysteine-rich motor neuron 1 protein-like	protein-coding	Symbol
LOC111129114	3	111129114	LOC111129114	golgin subfamily A member 5-like	protein-coding	Symbol
LOC111129142	3	111129142	LOC111129142	uncharacterized LOC111129142	protein-coding	Symbol
LOC111129592	3	111129592	LOC111129592	uncharacterized LOC111129592	protein-coding	Symbol
LOC111129842	3	111129842	LOC111129842	uncharacterized LOC111129842	protein-coding	Symbol
LOC111129870	3	111129870	LOC111129870	ATP-dependent Clp protease ATP-binding subunit ClpX-like	protein-coding	Symbol
LOC111129988	3	111129988	LOC111129988	uncharacterized LOC111129988	protein-coding	Symbol
LOC111129995	3	111129995	LOC111129995	ubiquilin-1-like	protein-coding	Symbol
LOC111130106	3	111130106	LOC111130106	carbonic anhydrase 2-like	protein-coding	Symbol
LOC111130225	3	111130225	LOC111130225	aldehyde dehydrogenase 1A1-like	protein-coding	Symbol
LOC111130353	3	111130353	LOC111130353	tubulin polyglutamylase TTLL13-like	protein-coding	Symbol
LOC111130906	3	111130906	LOC111130906	uncharacterized LOC111130906	protein-coding	Symbol
LOC111130915	3	111130915	LOC111130915	conserved oligomeric Golgi complex subunit 1-like	protein-coding	Symbol
LOC111130928	3	111130928	LOC111130928	uncharacterized LOC111130928	protein-coding	Symbol
LOC111130937	3	111130937	LOC111130937	large ribosomal subunit protein uL4m-like	protein-coding	Symbol
LOC111131300	3	111131300	LOC111131300	leucine-rich repeat-containing protein 57-like	protein-coding	Symbol
LOC111131674	3	111131674	LOC111131674	peptidyl-glycine alpha-amidating monooxygenase A-like	protein-coding	Symbol
LOC111131707	3	111131707	LOC111131707	follistatin-like	protein-coding	Symbol
LOC111131773	3	111131773	LOC111131773	hairy/enhancer-of-split related with YRPW motif protein 1-like	protein-coding	Symbol
LOC111131822	3	111131822	LOC111131822	ATP-binding cassette sub-family B member 10, mitochondrial-like	protein-coding	Symbol
LOC111132215	3	111132215	LOC111132215	deubiquitinating protein VCPIP1-like	protein-coding	Symbol
LOC111132376	3	111132376	LOC111132376	uncharacterized LOC111132376	protein-coding	Symbol
LOC111132495	3	111132495	LOC111132495	NADPH oxidoreductase A-like	protein-coding	Symbol
LOC111132667	3	111132667	LOC111132667	uncharacterized LOC111132667	protein-coding	Symbol
LOC111132971	3	111132971	LOC111132971	leishmanolysin-like peptidase	protein-coding	Symbol
LOC111133031	3	111133031	LOC111133031	protein mono-ADP-ribosyltransferase PARP14-like	protein-coding	Symbol
LOC111133084	3	111133084	LOC111133084	phospholipid-transporting ATPase IF-like	protein-coding	Symbol
LOC111133149	3	111133149	LOC111133149	uncharacterized LOC111133149	protein-coding	Symbol
LOC111133199	3	111133199	LOC111133199	uncharacterized LOC111133199	protein-coding	Symbol
LOC111133219	3	NA	NA	NA	NA	NA
LOC111133425	3	111133425	LOC111133425	uncharacterized LOC111133425	protein-coding	Symbol
LOC111133695	3	111133695	LOC111133695	serine protease HTRA2, mitochondrial-like	protein-coding	Symbol
LOC111134109	3	111134109	LOC111134109	monocarboxylate transporter 12-like	protein-coding	Symbol
LOC111134151	3	111134151	LOC111134151	coiled-coil domain-containing protein 150-like	protein-coding	Symbol
LOC111134192	3	111134192	LOC111134192	uncharacterized LOC111134192	protein-coding	Symbol
LOC111134376	3	NA	NA	NA	NA	NA
LOC111134377	3	111134377	LOC111134377	vesicle transport protein SEC20-like	protein-coding	Symbol
LOC111134409	3	111134409	LOC111134409	uncharacterized LOC111134409	protein-coding	Symbol
LOC111134426	3	111134426	LOC111134426	uncharacterized LOC111134426	protein-coding	Symbol
LOC111134490	3	111134490	LOC111134490	uncharacterized LOC111134490	protein-coding	Symbol
LOC111134560	3	111134560	LOC111134560	beta-1,4-galactosyltransferase galt-1-like	protein-coding	Symbol
LOC111134608	3	111134608	LOC111134608	putative phospholipid-transporting ATPase IIB	protein-coding	Symbol
LOC111134804	3	111134804	LOC111134804	monocarboxylate transporter 12-like	protein-coding	Symbol
LOC111134825	3	111134825	LOC111134825	uncharacterized LOC111134825	protein-coding	Symbol
LOC111134869	3	111134869	LOC111134869	slit homolog 2 protein-like	protein-coding	Symbol
LOC111135049	3	111135049	LOC111135049	protein O-glucosyltransferase 2-like	protein-coding	Symbol
LOC111135108	3	111135108	LOC111135108	protein neuralized-like	protein-coding	Symbol
LOC111135191	3	111135191	LOC111135191	uncharacterized LOC111135191	protein-coding	Symbol
LOC111135196	3	111135196	LOC111135196	uncharacterized LOC111135196	protein-coding	Symbol
LOC111135310	3	111135310	LOC111135310	solute carrier family 35 member B1-like	protein-coding	Symbol
LOC111135538	3	111135538	LOC111135538	notchless protein homolog 1-like	protein-coding	Symbol
LOC111135539	3	111135539	LOC111135539	uncharacterized LOC111135539	protein-coding	Symbol
LOC111135558	3	111135558	LOC111135558	ubiquitin thioesterase ZRANB1-like	protein-coding	Symbol
LOC111135593	3	111135593	LOC111135593	monocarboxylate transporter 13-like	protein-coding	Symbol
LOC111135693	3	111135693	LOC111135693	E3 ubiquitin-protein ligase TRIM45-like	protein-coding	Symbol
LOC111135699	3	111135699	LOC111135699	attractin-like protein 1	protein-coding	Symbol
LOC111135753	3	111135753	LOC111135753	uncharacterized LOC111135753	protein-coding	Symbol
LOC111135833	3	111135833	LOC111135833	leucine-rich repeat and WD repeat-containing protein 1-like	protein-coding	Symbol
LOC111135936	3	111135936	LOC111135936	nucleoporin 88-like	protein-coding	Symbol
LOC111135963	3	111135963	LOC111135963	rabankyrin-5-like	protein-coding	Symbol
LOC111135969	3	111135969	LOC111135969	uncharacterized LOC111135969	protein-coding	Symbol
LOC111136091	3	111136091	LOC111136091	NAD(+) hydrolase SARM1-like	protein-coding	Symbol
LOC111136419	3	111136419	LOC111136419	serine dehydratase-like	protein-coding	Symbol
LOC111136585	3	111136585	LOC111136585	protein O-mannosyl-transferase TMTC4-like	protein-coding	Symbol
LOC111136776	3	111136776	LOC111136776	hydrocephalus-inducing protein homolog	protein-coding	Symbol
LOC111137101	3	111137101	LOC111137101	uncharacterized LOC111137101	protein-coding	Symbol
LOC111137114	3	111137114	LOC111137114	uncharacterized LOC111137114	protein-coding	Symbol
LOC111137467	3	111137467	LOC111137467	U5 small nuclear ribonucleoprotein 200 kDa helicase-like	protein-coding	Symbol
LOC111137566	3	111137566	LOC111137566	inositol 2-dehydrogenase-like	protein-coding	Symbol
LOC111137576	3	111137576	LOC111137576	BTB/POZ domain-containing protein 16-like	protein-coding	Symbol
LOC111137622	3	111137622	LOC111137622	spermidine synthase-like	protein-coding	Symbol
LOC111137822	3	111137822	LOC111137822	cys-loop ligand-gated ion channel-like	protein-coding	Symbol
LOC111137976	3	111137976	LOC111137976	uncharacterized LOC111137976	protein-coding	Symbol
LOC111137998	3	111137998	LOC111137998	P2X purinoceptor 4-like	protein-coding	Symbol
LOC111138042	3	111138042	LOC111138042	mitotic checkpoint serine/threonine-protein kinase BUB1-like	protein-coding	Symbol
LOC111138082	3	111138082	LOC111138082	uncharacterized LOC111138082	protein-coding	Symbol
LOC111138167	3	NA	NA	NA	NA	NA
LOC111138173	3	111138173	LOC111138173	ribosomal RNA small subunit methyltransferase NEP1-like	protein-coding	Symbol
LOC111138304	3	111138304	LOC111138304	uncharacterized LOC111138304	protein-coding	Symbol
LOC111138318	3	111138318	LOC111138318	regulation of nuclear pre-mRNA domain-containing protein 1B-like	protein-coding	Symbol
LOC111099040	2	111099040	LOC111099040	uncharacterized LOC111099040	protein-coding	Symbol
LOC111099060	2	111099060	LOC111099060	uncharacterized LOC111099060	protein-coding	Symbol
LOC111099095	2	111099095	LOC111099095	uncharacterized LOC111099095	protein-coding	Symbol
LOC111099108	2	111099108	LOC111099108	uncharacterized LOC111099108	protein-coding	Symbol
LOC111099481	2	111099481	LOC111099481	uncharacterized LOC111099481	protein-coding	Symbol
LOC111099533	2	NA	NA	NA	NA	NA
LOC111099539	2	NA	NA	NA	NA	NA
LOC111099567	2	111099567	LOC111099567	uncharacterized LOC111099567	protein-coding	Symbol
LOC111099589	2	111099589	LOC111099589	kyphoscoliosis peptidase-like	protein-coding	Symbol
LOC111099664	2	NA	NA	NA	NA	NA
LOC111099715	2	NA	NA	NA	NA	NA
LOC111099855	2	111099855	LOC111099855	uncharacterized LOC111099855	protein-coding	Symbol
LOC111100043	2	111100043	LOC111100043	uncharacterized LOC111100043	protein-coding	Symbol
LOC111100253	2	NA	NA	NA	NA	NA
LOC111100277	2	111100277	LOC111100277	diacylglycerol kinase delta-like	protein-coding	Symbol
LOC111100311	2	111100311	LOC111100311	uncharacterized LOC111100311	protein-coding	Symbol
LOC111100323	2	111100323	LOC111100323	uncharacterized LOC111100323	protein-coding	Symbol
LOC111100359	2	111100359	LOC111100359	endothelin-converting enzyme homolog	protein-coding	Symbol
LOC111100392	2	NA	NA	NA	NA	NA
LOC111100492	2	111100492	LOC111100492	uncharacterized LOC111100492	protein-coding	Symbol
LOC111100601	2	111100601	LOC111100601	cytochrome P450 26A1-like	protein-coding	Symbol
LOC111100857	2	NA	NA	NA	NA	NA
LOC111100986	2	NA	NA	NA	NA	NA
LOC111101090	2	111101090	LOC111101090	uncharacterized LOC111101090	protein-coding	Symbol
LOC111101162	2	NA	NA	NA	NA	NA
LOC111101215	2	111101215	LOC111101215	2-acylglycerol O-acyltransferase 2-like	protein-coding	Symbol
LOC111101403	2	NA	NA	NA	NA	NA
LOC111101410	2	111101410	LOC111101410	uncharacterized LOC111101410	protein-coding	Symbol
LOC111101588	2	111101588	LOC111101588	uncharacterized LOC111101588	protein-coding	Symbol
LOC111101737	2	111101737	LOC111101737	stabilizer of axonemal microtubules 3-like	protein-coding	Symbol
LOC111101806	2	NA	NA	NA	NA	NA
LOC111101857	2	111101857	LOC111101857	GATA zinc finger domain-containing protein 1-like	protein-coding	Symbol
LOC111102159	2	NA	NA	NA	NA	NA
LOC111102171	2	111102171	LOC111102171	uncharacterized LOC111102171	protein-coding	Symbol
LOC111102350	2	111102350	LOC111102350	glutathione gamma-glutamylcysteinyltransferase-like	protein-coding	Symbol
LOC111102579	2	111102579	LOC111102579	uncharacterized LOC111102579	pseudo	Symbol
LOC111102759	2	NA	NA	NA	NA	NA
LOC111102820	2	NA	NA	NA	NA	NA
LOC111102897	2	111102897	LOC111102897	uncharacterized LOC111102897	protein-coding	Symbol
LOC111103032	2	111103032	LOC111103032	cryptochrome-1-like	protein-coding	Symbol
LOC111103246	2	111103246	LOC111103246	syntaxin-binding protein 5-like	protein-coding	Symbol
LOC111103500	2	111103500	LOC111103500	uncharacterized LOC111103500	protein-coding	Symbol
LOC111103503	2	NA	NA	NA	NA	NA
LOC111103568	2	111103568	LOC111103568	ATP-dependent RNA helicase DHX33-like	protein-coding	Symbol
LOC111103590	2	111103590	LOC111103590	tyrosine-protein phosphatase 10D-like	protein-coding	Symbol
LOC111103594	2	111103594	LOC111103594	cilia and flagella-associated protein 47-like	protein-coding	Symbol
LOC111103596	2	111103596	LOC111103596	uncharacterized LOC111103596	protein-coding	Symbol
LOC111103614	2	111103614	LOC111103614	adenylate kinase 9-like	protein-coding	Symbol
LOC111103618	2	111103618	LOC111103618	stabilizer of axonemal microtubules 4-like	protein-coding	Symbol
LOC111103740	2	111103740	LOC111103740	proton-coupled zinc antiporter SLC30A2-like	protein-coding	Symbol
LOC111103824	2	111103824	LOC111103824	rho GTPase-activating protein 1-like	protein-coding	Symbol
LOC111103870	2	111103870	LOC111103870	uncharacterized LOC111103870	protein-coding	Symbol
LOC111103916	2	111103916	LOC111103916	frizzled-9-like	protein-coding	Symbol
LOC111103962	2	NA	NA	NA	NA	NA
LOC111104022	2	111104022	LOC111104022	monocarboxylate transporter 10-like	protein-coding	Symbol
LOC111104114	2	111104114	LOC111104114	large ribosomal subunit protein bL19m-like	protein-coding	Symbol
LOC111104154	2	111104154	LOC111104154	adrenodoxin-like protein 2, mitochondrial	protein-coding	Symbol
LOC111104489	2	111104489	LOC111104489	tRNA (guanine-N(7)-)-methyltransferase non-catalytic subunit wdr4-like	protein-coding	Symbol
LOC111104545	2	111104545	LOC111104545	beta-1,4-galactosyltransferase 1-like	protein-coding	Symbol
LOC111104575	2	111104575	LOC111104575	large ribosomal subunit protein bL9m-like	protein-coding	Symbol
LOC111104688	2	NA	NA	NA	NA	NA
LOC111104689	2	111104689	LOC111104689	spondin-1-like	protein-coding	Symbol
LOC111104696	2	111104696	LOC111104696	cystatin-A-like	protein-coding	Symbol
LOC111104702	2	111104702	LOC111104702	acetyl-CoA acetyltransferase, mitochondrial-like	protein-coding	Symbol
LOC111104783	2	111104783	LOC111104783	transcriptional enhancer factor TEF-1-like	protein-coding	Symbol
LOC111105030	2	111105030	LOC111105030	uncharacterized LOC111105030	protein-coding	Symbol
LOC111105324	2	NA	NA	NA	NA	NA
LOC111105366	2	111105366	LOC111105366	protein FAM228B-like	protein-coding	Symbol
LOC111105741	2	111105741	LOC111105741	uncharacterized LOC111105741	protein-coding	Symbol
LOC111105824	2	111105824	LOC111105824	uncharacterized LOC111105824	protein-coding	Symbol
LOC111105925	2	NA	NA	NA	NA	NA
LOC111106186	2	111106186	LOC111106186	uncharacterized LOC111106186	protein-coding	Symbol
LOC111106457	2	111106457	LOC111106457	uncharacterized LOC111106457	ncRNA	Symbol
LOC111106509	2	NA	NA	NA	NA	NA
LOC111106539	2	111106539	LOC111106539	hepatocyte growth factor receptor-like	protein-coding	Symbol
LOC111106753	2	111106753	LOC111106753	proton-coupled zinc antiporter SLC30A2-like	protein-coding	Symbol
LOC111106775	2	111106775	LOC111106775	uncharacterized LOC111106775	protein-coding	Symbol
LOC111106777	2	111106777	LOC111106777	alpha-L-fucosidase-like	protein-coding	Symbol
LOC111106949	2	111106949	LOC111106949	serine/threonine-protein kinase PAK 2-like	protein-coding	Symbol
LOC111107078	2	NA	NA	NA	NA	NA
LOC111107288	2	111107288	LOC111107288	uncharacterized LOC111107288	protein-coding	Symbol
LOC111107394	2	111107394	LOC111107394	splicing factor 45-like	protein-coding	Symbol
LOC111107411	2	111107411	LOC111107411	uncharacterized LOC111107411	protein-coding	Symbol
LOC111107481	2	NA	NA	NA	NA	NA
LOC111107515	2	111107515	LOC111107515	monoglyceride lipase-like	protein-coding	Symbol
LOC111107543	2	NA	NA	NA	NA	NA
LOC111107627	2	111107627	LOC111107627	uncharacterized LOC111107627	protein-coding	Symbol
LOC111107722	2	111107722	LOC111107722	uncharacterized LOC111107722	protein-coding	Symbol
LOC111107814	2	111107814	LOC111107814	protein NEDD1-like	protein-coding	Symbol
LOC111107909	2	111107909	LOC111107909	uncharacterized LOC111107909	protein-coding	Symbol
LOC111108001	2	111108001	LOC111108001	ERC protein 2-like	protein-coding	Symbol
LOC111108142	2	111108142	LOC111108142	nitrilase and fragile histidine triad fusion protein NitFhit-like	protein-coding	Symbol
LOC111108176	2	111108176	LOC111108176	protein SHQ1 homolog	protein-coding	Symbol
LOC111108228	2	111108228	LOC111108228	uncharacterized LOC111108228	protein-coding	Symbol
LOC111108266	2	111108266	LOC111108266	peroxiredoxin-like 2A	protein-coding	Symbol
LOC111108314	2	111108314	LOC111108314	glutamate receptor-interacting protein 1-like	protein-coding	Symbol
LOC111108348	2	111108348	LOC111108348	pleckstrin-like	protein-coding	Symbol
LOC111108385	2	NA	NA	NA	NA	NA
LOC111108395	2	111108395	LOC111108395	uncharacterized LOC111108395	protein-coding	Symbol
LOC111108724	2	NA	NA	NA	NA	NA
LOC111108783	2	111108783	LOC111108783	dnaJ homolog subfamily B member 9-like	protein-coding	Symbol
LOC111108959	2	NA	NA	NA	NA	NA
LOC111109282	2	NA	NA	NA	NA	NA
LOC111109397	2	NA	NA	NA	NA	NA
LOC111109410	2	NA	NA	NA	NA	NA
LOC111109596	2	111109596	LOC111109596	uncharacterized LOC111109596	protein-coding	Symbol
LOC111109730	2	NA	NA	NA	NA	NA
LOC111109766	2	111109766	LOC111109766	constitutive coactivator of PPAR-gamma-like protein 1 homolog	protein-coding	Symbol
LOC111109994	2	111109994	LOC111109994	uncharacterized LOC111109994	protein-coding	Symbol
LOC111110011	2	NA	NA	NA	NA	NA
LOC111110012	2	111110012	LOC111110012	uncharacterized LOC111110012	protein-coding	Symbol
LOC111110021	2	NA	NA	NA	NA	NA
LOC111110417	2	111110417	LOC111110417	uncharacterized LOC111110417	protein-coding	Symbol
LOC111110545	2	111110545	LOC111110545	tRNA methyltransferase 10 homolog C-like	protein-coding	Symbol
LOC111110747	2	111110747	LOC111110747	beta-1,3-galactosyl-O-glycosyl-glycoprotein beta-1,6-N-acetylglucosaminyltransferase-like	protein-coding	Symbol
LOC111110979	2	111110979	LOC111110979	transmembrane protein 198-like	protein-coding	Symbol
LOC111111024	2	111111024	LOC111111024	growth/differentiation factor 8-like	protein-coding	Symbol
LOC111111058	2	111111058	LOC111111058	unconventional myosin-Va-like	protein-coding	Symbol
LOC111111251	2	111111251	LOC111111251	uncharacterized LOC111111251	protein-coding	Symbol
LOC111111274	2	111111274	LOC111111274	COMM domain-containing protein 4-like	protein-coding	Symbol
LOC111111297	2	111111297	LOC111111297	uncharacterized LOC111111297	protein-coding	Symbol
LOC111111351	2	NA	NA	NA	NA	NA
LOC111111376	2	111111376	LOC111111376	aladin-like	pseudo	Symbol
LOC111111569	2	111111569	LOC111111569	dynein axonemal heavy chain 6-like	protein-coding	Symbol
LOC111111889	2	111111889	LOC111111889	uncharacterized LOC111111889	protein-coding	Symbol
LOC111112008	2	111112008	LOC111112008	uncharacterized LOC111112008	protein-coding	Symbol
LOC111112161	2	111112161	LOC111112161	E3 ubiquitin-protein ligase TRIM45-like	protein-coding	Symbol
LOC111112400	2	NA	NA	NA	NA	NA
LOC111112476	2	NA	NA	NA	NA	NA
LOC111112477	2	111112477	LOC111112477	uncharacterized LOC111112477	protein-coding	Symbol
LOC111112513	2	111112513	LOC111112513	NAD(P)H-hydrate epimerase-like	protein-coding	Symbol
LOC111112560	2	111112560	LOC111112560	E3 ubiquitin-protein ligase TRIM23-like	protein-coding	Symbol
LOC111112618	2	NA	NA	NA	NA	NA
LOC111112808	2	111112808	LOC111112808	ubiquitin carboxyl-terminal hydrolase 40-like	protein-coding	Symbol
LOC111112963	2	111112963	LOC111112963	parathyroid hormone/parathyroid hormone-related peptide receptor-like	protein-coding	Symbol
LOC111112964	2	111112964	LOC111112964	sugar transporter SWEET1-like	protein-coding	Symbol
LOC111113098	2	NA	NA	NA	NA	NA
LOC111113121	2	111113121	LOC111113121	PMS1 protein homolog 1-like	protein-coding	Symbol
LOC111113296	2	111113296	LOC111113296	reversion-inducing cysteine-rich protein with Kazal motifs-like	protein-coding	Symbol
LOC111113317	2	111113317	LOC111113317	chitin synthase chs-2-like	protein-coding	Symbol
LOC111113323	2	111113323	LOC111113323	E3 ubiquitin-protein ligase MIB2-like	protein-coding	Symbol
LOC111113350	2	111113350	LOC111113350	uncharacterized LOC111113350	protein-coding	Symbol
LOC111113391	2	111113391	LOC111113391	E3 ubiquitin-protein ligase TRIM71-like	protein-coding	Symbol
LOC111113603	2	111113603	LOC111113603	uncharacterized LOC111113603	protein-coding	Symbol
LOC111113700	2	111113700	LOC111113700	uncharacterized LOC111113700	protein-coding	Symbol
LOC111114684	2	111114684	LOC111114684	tetratricopeptide repeat protein 39C-like	protein-coding	Symbol
LOC111114713	2	111114713	LOC111114713	uncharacterized LOC111114713	protein-coding	Symbol
LOC111114908	2	NA	NA	NA	NA	NA
LOC111115095	2	111115095	LOC111115095	vitamin D3 hydroxylase-associated protein-like	protein-coding	Symbol
LOC111115126	2	NA	NA	NA	NA	NA
LOC111115501	2	111115501	LOC111115501	YEATS domain-containing protein 2-like	protein-coding	Symbol
LOC111115965	2	111115965	LOC111115965	skeletal aspartic acid-rich protein 2-like	protein-coding	Symbol
LOC111116150	2	111116150	LOC111116150	cytochrome P450 20A1-like	protein-coding	Symbol
LOC111116400	2	NA	NA	NA	NA	NA
LOC111116807	2	NA	NA	NA	NA	NA
LOC111116948	2	111116948	LOC111116948	uncharacterized LOC111116948	protein-coding	Symbol
LOC111117024	2	111117024	LOC111117024	mothers against decapentaplegic homolog 4-like	protein-coding	Symbol
LOC111117033	2	111117033	LOC111117033	transcription termination factor 3, mitochondrial-like	protein-coding	Symbol
LOC111117133	2	NA	NA	NA	NA	NA
LOC111117330	2	111117330	LOC111117330	uncharacterized LOC111117330	protein-coding	Symbol
LOC111117386	2	NA	NA	NA	NA	NA
LOC111117403	2	111117403	LOC111117403	uncharacterized LOC111117403	protein-coding	Symbol
LOC111117414	2	111117414	LOC111117414	uncharacterized LOC111117414	protein-coding	Symbol
LOC111117475	2	111117475	LOC111117475	uncharacterized LOC111117475	protein-coding	Symbol
LOC111117480	2	NA	NA	NA	NA	NA
LOC111117506	2	111117506	LOC111117506	uncharacterized protein KIAA1143 homolog	pseudo	Symbol
LOC111117650	2	111117650	LOC111117650	uncharacterized LOC111117650	protein-coding	Symbol
LOC111117672	2	111117672	LOC111117672	NPC intracellular cholesterol transporter 1-like	protein-coding	Symbol
LOC111118060	2	111118060	LOC111118060	uncharacterized LOC111118060	protein-coding	Symbol
LOC111118141	2	111118141	LOC111118141	dehydrogenase/reductase SDR family member 11-like	protein-coding	Symbol
LOC111118179	2	NA	NA	NA	NA	NA
LOC111118192	2	111118192	LOC111118192	prostaglandin E2 receptor EP4 subtype-like	protein-coding	Symbol
LOC111118226	2	111118226	LOC111118226	uncharacterized LOC111118226	protein-coding	Symbol
LOC111118269	2	111118269	LOC111118269	uncharacterized LOC111118269	protein-coding	Symbol
LOC111118271	2	111118271	LOC111118271	E3 ubiquitin-protein ligase MIB1-like	protein-coding	Symbol
LOC111118473	2	111118473	LOC111118473	alpha/beta-tubulin-N-acetyltransferase 9-like	protein-coding	Symbol
LOC111118623	2	111118623	LOC111118623	inactive serine/threonine-protein kinase TEX14-like	protein-coding	Symbol
LOC111118666	2	NA	NA	NA	NA	NA
LOC111118912	2	111118912	LOC111118912	protein bicaudal C homolog 1-like	protein-coding	Symbol
LOC111118918	2	111118918	LOC111118918	putative helicase with zinc finger domain	protein-coding	Symbol
LOC111119104	2	111119104	LOC111119104	uncharacterized LOC111119104	protein-coding	Symbol
LOC111119162	2	111119162	LOC111119162	radial spoke head 10 homolog B2-like	protein-coding	Symbol
LOC111119176	2	111119176	LOC111119176	oxysterol-binding protein-related protein 9-like	protein-coding	Symbol
LOC111119178	2	NA	NA	NA	NA	NA
LOC111119287	2	111119287	LOC111119287	uncharacterized LOC111119287	protein-coding	Symbol
LOC111119292	2	111119292	LOC111119292	uncharacterized LOC111119292	protein-coding	Symbol
LOC111119600	2	111119600	LOC111119600	sodium/calcium exchanger Calx-like	protein-coding	Symbol
LOC111119634	2	111119634	LOC111119634	sodium-coupled monocarboxylate transporter 1-like	protein-coding	Symbol
LOC111119694	2	111119694	LOC111119694	uncharacterized LOC111119694	protein-coding	Symbol
LOC111119711	2	111119711	LOC111119711	tubulin-specific chaperone D-like	protein-coding	Symbol
LOC111119729	2	111119729	LOC111119729	CAP-Gly domain-containing linker protein 3-like	protein-coding	Symbol
LOC111119915	2	111119915	LOC111119915	cerebellar degeneration-related protein 2-like	protein-coding	Symbol
LOC111119949	2	111119949	LOC111119949	bifunctional 3'-phosphoadenosine 5'-phosphosulfate synthase-like	protein-coding	Symbol
LOC111120011	2	NA	NA	NA	NA	NA
LOC111120058	2	111120058	LOC111120058	uncharacterized LOC111120058	protein-coding	Symbol
LOC111120065	2	111120065	LOC111120065	sperm-tail PG-rich repeat-containing protein 2-like	protein-coding	Symbol
LOC111120106	2	111120106	LOC111120106	uncharacterized LOC111120106	protein-coding	Symbol
LOC111120129	2	111120129	LOC111120129	nucleolar protein 4-like	protein-coding	Symbol
LOC111120226	2	111120226	LOC111120226	high affinity 3',5'-cyclic-AMP phosphodiesterase 7A-like	protein-coding	Symbol
LOC111120376	2	NA	NA	NA	NA	NA
LOC111120393	2	NA	NA	NA	NA	NA
LOC111120467	2	111120467	LOC111120467	protein transport protein Sec24C-like	protein-coding	Symbol
LOC111120563	2	111120563	LOC111120563	dynein axonemal intermediate chain 3-like	protein-coding	Symbol
LOC111120847	2	111120847	LOC111120847	sushi domain-containing protein 2-like	protein-coding	Symbol
LOC111120852	2	111120852	LOC111120852	uncharacterized LOC111120852	protein-coding	Symbol
LOC111120867	2	111120867	LOC111120867	integrase/recombinase xerD homolog	pseudo	Symbol
LOC111120881	2	NA	NA	NA	NA	NA
LOC111120924	2	111120924	LOC111120924	uncharacterized LOC111120924	protein-coding	Symbol
LOC111120961	2	111120961	LOC111120961	uncharacterized LOC111120961	protein-coding	Symbol
LOC111121000	2	111121000	LOC111121000	uncharacterized LOC111121000	protein-coding	Symbol
LOC111121025	2	NA	NA	NA	NA	NA
LOC111121100	2	111121100	LOC111121100	alpha-1,3/1,6-mannosyltransferase ALG2-like	protein-coding	Symbol
LOC111121104	2	111121104	LOC111121104	LITAF domain-containing protein-like	protein-coding	Symbol
LOC111121133	2	111121133	LOC111121133	arrestin domain-containing protein A-like	protein-coding	Symbol
LOC111121259	2	111121259	LOC111121259	sialin-like	protein-coding	Symbol
LOC111121293	2	111121293	LOC111121293	cytosolic Fe-S cluster assembly factor NUBP2 homolog	protein-coding	Symbol
LOC111121318	2	111121318	LOC111121318	ethanolaminephosphotransferase 1-like	protein-coding	Symbol
LOC111121355	2	111121355	LOC111121355	RING finger protein 151-like	protein-coding	Symbol
LOC111121393	2	111121393	LOC111121393	uncharacterized LOC111121393	protein-coding	Symbol
LOC111121418	2	111121418	LOC111121418	regucalcin-like	protein-coding	Symbol
LOC111121448	2	111121448	LOC111121448	uncharacterized LOC111121448	protein-coding	Symbol
LOC111121477	2	111121477	LOC111121477	ciliary microtubule inner protein 2C-like	protein-coding	Symbol
LOC111121480	2	NA	NA	NA	NA	NA
LOC111121483	2	111121483	LOC111121483	uncharacterized LOC111121483	protein-coding	Symbol
LOC111121710	2	111121710	LOC111121710	VPS35 endosomal protein-sorting factor-like	protein-coding	Symbol
LOC111121741	2	111121741	LOC111121741	sushi, von Willebrand factor type A, EGF and pentraxin domain-containing protein 1-like	protein-coding	Symbol
LOC111121791	2	111121791	LOC111121791	uncharacterized LOC111121791	protein-coding	Symbol
LOC111121822	2	111121822	LOC111121822	spermatogenesis-associated protein 6-like	protein-coding	Symbol
LOC111121838	2	111121838	LOC111121838	ATP-binding cassette sub-family D member 3-like	protein-coding	Symbol
LOC111121867	2	NA	NA	NA	NA	NA
LOC111121910	2	111121910	LOC111121910	IQ domain-containing protein K-like	protein-coding	Symbol
LOC111122056	2	111122056	LOC111122056	hydroxysteroid dehydrogenase-like protein 2	protein-coding	Symbol
LOC111122057	2	111122057	LOC111122057	RNA-binding protein Ro60-like	protein-coding	Symbol
LOC111122062	2	111122062	LOC111122062	TBC1 domain family member 2B-like	protein-coding	Symbol
LOC111122124	2	NA	NA	NA	NA	NA
LOC111122331	2	111122331	LOC111122331	uncharacterized protein C8orf74 homolog	protein-coding	Symbol
LOC111122749	2	NA	NA	NA	NA	NA
LOC111122785	2	111122785	LOC111122785	2',5'-phosphodiesterase 12-like	protein-coding	Symbol
LOC111122854	2	111122854	LOC111122854	mitochondrial-processing peptidase subunit alpha-like	protein-coding	Symbol
LOC111122922	2	111122922	LOC111122922	low-density lipoprotein receptor-related protein 2-like	protein-coding	Symbol
LOC111122984	2	111122984	LOC111122984	ankyrin repeat domain-containing protein 45-like	protein-coding	Symbol
LOC111123031	2	111123031	LOC111123031	tRNA (carboxymethyluridine(34)-5-O)-methyltransferase ALKBH8-like	protein-coding	Symbol
LOC111123084	2	111123084	LOC111123084	ecdysone-induced protein 78C-like	protein-coding	Symbol
LOC111123153	2	111123153	LOC111123153	death effector domain-containing protein-like	protein-coding	Symbol
LOC111123202	2	111123202	LOC111123202	uncharacterized LOC111123202	protein-coding	Symbol
LOC111123220	2	111123220	LOC111123220	integrator complex subunit 10-like	protein-coding	Symbol
LOC111123236	2	111123236	LOC111123236	uncharacterized LOC111123236	protein-coding	Symbol
LOC111123399	2	NA	NA	NA	NA	NA
LOC111123412	2	NA	NA	NA	NA	NA
LOC111123729	2	111123729	LOC111123729	uricase-like	protein-coding	Symbol
LOC111123825	2	NA	NA	NA	NA	NA
LOC111123828	2	111123828	LOC111123828	zinc finger protein 704-like	protein-coding	Symbol
LOC111123916	2	NA	NA	NA	NA	NA
LOC111123986	2	111123986	LOC111123986	kelch-like protein 24	protein-coding	Symbol
LOC111124084	2	111124084	LOC111124084	F-box/LRR-repeat protein 6-like	protein-coding	Symbol
LOC111124399	2	111124399	LOC111124399	dynein axonemal assembly factor 3-like	protein-coding	Symbol
LOC111124471	2	111124471	LOC111124471	uncharacterized LOC111124471	protein-coding	Symbol
LOC111124558	2	111124558	LOC111124558	uncharacterized LOC111124558	protein-coding	Symbol
LOC111124586	2	111124586	LOC111124586	RING finger protein 141-like	protein-coding	Symbol
LOC111124594	2	111124594	LOC111124594	uncharacterized LOC111124594	protein-coding	Symbol
LOC111124598	2	111124598	LOC111124598	translation initiation factor eIF2B subunit epsilon-like	protein-coding	Symbol
LOC111124658	2	111124658	LOC111124658	uncharacterized LOC111124658	protein-coding	Symbol
LOC111124702	2	111124702	LOC111124702	uncharacterized LOC111124702	protein-coding	Symbol
LOC111124761	2	NA	NA	NA	NA	NA
LOC111124859	2	111124859	LOC111124859	multidrug resistance-associated protein 1-like	protein-coding	Symbol
LOC111124942	2	NA	NA	NA	NA	NA
LOC111125061	2	111125061	LOC111125061	polyunsaturated fatty acid 5-lipoxygenase-like	protein-coding	Symbol
LOC111125176	2	111125176	LOC111125176	translin-associated protein X-like	protein-coding	Symbol
LOC111125237	2	111125237	LOC111125237	circadian locomoter output cycles protein kaput-like	protein-coding	Symbol
LOC111125262	2	NA	NA	NA	NA	NA
LOC111125352	2	111125352	LOC111125352	spartin-like	protein-coding	Symbol
LOC111125456	2	111125456	LOC111125456	uncharacterized LOC111125456	protein-coding	Symbol
LOC111125541	2	NA	NA	NA	NA	NA
LOC111125643	2	111125643	LOC111125643	phosphatidylinositol 3,4,5-trisphosphate 3-phosphatase TPTE2-like	protein-coding	Symbol
LOC111125721	2	111125721	LOC111125721	uncharacterized LOC111125721	protein-coding	Symbol
LOC111125963	2	111125963	LOC111125963	serine beta-lactamase-like protein LACTB, mitochondrial	protein-coding	Symbol
LOC111126059	2	111126059	LOC111126059	GTP-binding protein 8-like	protein-coding	Symbol
LOC111126185	2	111126185	LOC111126185	serine/threonine-protein kinase PLK4-like	protein-coding	Symbol
LOC111126385	2	NA	NA	NA	NA	NA
LOC111126605	2	111126605	LOC111126605	uncharacterized LOC111126605	protein-coding	Symbol
LOC111126624	2	111126624	LOC111126624	TBC1 domain family member 19-like	protein-coding	Symbol
LOC111126670	2	111126670	LOC111126670	uncharacterized LOC111126670	protein-coding	Symbol
LOC111126917	2	111126917	LOC111126917	steroid receptor RNA activator 1-like	protein-coding	Symbol
LOC111126996	2	111126996	LOC111126996	nucleoside diphosphate-linked moiety X motif 6-like	protein-coding	Symbol
LOC111127232	2	NA	NA	NA	NA	NA
LOC111127311	2	NA	NA	NA	NA	NA
LOC111127395	2	111127395	LOC111127395	uncharacterized LOC111127395	protein-coding	Symbol
LOC111127443	2	111127443	LOC111127443	uncharacterized LOC111127443	protein-coding	Symbol
LOC111127509	2	111127509	LOC111127509	epidermal growth factor receptor-like	protein-coding	Symbol
LOC111127595	2	111127595	LOC111127595	uncharacterized LOC111127595	protein-coding	Symbol
LOC111127844	2	111127844	LOC111127844	putative ATP-dependent RNA helicase DDX28	protein-coding	Symbol
LOC111127889	2	111127889	LOC111127889	serine/threonine-protein kinase ULK3-like	protein-coding	Symbol
LOC111127935	2	111127935	LOC111127935	sulfotransferase 1B1-like	protein-coding	Symbol
LOC111128149	2	111128149	LOC111128149	uncharacterized LOC111128149	protein-coding	Symbol
LOC111128153	2	111128153	LOC111128153	U3 small nucleolar RNA-associated protein 15 homolog	protein-coding	Symbol
LOC111128328	2	111128328	LOC111128328	F-box/WD repeat-containing protein 5-like	protein-coding	Symbol
LOC111128521	2	111128521	LOC111128521	hydroxyacyl-thioester dehydratase type 2, mitochondrial-like	protein-coding	Symbol
LOC111128599	2	111128599	LOC111128599	EH domain-binding protein 1-like	protein-coding	Symbol
LOC111128642	2	111128642	LOC111128642	uncharacterized LOC111128642	protein-coding	Symbol
LOC111128772	2	111128772	LOC111128772	uncharacterized LOC111128772	protein-coding	Symbol
LOC111128838	2	111128838	LOC111128838	tyrosine-protein kinase JAK2-like	protein-coding	Symbol
LOC111128885	2	111128885	LOC111128885	unconventional myosin-Ia-like	protein-coding	Symbol
LOC111128990	2	NA	NA	NA	NA	NA
LOC111129198	2	NA	NA	NA	NA	NA
LOC111129218	2	111129218	LOC111129218	radial spoke head protein 4 homolog A-like	protein-coding	Symbol
LOC111129231	2	111129231	LOC111129231	alpha-glucosidase-like	protein-coding	Symbol
LOC111129238	2	NA	NA	NA	NA	NA
LOC111129250	2	NA	NA	NA	NA	NA
LOC111129271	2	111129271	LOC111129271	protein PRRC1-A-like	protein-coding	Symbol
LOC111129292	2	111129292	LOC111129292	molybdate-anion transporter-like	protein-coding	Symbol
LOC111129299	2	111129299	LOC111129299	uncharacterized LOC111129299	protein-coding	Symbol
LOC111129385	2	NA	NA	NA	NA	NA
LOC111129397	2	111129397	LOC111129397	uncharacterized LOC111129397	protein-coding	Symbol
LOC111129539	2	111129539	LOC111129539	von Willebrand factor D and EGF domain-containing protein-like	protein-coding	Symbol
LOC111129561	2	NA	NA	NA	NA	NA
LOC111129601	2	111129601	LOC111129601	VWFA and cache domain-containing protein 1-like	pseudo	Symbol
LOC111129664	2	NA	NA	NA	NA	NA
LOC111129781	2	111129781	LOC111129781	uncharacterized LOC111129781	protein-coding	Symbol
LOC111129796	2	111129796	LOC111129796	GPI ethanolamine phosphate transferase 3, catalytic subunit-like	protein-coding	Symbol
LOC111129798	2	111129798	LOC111129798	ubiquitin carboxyl-terminal hydrolase MINDY-2-like	protein-coding	Symbol
LOC111129826	2	NA	NA	NA	NA	NA
LOC111129836	2	111129836	LOC111129836	uncharacterized LOC111129836	protein-coding	Symbol
LOC111129907	2	111129907	LOC111129907	uncharacterized LOC111129907	protein-coding	Symbol
LOC111129962	2	111129962	LOC111129962	uncharacterized LOC111129962	protein-coding	Symbol
LOC111129975	2	111129975	LOC111129975	uncharacterized LOC111129975	protein-coding	Symbol
LOC111130056	2	111130056	LOC111130056	uncharacterized LOC111130056	protein-coding	Symbol
LOC111130250	2	111130250	LOC111130250	IQ domain-containing protein H-like	protein-coding	Symbol
LOC111130332	2	111130332	LOC111130332	uncharacterized LOC111130332	protein-coding	Symbol
LOC111130365	2	111130365	LOC111130365	F-box only protein 22-like	protein-coding	Symbol
LOC111130569	2	111130569	LOC111130569	uncharacterized LOC111130569	protein-coding	Symbol
LOC111130571	2	111130571	LOC111130571	uncharacterized LOC111130571	protein-coding	Symbol
LOC111130592	2	111130592	LOC111130592	serum response factor-like	protein-coding	Symbol
LOC111130593	2	111130593	LOC111130593	WD repeat-containing protein 93-like	protein-coding	Symbol
LOC111130603	2	111130603	LOC111130603	DNA-directed RNA polymerase III subunit RPC7-like	protein-coding	Symbol
LOC111130667	2	111130667	LOC111130667	fumarate hydratase, mitochondrial-like	protein-coding	Symbol
LOC111130742	2	111130742	LOC111130742	2-(trimethylamino)ethylphosphonate dioxygenase-like	protein-coding	Symbol
LOC111130870	2	111130870	LOC111130870	ATP-dependent RNA helicase DHX58-like	protein-coding	Symbol
LOC111130931	2	111130931	LOC111130931	F-box/WD repeat-containing protein 5-like	protein-coding	Symbol
LOC111130988	2	111130988	LOC111130988	ectonucleoside triphosphate diphosphohydrolase 8-like	protein-coding	Symbol
LOC111130997	2	111130997	LOC111130997	uncharacterized LOC111130997	protein-coding	Symbol
LOC111131124	2	111131124	LOC111131124	E3 ubiquitin-protein ligase MIB2-like	protein-coding	Symbol
LOC111131176	2	111131176	LOC111131176	uncharacterized LOC111131176	protein-coding	Symbol
LOC111131435	2	111131435	LOC111131435	deoxyribose-phosphate aldolase-like	protein-coding	Symbol
LOC111131580	2	111131580	LOC111131580	dynein regulatory complex subunit 5-like	protein-coding	Symbol
LOC111131696	2	NA	NA	NA	NA	NA
LOC111131704	2	111131704	LOC111131704	dual specificity mitogen-activated protein kinase kinase 5-like	protein-coding	Symbol
LOC111131750	2	111131750	LOC111131750	polyribonucleotide nucleotidyltransferase 1, mitochondrial-like	protein-coding	Symbol
LOC111131775	2	111131775	LOC111131775	3-hydroxyanthranilate 3,4-dioxygenase-like	protein-coding	Symbol
LOC111131875	2	111131875	LOC111131875	stromelysin-1-like	protein-coding	Symbol
LOC111132054	2	111132054	LOC111132054	heme A synthase COX15-like	protein-coding	Symbol
LOC111132097	2	111132097	LOC111132097	LIM domain only protein 3-like	protein-coding	Symbol
LOC111132128	2	111132128	LOC111132128	nucleoside hydrolase-like	protein-coding	Symbol
LOC111132146	2	111132146	LOC111132146	helicase ARIP4-like	protein-coding	Symbol
LOC111132151	2	111132151	LOC111132151	uncharacterized LOC111132151	protein-coding	Symbol
LOC111132220	2	111132220	LOC111132220	uncharacterized LOC111132220	protein-coding	Symbol
LOC111132419	2	111132419	LOC111132419	uncharacterized LOC111132419	protein-coding	Symbol
LOC111132438	2	111132438	LOC111132438	uncharacterized LOC111132438	protein-coding	Symbol
LOC111132497	2	NA	NA	NA	NA	NA
LOC111132504	2	111132504	LOC111132504	uncharacterized LOC111132504	protein-coding	Symbol
LOC111132579	2	NA	NA	NA	NA	NA
LOC111132834	2	111132834	LOC111132834	WW domain-containing oxidoreductase-like	protein-coding	Symbol
LOC111132975	2	111132975	LOC111132975	putative ATP-dependent RNA helicase DHX35	protein-coding	Symbol
LOC111133126	2	111133126	LOC111133126	derlin-2-like	protein-coding	Symbol
LOC111133129	2	111133129	LOC111133129	uncharacterized LOC111133129	protein-coding	Symbol
LOC111133152	2	111133152	LOC111133152	leucine-rich repeat-containing protein 34-like	protein-coding	Symbol
LOC111133154	2	111133154	LOC111133154	metaxin-2-like	protein-coding	Symbol
LOC111133164	2	111133164	LOC111133164	excitatory amino acid transporter-like	protein-coding	Symbol
LOC111133433	2	111133433	LOC111133433	serine/threonine-protein kinase mTOR-like	protein-coding	Symbol
LOC111133467	2	111133467	LOC111133467	F-box/WD repeat-containing protein 5-like	protein-coding	Symbol
LOC111133563	2	NA	NA	NA	NA	NA
LOC111133709	2	111133709	LOC111133709	phospholipase ABHD3-like	protein-coding	Symbol
LOC111133729	2	111133729	LOC111133729	acyl-coenzyme A diphosphatase NUDT19-like	protein-coding	Symbol
LOC111133792	2	111133792	LOC111133792	tetratricopeptide repeat protein 17-like	protein-coding	Symbol
LOC111133911	2	111133911	LOC111133911	bactericidal permeability-increasing protein-like	protein-coding	Symbol
LOC111133922	2	111133922	LOC111133922	eukaryotic translation initiation factor 4 gamma 3-like	protein-coding	Symbol
LOC111133970	2	111133970	LOC111133970	integrator complex subunit 2-like	protein-coding	Symbol
LOC111133982	2	111133982	LOC111133982	fatty acid-binding protein, heart-like	protein-coding	Symbol
LOC111133998	2	111133998	LOC111133998	E3 ubiquitin-protein ligase FANCL-like	protein-coding	Symbol
LOC111134355	2	111134355	LOC111134355	uncharacterized LOC111134355	protein-coding	Symbol
LOC111134398	2	111134398	LOC111134398	uncharacterized LOC111134398	protein-coding	Symbol
LOC111134420	2	111134420	LOC111134420	RNA-binding protein RO60-like	protein-coding	Symbol
LOC111134625	2	111134625	LOC111134625	liprin-alpha-1-like	protein-coding	Symbol
LOC111134630	2	111134630	LOC111134630	TAR DNA-binding protein 43-like	protein-coding	Symbol
LOC111134705	2	111134705	LOC111134705	uncharacterized LOC111134705	protein-coding	Symbol
LOC111134710	2	111134710	LOC111134710	uncharacterized LOC111134710	protein-coding	Symbol
LOC111134756	2	111134756	LOC111134756	CWF19-like protein 1	protein-coding	Symbol
LOC111134850	2	111134850	LOC111134850	ATP-dependent DNA/RNA helicase DHX36-like	protein-coding	Symbol
LOC111134851	2	111134851	LOC111134851	uncharacterized LOC111134851	protein-coding	Symbol
LOC111134879	2	111134879	LOC111134879	dual oxidase maturation factor 1-like	protein-coding	Symbol
LOC111134903	2	111134903	LOC111134903	neuralized-like protein 4	protein-coding	Symbol
LOC111135037	2	111135037	LOC111135037	uncharacterized LOC111135037	protein-coding	Symbol
LOC111135120	2	111135120	LOC111135120	uncharacterized LOC111135120	protein-coding	Symbol
LOC111135145	2	111135145	LOC111135145	uncharacterized LOC111135145	pseudo	Symbol
LOC111135251	2	111135251	LOC111135251	uncharacterized protein C56G2.4-like	pseudo	Symbol
LOC111135281	2	111135281	LOC111135281	uncharacterized LOC111135281	protein-coding	Symbol
LOC111135332	2	111135332	LOC111135332	uncharacterized LOC111135332	protein-coding	Symbol
LOC111135346	2	111135346	LOC111135346	uncharacterized LOC111135346	protein-coding	Symbol
LOC111135351	2	111135351	LOC111135351	uncharacterized LOC111135351	protein-coding	Symbol
LOC111135392	2	111135392	LOC111135392	BTB/POZ domain-containing protein 17-like	protein-coding	Symbol
LOC111135526	2	111135526	LOC111135526	thymidylate kinase-like	protein-coding	Symbol
LOC111135547	2	111135547	LOC111135547	malonyl-CoA-acyl carrier protein transacylase, mitochondrial-like	protein-coding	Symbol
LOC111135560	2	111135560	LOC111135560	intraflagellar transport protein 22 homolog	protein-coding	Symbol
LOC111135621	2	111135621	LOC111135621	rotatin-like	protein-coding	Symbol
LOC111135687	2	111135687	LOC111135687	uncharacterized LOC111135687	protein-coding	Symbol
LOC111135724	2	111135724	LOC111135724	arrestin domain-containing protein 3-like	protein-coding	Symbol
LOC111135829	2	111135829	LOC111135829	uncharacterized LOC111135829	protein-coding	Symbol
LOC111135841	2	111135841	LOC111135841	L-fucose kinase-like	protein-coding	Symbol
LOC111135892	2	111135892	LOC111135892	uncharacterized LOC111135892	protein-coding	Symbol
LOC111135968	2	111135968	LOC111135968	uncharacterized LOC111135968	protein-coding	Symbol
LOC111136051	2	111136051	LOC111136051	phosphatidylinositol 4-kinase alpha-like	protein-coding	Symbol
LOC111136071	2	NA	NA	NA	NA	NA
LOC111136095	2	111136095	LOC111136095	1,25-dihydroxyvitamin D(3) 24-hydroxylase, mitochondrial-like	protein-coding	Symbol
LOC111136109	2	111136109	LOC111136109	unconventional myosin-XVIIIa-like	protein-coding	Symbol
LOC111136156	2	111136156	LOC111136156	EF-hand calcium-binding domain-containing protein 5-like	protein-coding	Symbol
LOC111136175	2	111136175	LOC111136175	uncharacterized LOC111136175	protein-coding	Symbol
LOC111136197	2	111136197	LOC111136197	uncharacterized LOC111136197	protein-coding	Symbol
LOC111136248	2	111136248	LOC111136248	uncharacterized LOC111136248	protein-coding	Symbol
LOC111136407	2	111136407	LOC111136407	uncharacterized LOC111136407	protein-coding	Symbol
LOC111136453	2	111136453	LOC111136453	uncharacterized LOC111136453	protein-coding	Symbol
LOC111136468	2	111136468	LOC111136468	tRNA-dihydrouridine(20) synthase [NAD(P)+]-like	protein-coding	Symbol
LOC111136550	2	111136550	LOC111136550	uncharacterized LOC111136550	protein-coding	Symbol
LOC111136619	2	111136619	LOC111136619	uncharacterized LOC111136619	protein-coding	Symbol
LOC111136678	2	NA	NA	NA	NA	NA
LOC111136777	2	111136777	LOC111136777	uncharacterized LOC111136777	protein-coding	Symbol
LOC111136888	2	111136888	LOC111136888	transmembrane protein 127-like	protein-coding	Symbol
LOC111136929	2	111136929	LOC111136929	exosome complex component RRP41-like	protein-coding	Symbol
LOC111137042	2	111137042	LOC111137042	uncharacterized LOC111137042	protein-coding	Symbol
LOC111137047	2	111137047	LOC111137047	uncharacterized LOC111137047	protein-coding	Symbol
LOC111137145	2	111137145	LOC111137145	ladderlectin-like	protein-coding	Symbol
LOC111137239	2	111137239	LOC111137239	uncharacterized LOC111137239	protein-coding	Symbol
LOC111137242	2	111137242	LOC111137242	shootin-1-like	protein-coding	Symbol
LOC111137399	2	NA	NA	NA	NA	NA
LOC111137484	2	111137484	LOC111137484	uncharacterized LOC111137484	protein-coding	Symbol
LOC111137543	2	111137543	LOC111137543	LRP2-binding protein-like	protein-coding	Symbol
LOC111137629	2	111137629	LOC111137629	solute carrier family 49 member 4 homolog	protein-coding	Symbol
LOC111137666	2	111137666	LOC111137666	ubiquitin domain-containing protein 2-like	protein-coding	Symbol
LOC111137970	2	111137970	LOC111137970	uncharacterized LOC111137970	protein-coding	Symbol
LOC111138003	2	111138003	LOC111138003	F-box/LRR-repeat protein 2-like	protein-coding	Symbol
LOC111138181	2	111138181	LOC111138181	ubiquitin-protein ligase E3B-like	protein-coding	Symbol
LOC111138384	2	111138384	LOC111138384	uncharacterized LOC111138384	protein-coding	Symbol
LOC111138412	2	111138412	LOC111138412	schlafen family member 13-like	protein-coding	Symbol
LOC111138500	2	NA	NA	NA	NA	NA
LOC111099073	1	111099073	LOC111099073	BRCA1-associated protein-like	protein-coding	Symbol
LOC111099101	1	111099101	LOC111099101	serine/threonine-protein kinase unc-51-like	protein-coding	Symbol
LOC111099106	1	111099106	LOC111099106	exonuclease V-like	protein-coding	Symbol
LOC111099110	1	111099110	LOC111099110	dual specificity protein phosphatase 3-like	protein-coding	Symbol
LOC111099123	1	111099123	LOC111099123	condensin complex subunit 2-like	protein-coding	Symbol
LOC111099172	1	111099172	LOC111099172	zinc metalloproteinase nas-15-like	protein-coding	Symbol
LOC111099174	1	111099174	LOC111099174	zinc phosphodiesterase ELAC protein 1-like	protein-coding	Symbol
LOC111099175	1	111099175	LOC111099175	malonate--CoA ligase ACSF3, mitochondrial-like	protein-coding	Symbol
LOC111099209	1	111099209	LOC111099209	coiled-coil domain-containing protein 92-like	protein-coding	Symbol
LOC111099211	1	NA	NA	NA	NA	NA
LOC111099212	1	111099212	LOC111099212	mitochondrial intermediate peptidase-like	protein-coding	Symbol
LOC111099226	1	NA	NA	NA	NA	NA
LOC111099327	1	NA	NA	NA	NA	NA
LOC111099426	1	111099426	LOC111099426	uncharacterized LOC111099426	protein-coding	Symbol
LOC111099443	1	111099443	LOC111099443	uncharacterized LOC111099443	protein-coding	Symbol
LOC111099489	1	111099489	LOC111099489	S-adenosylmethionine-dependent methyltransferase Rv2258c-like	protein-coding	Symbol
LOC111099490	1	NA	NA	NA	NA	NA
LOC111099509	1	NA	NA	NA	NA	NA
LOC111099519	1	111099519	LOC111099519	intermembrane lipid transfer protein VPS13D-like	protein-coding	Symbol
LOC111099604	1	111099604	LOC111099604	uncharacterized LOC111099604	protein-coding	Symbol
LOC111099613	1	111099613	LOC111099613	uncharacterized LOC111099613	protein-coding	Symbol
LOC111099693	1	111099693	LOC111099693	uncharacterized LOC111099693	protein-coding	Symbol
LOC111099795	1	111099795	LOC111099795	uncharacterized LOC111099795	protein-coding	Symbol
LOC111099846	1	111099846	LOC111099846	putative E3 ubiquitin-protein ligase DTX3	protein-coding	Symbol
LOC111099857	1	111099857	LOC111099857	nondiscriminating glutamyl-tRNA synthetase EARS2, mitochondrial-like	protein-coding	Symbol
LOC111099873	1	NA	NA	NA	NA	NA
LOC111099918	1	111099918	LOC111099918	intermembrane lipid transfer protein VPS13D-like	protein-coding	Symbol
LOC111099967	1	NA	NA	NA	NA	NA
LOC111099994	1	111099994	LOC111099994	uncharacterized LOC111099994	protein-coding	Symbol
LOC111100011	1	111100011	LOC111100011	uncharacterized LOC111100011	protein-coding	Symbol
LOC111100029	1	111100029	LOC111100029	metal cation symporter ZIP8-like	protein-coding	Symbol
LOC111100321	1	111100321	LOC111100321	uncharacterized LOC111100321	protein-coding	Symbol
LOC111100367	1	111100367	LOC111100367	protein N-lysine methyltransferase METTL21D-like	protein-coding	Symbol
LOC111100478	1	111100478	LOC111100478	E3 ubiquitin-protein ligase RNF103-like	protein-coding	Symbol
LOC111100542	1	NA	NA	NA	NA	NA
LOC111100546	1	111100546	LOC111100546	X-linked retinitis pigmentosa GTPase regulator-like	protein-coding	Symbol
LOC111100569	1	111100569	LOC111100569	uncharacterized LOC111100569	protein-coding	Symbol
LOC111100578	1	111100578	LOC111100578	uncharacterized LOC111100578	protein-coding	Symbol
LOC111100582	1	111100582	LOC111100582	putative JmjC domain-containing histone demethylation protein 2C	protein-coding	Symbol
LOC111100613	1	111100613	LOC111100613	ninjurin-1-like	protein-coding	Symbol
LOC111100638	1	111100638	LOC111100638	methanethiol oxidase-like	protein-coding	Symbol
LOC111100724	1	111100724	LOC111100724	amine oxidase [flavin-containing] B-like	protein-coding	Symbol
LOC111100739	1	111100739	LOC111100739	DNA polymerase theta-like	protein-coding	Symbol
LOC111100747	1	111100747	LOC111100747	uncharacterized LOC111100747	protein-coding	Symbol
LOC111100765	1	111100765	LOC111100765	uncharacterized LOC111100765	protein-coding	Symbol
LOC111100805	1	111100805	LOC111100805	uncharacterized LOC111100805	protein-coding	Symbol
LOC111100973	1	111100973	LOC111100973	oxaloacetate tautomerase FAHD1, mitochondrial-like	protein-coding	Symbol
LOC111100996	1	111100996	LOC111100996	methionine--tRNA ligase, mitochondrial-like	protein-coding	Symbol
LOC111101054	1	111101054	LOC111101054	uncharacterized LOC111101054	protein-coding	Symbol
LOC111101091	1	111101091	LOC111101091	TATA box-binding protein-associated factor RNA polymerase I subunit B-like	protein-coding	Symbol
LOC111101111	1	111101111	LOC111101111	uncharacterized LOC111101111	protein-coding	Symbol
LOC111101185	1	NA	NA	NA	NA	NA
LOC111101238	1	111101238	LOC111101238	ankyrin repeat and SOCS box protein 16-like	protein-coding	Symbol
LOC111101316	1	111101316	LOC111101316	uncharacterized LOC111101316	protein-coding	Symbol
LOC111101532	1	111101532	LOC111101532	N-acetyl-D-glucosamine kinase-like	protein-coding	Symbol
LOC111101549	1	NA	NA	NA	NA	NA
LOC111101550	1	111101550	LOC111101550	uncharacterized LOC111101550	protein-coding	Symbol
LOC111101743	1	111101743	LOC111101743	FGGY carbohydrate kinase domain-containing protein-like	protein-coding	Symbol
LOC111101884	1	111101884	LOC111101884	general transcription and DNA repair factor IIH helicase/translocase subunit XPB-like	protein-coding	Symbol
LOC111101889	1	111101889	LOC111101889	protein O-GlcNAcase-like	protein-coding	Symbol
LOC111101918	1	NA	NA	NA	NA	NA
LOC111101996	1	NA	NA	NA	NA	NA
LOC111102113	1	111102113	LOC111102113	uncharacterized LOC111102113	protein-coding	Symbol
LOC111102138	1	111102138	LOC111102138	uncharacterized LOC111102138	protein-coding	Symbol
LOC111102249	1	111102249	LOC111102249	uncharacterized LOC111102249	protein-coding	Symbol
LOC111102251	1	111102251	LOC111102251	charged multivesicular body protein 3-like	protein-coding	Symbol
LOC111102258	1	111102258	LOC111102258	uncharacterized LOC111102258	protein-coding	Symbol
LOC111102306	1	NA	NA	NA	NA	NA
LOC111102426	1	111102426	LOC111102426	CUGBP Elav-like family member 1	protein-coding	Symbol
LOC111102465	1	111102465	LOC111102465	sulfotransferase 1C2-like	protein-coding	Symbol
LOC111102475	1	111102475	LOC111102475	negative elongation factor D-like	protein-coding	Symbol
LOC111102480	1	111102480	LOC111102480	uncharacterized LOC111102480	protein-coding	Symbol
LOC111102556	1	111102556	LOC111102556	uncharacterized LOC111102556	protein-coding	Symbol
LOC111102578	1	NA	NA	NA	NA	NA
LOC111102675	1	NA	NA	NA	NA	NA
LOC111102678	1	111102678	LOC111102678	dual specificity protein kinase TTK-like	protein-coding	Symbol
LOC111102713	1	111102713	LOC111102713	xaa-Arg dipeptidase-like	protein-coding	Symbol
LOC111102743	1	NA	NA	NA	NA	NA
LOC111102827	1	111102827	LOC111102827	uncharacterized LOC111102827	protein-coding	Symbol
LOC111102874	1	111102874	LOC111102874	telomere length regulation protein TEL2 homolog	protein-coding	Symbol
LOC111102970	1	NA	NA	NA	NA	NA
LOC111103021	1	111103021	LOC111103021	phenylalanine-4-hydroxylase-like	protein-coding	Symbol
LOC111103225	1	111103225	LOC111103225	uncharacterized LOC111103225	protein-coding	Symbol
LOC111103356	1	111103356	LOC111103356	phospholipase D1-like	protein-coding	Symbol
LOC111103366	1	NA	NA	NA	NA	NA
LOC111103375	1	111103375	LOC111103375	sperm-associated antigen 17-like	protein-coding	Symbol
LOC111103378	1	111103378	LOC111103378	uncharacterized LOC111103378	protein-coding	Symbol
LOC111103389	1	111103389	LOC111103389	zinc finger protein aebp2-like	protein-coding	Symbol
LOC111103394	1	111103394	LOC111103394	dynein axonemal heavy chain 5-like	protein-coding	Symbol
LOC111103427	1	111103427	LOC111103427	baculoviral IAP repeat-containing protein 8-like	protein-coding	Symbol
LOC111103534	1	111103534	LOC111103534	ferredoxin-fold anticodon-binding domain-containing protein 1-like	protein-coding	Symbol
LOC111103564	1	111103564	LOC111103564	ataxin-7-like protein 3	protein-coding	Symbol
LOC111103625	1	111103625	LOC111103625	transmembrane protein 39A-like	protein-coding	Symbol
LOC111103680	1	111103680	LOC111103680	uncharacterized LOC111103680	protein-coding	Symbol
LOC111103707	1	111103707	LOC111103707	tubulin--tyrosine ligase-like protein 12	protein-coding	Symbol
LOC111103765	1	111103765	LOC111103765	BAG family molecular chaperone regulator 3-like	protein-coding	Symbol
LOC111103778	1	NA	NA	NA	NA	NA
LOC111103816	1	111103816	LOC111103816	uncharacterized LOC111103816	protein-coding	Symbol
LOC111103820	1	111103820	LOC111103820	intraflagellar transport protein 88 homolog	protein-coding	Symbol
LOC111103891	1	111103891	LOC111103891	5'-nucleotidase domain-containing protein 1-like	protein-coding	Symbol
LOC111103912	1	111103912	LOC111103912	circularly permutated Ras protein 1-like	protein-coding	Symbol
LOC111103922	1	NA	NA	NA	NA	NA
LOC111103960	1	111103960	LOC111103960	uncharacterized LOC111103960	protein-coding	Symbol
LOC111103976	1	111103976	LOC111103976	uncharacterized LOC111103976	protein-coding	Symbol
LOC111104044	1	NA	NA	NA	NA	NA
LOC111104118	1	111104118	LOC111104118	low density lipoprotein receptor adapter protein 1-A-like	protein-coding	Symbol
LOC111104143	1	111104143	LOC111104143	ciliary microtubule associated protein 1B-like	protein-coding	Symbol
LOC111104247	1	111104247	LOC111104247	succinate dehydrogenase [ubiquinone] flavoprotein subunit, mitochondrial-like	protein-coding	Symbol
LOC111104435	1	111104435	LOC111104435	transmembrane protein 216-like	protein-coding	Symbol
LOC111104595	1	111104595	LOC111104595	uncharacterized LOC111104595	protein-coding	Symbol
LOC111104633	1	111104633	LOC111104633	alkyldihydroxyacetonephosphate synthase, peroxisomal-like	protein-coding	Symbol
LOC111104670	1	111104670	LOC111104670	bis(5'-adenosyl)-triphosphatase ENPP4-like	protein-coding	Symbol
LOC111104784	1	111104784	LOC111104784	beta-parvin-like	protein-coding	Symbol
LOC111104878	1	111104878	LOC111104878	uncharacterized LOC111104878	pseudo	Symbol
LOC111105066	1	111105066	LOC111105066	RNA cytidine acetyltransferase-like	protein-coding	Symbol
LOC111105158	1	111105158	LOC111105158	uncharacterized LOC111105158	protein-coding	Symbol
LOC111105250	1	111105250	LOC111105250	quinone oxidoreductase-like protein 1	protein-coding	Symbol
LOC111105251	1	111105251	LOC111105251	protein jagunal homolog 1-like	protein-coding	Symbol
LOC111105437	1	111105437	LOC111105437	uncharacterized protein C6orf118-like	protein-coding	Symbol
LOC111105509	1	111105509	LOC111105509	runt-related transcription factor 1-like	protein-coding	Symbol
LOC111105515	1	NA	NA	NA	NA	NA
LOC111105544	1	111105544	LOC111105544	mitochondrial carrier homolog 2-like	protein-coding	Symbol
LOC111105686	1	111105686	LOC111105686	putative helicase MOV-10	protein-coding	Symbol
LOC111105753	1	111105753	LOC111105753	transient receptor potential cation channel subfamily M member 3-like	protein-coding	Symbol
LOC111105762	1	111105762	LOC111105762	traB domain-containing protein-like	protein-coding	Symbol
LOC111105839	1	111105839	LOC111105839	universal stress protein in QAH/OAS sulfhydrylase 3'region-like	protein-coding	Symbol
LOC111105847	1	111105847	LOC111105847	carbohydrate sulfotransferase 11-like	protein-coding	Symbol
LOC111105904	1	111105904	LOC111105904	tubulin tyrosine ligase 3-like	protein-coding	Symbol
LOC111105909	1	111105909	LOC111105909	vezatin-like	protein-coding	Symbol
LOC111106031	1	111106031	LOC111106031	uncharacterized LOC111106031	protein-coding	Symbol
LOC111106055	1	111106055	LOC111106055	uncharacterized LOC111106055	protein-coding	Symbol
LOC111106119	1	111106119	LOC111106119	inositol 1,4,5-trisphosphate-gated calcium channel ITPR1-like	protein-coding	Symbol
LOC111106355	1	111106355	LOC111106355	tyramine beta-hydroxylase-like	protein-coding	Symbol
LOC111106479	1	NA	NA	NA	NA	NA
LOC111106521	1	NA	NA	NA	NA	NA
LOC111106770	1	111106770	LOC111106770	kelch-like protein 41	protein-coding	Symbol
LOC111107046	1	111107046	LOC111107046	N-lysine methyltransferase KMT5A-A-like	protein-coding	Symbol
LOC111107113	1	111107113	LOC111107113	dual specificity tyrosine-phosphorylation-regulated kinase 2-like	protein-coding	Symbol
LOC111107124	1	NA	NA	NA	NA	NA
LOC111107174	1	111107174	LOC111107174	rabenosyn-5-like	protein-coding	Symbol
LOC111107188	1	NA	NA	NA	NA	NA
LOC111107204	1	NA	NA	NA	NA	NA
LOC111107212	1	NA	NA	NA	NA	NA
LOC111107260	1	111107260	LOC111107260	heat shock 70 kDa protein 12B-like	protein-coding	Symbol
LOC111107279	1	111107279	LOC111107279	uncharacterized LOC111107279	protein-coding	Symbol
LOC111107324	1	111107324	LOC111107324	uncharacterized LOC111107324	protein-coding	Symbol
LOC111107430	1	111107430	LOC111107430	solute carrier organic anion transporter family member 5A1-like	protein-coding	Symbol
LOC111107518	1	111107518	LOC111107518	calcium-dependent secretion activator 1-like	protein-coding	Symbol
LOC111107565	1	111107565	LOC111107565	host cell factor 1-like	protein-coding	Symbol
LOC111107609	1	111107609	LOC111107609	universal stress protein in QAH/OAS sulfhydrylase 3'region-like	protein-coding	Symbol
LOC111107855	1	111107855	LOC111107855	EGF domain-specific O-linked N-acetylglucosamine transferase-like	protein-coding	Symbol
LOC111107987	1	NA	NA	NA	NA	NA
LOC111108022	1	NA	NA	NA	NA	NA
LOC111108057	1	111108057	LOC111108057	structural maintenance of chromosomes protein 1A-like	protein-coding	Symbol
LOC111108061	1	NA	NA	NA	NA	NA
LOC111108089	1	111108089	LOC111108089	F-box and leucine-rich repeat protein 13-like	protein-coding	Symbol
LOC111108151	1	111108151	LOC111108151	meiosis-specific protein MEI4-like	protein-coding	Symbol
LOC111108179	1	111108179	LOC111108179	voltage-dependent calcium channel subunit alpha-2/delta-2-like	protein-coding	Symbol
LOC111108274	1	111108274	LOC111108274	ETS domain-containing protein Elk-4-like	protein-coding	Symbol
LOC111108322	1	111108322	LOC111108322	beta-1,3-galactosyltransferase 1-like	protein-coding	Symbol
LOC111108355	1	111108355	LOC111108355	uncharacterized LOC111108355	protein-coding	Symbol
LOC111108410	1	NA	NA	NA	NA	NA
LOC111108475	1	111108475	LOC111108475	uncharacterized LOC111108475	protein-coding	Symbol
LOC111108503	1	111108503	LOC111108503	uncharacterized LOC111108503	protein-coding	Symbol
LOC111108519	1	111108519	LOC111108519	TBC1 domain family member 22B-like	protein-coding	Symbol
LOC111108699	1	111108699	LOC111108699	U3 small nucleolar ribonucleoprotein IMP4-like	protein-coding	Symbol
LOC111108755	1	NA	NA	NA	NA	NA
LOC111108835	1	111108835	LOC111108835	glutaminase kidney isoform, mitochondrial-like	protein-coding	Symbol
LOC111108971	1	NA	NA	NA	NA	NA
LOC111109132	1	111109132	LOC111109132	uncharacterized LOC111109132	protein-coding	Symbol
LOC111109188	1	111109188	LOC111109188	uncharacterized LOC111109188	protein-coding	Symbol
LOC111109428	1	111109428	LOC111109428	uncharacterized LOC111109428	protein-coding	Symbol
LOC111109471	1	NA	NA	NA	NA	NA
LOC111109483	1	NA	NA	NA	NA	NA
LOC111109552	1	111109552	LOC111109552	transmembrane protein 187-like	protein-coding	Symbol
LOC111109740	1	111109740	LOC111109740	protein CFAP20DC-like	protein-coding	Symbol
LOC111109748	1	111109748	LOC111109748	calcium-independent phospholipase A2-gamma-like	protein-coding	Symbol
LOC111109831	1	111109831	LOC111109831	hepatocyte growth factor receptor-like	protein-coding	Symbol
LOC111109836	1	111109836	LOC111109836	uncharacterized LOC111109836	protein-coding	Symbol
LOC111109946	1	111109946	LOC111109946	uncharacterized LOC111109946	protein-coding	Symbol
LOC111109952	1	111109952	LOC111109952	uncharacterized LOC111109952	protein-coding	Symbol
LOC111109989	1	111109989	LOC111109989	ER membrane protein complex subunit 10-like	protein-coding	Symbol
LOC111110053	1	111110053	LOC111110053	twinfilin-1-like	protein-coding	Symbol
LOC111110083	1	NA	NA	NA	NA	NA
LOC111110195	1	111110195	LOC111110195	glutamine--tRNA ligase-like	protein-coding	Symbol
LOC111110258	1	111110258	LOC111110258	uncharacterized LOC111110258	protein-coding	Symbol
LOC111110314	1	NA	NA	NA	NA	NA
LOC111110330	1	NA	NA	NA	NA	NA
LOC111110454	1	111110454	LOC111110454	pyridoxal 5'-phosphate synthase subunit PdxS-like	protein-coding	Symbol
LOC111110494	1	111110494	LOC111110494	conserved oligomeric Golgi complex subunit 5-like	protein-coding	Symbol
LOC111110590	1	111110590	LOC111110590	solute carrier family 35 member E3-like	protein-coding	Symbol
LOC111110750	1	111110750	LOC111110750	WD repeat-containing protein 75-like	protein-coding	Symbol
LOC111110789	1	111110789	LOC111110789	glutathione S-transferase P 2-like	protein-coding	Symbol
LOC111110824	1	111110824	LOC111110824	uncharacterized LOC111110824	protein-coding	Symbol
LOC111110826	1	111110826	LOC111110826	uncharacterized LOC111110826	protein-coding	Symbol
LOC111110920	1	111110920	LOC111110920	enkurin-like	protein-coding	Symbol
LOC111110954	1	111110954	LOC111110954	uncharacterized LOC111110954	protein-coding	Symbol
LOC111110957	1	111110957	LOC111110957	uncharacterized LOC111110957	protein-coding	Symbol
LOC111111118	1	NA	NA	NA	NA	NA
LOC111111216	1	111111216	LOC111111216	hypoxanthine-guanine phosphoribosyltransferase-like	protein-coding	Symbol
LOC111111295	1	NA	NA	NA	NA	NA
LOC111111322	1	111111322	LOC111111322	gem-associated protein 2-like	protein-coding	Symbol
LOC111111378	1	111111378	LOC111111378	aladin-like	protein-coding	Symbol
LOC111111461	1	111111461	LOC111111461	uncharacterized LOC111111461	protein-coding	Symbol
LOC111111554	1	111111554	LOC111111554	uncharacterized LOC111111554	protein-coding	Symbol
LOC111111557	1	111111557	LOC111111557	uncharacterized LOC111111557	protein-coding	Symbol
LOC111111613	1	111111613	LOC111111613	neural cell adhesion molecule 2-like	protein-coding	Symbol
LOC111111615	1	111111615	LOC111111615	uncharacterized LOC111111615	protein-coding	Symbol
LOC111111872	1	NA	NA	NA	NA	NA
LOC111111945	1	111111945	LOC111111945	receptor-type tyrosine-protein phosphatase T-like	protein-coding	Symbol
LOC111112129	1	111112129	LOC111112129	uncharacterized LOC111112129	protein-coding	Symbol
LOC111112179	1	111112179	LOC111112179	uncharacterized LOC111112179	protein-coding	Symbol
LOC111112206	1	111112206	LOC111112206	uncharacterized LOC111112206	protein-coding	Symbol
LOC111112232	1	111112232	LOC111112232	uncharacterized LOC111112232	ncRNA	Symbol
LOC111112301	1	111112301	LOC111112301	uncharacterized LOC111112301	protein-coding	Symbol
LOC111112303	1	NA	NA	NA	NA	NA
LOC111112418	1	111112418	LOC111112418	calaxin-like	protein-coding	Symbol
LOC111112613	1	111112613	LOC111112613	tetratricopeptide repeat protein 21B-like	protein-coding	Symbol
LOC111112623	1	111112623	LOC111112623	calaxin-like	protein-coding	Symbol
LOC111112682	1	NA	NA	NA	NA	NA
LOC111112703	1	111112703	LOC111112703	sorting nexin-13-like	protein-coding	Symbol
LOC111112770	1	111112770	LOC111112770	uncharacterized LOC111112770	protein-coding	Symbol
LOC111112779	1	111112779	LOC111112779	uncharacterized LOC111112779	protein-coding	Symbol
LOC111112791	1	111112791	LOC111112791	protein white-like	protein-coding	Symbol
LOC111112794	1	111112794	LOC111112794	polypeptide N-acetylgalactosaminyltransferase 5-like	protein-coding	Symbol
LOC111112839	1	111112839	LOC111112839	uncharacterized LOC111112839	protein-coding	Symbol
LOC111113080	1	111113080	LOC111113080	uncharacterized LOC111113080	protein-coding	Symbol
LOC111113090	1	111113090	LOC111113090	GATOR2 complex protein MIOS-like	protein-coding	Symbol
LOC111113091	1	111113091	LOC111113091	uncharacterized LOC111113091	protein-coding	Symbol
LOC111113092	1	111113092	LOC111113092	coiled-coil domain-containing protein 89-like	protein-coding	Symbol
LOC111113173	1	111113173	LOC111113173	phosphatidylinositol 4-phosphate 5-kinase type-1 alpha-like	protein-coding	Symbol
LOC111113177	1	NA	NA	NA	NA	NA
LOC111113186	1	111113186	LOC111113186	uncharacterized LOC111113186	protein-coding	Symbol
LOC111113195	1	111113195	LOC111113195	uncharacterized LOC111113195	pseudo	Symbol
LOC111113196	1	111113196	LOC111113196	uncharacterized LOC111113196	protein-coding	Symbol
LOC111113203	1	111113203	LOC111113203	G patch domain-containing protein 4-like	protein-coding	Symbol
LOC111113262	1	NA	NA	NA	NA	NA
LOC111113298	1	111113298	LOC111113298	uncharacterized LOC111113298	protein-coding	Symbol
LOC111113370	1	111113370	LOC111113370	retinol dehydrogenase 7-like	protein-coding	Symbol
LOC111113386	1	111113386	LOC111113386	putative N-acetylgalactosaminyltransferase 9	protein-coding	Symbol
LOC111113399	1	NA	NA	NA	NA	NA
LOC111113426	1	111113426	LOC111113426	elongator complex protein 2-like	protein-coding	Symbol
LOC111113434	1	NA	NA	NA	NA	NA
LOC111113469	1	NA	NA	NA	NA	NA
LOC111113635	1	NA	NA	NA	NA	NA
LOC111113887	1	111113887	LOC111113887	neo-calmodulin-like	protein-coding	Symbol
LOC111114232	1	111114232	LOC111114232	uncharacterized LOC111114232	protein-coding	Symbol
LOC111114474	1	111114474	LOC111114474	D-3-phosphoglycerate dehydrogenase-like	protein-coding	Symbol
LOC111114547	1	111114547	LOC111114547	polypeptide N-acetylgalactosaminyltransferase 11-like	protein-coding	Symbol
LOC111114554	1	111114554	LOC111114554	zinc finger CCCH domain-containing protein 10-like	protein-coding	Symbol
LOC111114854	1	111114854	LOC111114854	beta-1,3-galactosyltransferase 5-like	protein-coding	Symbol
LOC111114893	1	NA	NA	NA	NA	NA
LOC111115068	1	111115068	LOC111115068	CD82 antigen-like	protein-coding	Symbol
LOC111115135	1	111115135	LOC111115135	uncharacterized LOC111115135	protein-coding	Symbol
LOC111115230	1	111115230	LOC111115230	cation-dependent mannose-6-phosphate receptor-like	protein-coding	Symbol
LOC111115278	1	NA	NA	NA	NA	NA
LOC111115357	1	NA	NA	NA	NA	NA
LOC111115365	1	111115365	LOC111115365	male-specific lethal 1 homolog	protein-coding	Symbol
LOC111115416	1	111115416	LOC111115416	MOB-like protein phocein	protein-coding	Symbol
LOC111115446	1	NA	NA	NA	NA	NA
LOC111115487	1	111115487	LOC111115487	serine/threonine-protein kinase 16-like	protein-coding	Symbol
LOC111115506	1	111115506	LOC111115506	uncharacterized LOC111115506	protein-coding	Symbol
LOC111115535	1	NA	NA	NA	NA	NA
LOC111115551	1	NA	NA	NA	NA	NA
LOC111115637	1	111115637	LOC111115637	uncharacterized LOC111115637	protein-coding	Symbol
LOC111115707	1	111115707	LOC111115707	putative sodium-coupled neutral amino acid transporter 11	protein-coding	Symbol
LOC111115715	1	111115715	LOC111115715	cilia- and flagella-associated protein 221-like	protein-coding	Symbol
LOC111115773	1	NA	NA	NA	NA	NA
LOC111115824	1	111115824	LOC111115824	uncharacterized LOC111115824	protein-coding	Symbol
LOC111115871	1	111115871	LOC111115871	uncharacterized LOC111115871	protein-coding	Symbol
LOC111115908	1	111115908	LOC111115908	putative proline iminopeptidase	protein-coding	Symbol
LOC111115975	1	111115975	LOC111115975	protein disulfide-isomerase A6-like	protein-coding	Symbol
LOC111116137	1	111116137	LOC111116137	WD repeat-containing protein 74-like	protein-coding	Symbol
LOC111116321	1	111116321	LOC111116321	uncharacterized LOC111116321	pseudo	Symbol
LOC111116351	1	NA	NA	NA	NA	NA
LOC111116366	1	111116366	LOC111116366	histone-lysine N-methyltransferase Set8-like	protein-coding	Symbol
LOC111116394	1	NA	NA	NA	NA	NA
LOC111116441	1	111116441	LOC111116441	uncharacterized LOC111116441	protein-coding	Symbol
LOC111116469	1	111116469	LOC111116469	carboxypeptidase A1-like	pseudo	Symbol
LOC111116485	1	111116485	LOC111116485	uncharacterized LOC111116485	ncRNA	Symbol
LOC111116787	1	111116787	LOC111116787	uncharacterized LOC111116787	protein-coding	Symbol
LOC111116914	1	NA	NA	NA	NA	NA
LOC111117065	1	111117065	LOC111117065	uncharacterized LOC111117065	protein-coding	Symbol
LOC111117073	1	NA	NA	NA	NA	NA
LOC111117074	1	111117074	LOC111117074	uncharacterized LOC111117074	protein-coding	Symbol
LOC111117115	1	111117115	LOC111117115	uncharacterized LOC111117115	protein-coding	Symbol
LOC111117129	1	111117129	LOC111117129	uncharacterized LOC111117129	protein-coding	Symbol
LOC111117178	1	111117178	LOC111117178	uncharacterized LOC111117178	protein-coding	Symbol
LOC111117314	1	111117314	LOC111117314	sulfide:quinone oxidoreductase, mitochondrial-like	protein-coding	Symbol
LOC111117356	1	NA	NA	NA	NA	NA
LOC111117393	1	111117393	LOC111117393	uncharacterized LOC111117393	protein-coding	Symbol
LOC111117417	1	111117417	LOC111117417	transcription factor 12-like	protein-coding	Symbol
LOC111117436	1	111117436	LOC111117436	kelch-like protein 21	protein-coding	Symbol
LOC111117438	1	111117438	LOC111117438	uncharacterized LOC111117438	protein-coding	Symbol
LOC111117551	1	111117551	LOC111117551	ATP-dependent zinc metalloprotease YME1 homolog	protein-coding	Symbol
LOC111117607	1	111117607	LOC111117607	uncharacterized LOC111117607	protein-coding	Symbol
LOC111117697	1	111117697	LOC111117697	uncharacterized LOC111117697	protein-coding	Symbol
LOC111117928	1	111117928	LOC111117928	paladin-like	protein-coding	Symbol
LOC111118014	1	111118014	LOC111118014	LYR motif-containing protein 1-like	protein-coding	Symbol
LOC111118055	1	111118055	LOC111118055	exosome complex component RRP40-like	protein-coding	Symbol
LOC111118056	1	111118056	LOC111118056	iron-sulfur cluster assembly 1 homolog, mitochondrial-like	protein-coding	Symbol
LOC111118091	1	111118091	LOC111118091	uncharacterized LOC111118091	protein-coding	Symbol
LOC111118092	1	111118092	LOC111118092	uncharacterized LOC111118092	protein-coding	Symbol
LOC111118096	1	111118096	LOC111118096	rho GTPase-activating protein 100F-like	protein-coding	Symbol
LOC111118140	1	111118140	LOC111118140	uncharacterized LOC111118140	protein-coding	Symbol
LOC111118185	1	111118185	LOC111118185	uncharacterized LOC111118185	protein-coding	Symbol
LOC111118244	1	NA	NA	NA	NA	NA
LOC111118311	1	NA	NA	NA	NA	NA
LOC111118417	1	111118417	LOC111118417	ganglioside-induced differentiation-associated protein 1-like	protein-coding	Symbol
LOC111118452	1	111118452	LOC111118452	WD repeat-containing protein 13-like	protein-coding	Symbol
LOC111118477	1	111118477	LOC111118477	Golgi apparatus membrane protein TVP23 homolog A-like	protein-coding	Symbol
LOC111118483	1	111118483	LOC111118483	programmed cell death protein 2-like	protein-coding	Symbol
LOC111118550	1	111118550	LOC111118550	AP-5 complex subunit zeta-1-like	protein-coding	Symbol
LOC111118610	1	111118610	LOC111118610	required for excision 1-B domain-containing protein-like	protein-coding	Symbol
LOC111118809	1	111118809	LOC111118809	scaffold attachment factor B2-like	protein-coding	Symbol
LOC111118882	1	111118882	LOC111118882	uncharacterized LOC111118882	protein-coding	Symbol
LOC111118887	1	111118887	LOC111118887	intraflagellar transport protein 25 homolog	protein-coding	Symbol
LOC111118964	1	111118964	LOC111118964	uncharacterized LOC111118964	protein-coding	Symbol
LOC111118970	1	111118970	LOC111118970	coiled-coil domain-containing protein 78-like	protein-coding	Symbol
LOC111118972	1	111118972	LOC111118972	uncharacterized LOC111118972	protein-coding	Symbol
LOC111119019	1	NA	NA	NA	NA	NA
LOC111119117	1	111119117	LOC111119117	tetraspanin-5-like	protein-coding	Symbol
LOC111119188	1	111119188	LOC111119188	uncharacterized LOC111119188	protein-coding	Symbol
LOC111119189	1	111119189	LOC111119189	uncharacterized LOC111119189	protein-coding	Symbol
LOC111119226	1	111119226	LOC111119226	uncharacterized LOC111119226	protein-coding	Symbol
LOC111119284	1	111119284	LOC111119284	acetyl-coenzyme A synthetase-like	protein-coding	Symbol
LOC111119294	1	111119294	LOC111119294	very long chain fatty acid elongase 4-like	protein-coding	Symbol
LOC111119347	1	111119347	LOC111119347	GPI ethanolamine phosphate transferase 2, catalytic subunit-like	protein-coding	Symbol
LOC111119361	1	111119361	LOC111119361	isovaleryl-CoA dehydrogenase, mitochondrial-like	protein-coding	Symbol
LOC111119412	1	111119412	LOC111119412	vesicle-associated membrane protein 7-like	protein-coding	Symbol
LOC111119422	1	111119422	LOC111119422	regulator of G-protein signaling 7-like	protein-coding	Symbol
LOC111119465	1	NA	NA	NA	NA	NA
LOC111119490	1	111119490	LOC111119490	dual 3',5'-cyclic-AMP and -GMP phosphodiesterase 11-like	protein-coding	Symbol
LOC111119493	1	111119493	LOC111119493	ubiquitin carboxyl-terminal hydrolase 24-like	protein-coding	Symbol
LOC111119528	1	111119528	LOC111119528	uncharacterized LOC111119528	protein-coding	Symbol
LOC111119756	1	111119756	LOC111119756	U4/U6 small nuclear ribonucleoprotein Prp31-like	protein-coding	Symbol
LOC111119791	1	111119791	LOC111119791	zinc-regulated GTPase metalloprotein activator 1-like	protein-coding	Symbol
LOC111119818	1	111119818	LOC111119818	GPI alpha-1,6-mannosyltransferase 2-like	protein-coding	Symbol
LOC111119822	1	111119822	LOC111119822	uncharacterized LOC111119822	protein-coding	Symbol
LOC111119946	1	111119946	LOC111119946	dynein axonemal intermediate chain 4-like	protein-coding	Symbol
LOC111120077	1	111120077	LOC111120077	uncharacterized LOC111120077	protein-coding	Symbol
LOC111120082	1	NA	NA	NA	NA	NA
LOC111120094	1	NA	NA	NA	NA	NA
LOC111120115	1	111120115	LOC111120115	monocarboxylate transporter 9-like	protein-coding	Symbol
LOC111120118	1	111120118	LOC111120118	uncharacterized LOC111120118	protein-coding	Symbol
LOC111120216	1	NA	NA	NA	NA	NA
LOC111120266	1	111120266	LOC111120266	uncharacterized LOC111120266	protein-coding	Symbol
LOC111120326	1	111120326	LOC111120326	uncharacterized LOC111120326	protein-coding	Symbol
LOC111120475	1	111120475	LOC111120475	uncharacterized LOC111120475	protein-coding	Symbol
LOC111120484	1	NA	NA	NA	NA	NA
LOC111120550	1	111120550	LOC111120550	meteorin-like protein	protein-coding	Symbol
LOC111120551	1	111120551	LOC111120551	testis-expressed protein 47-like	protein-coding	Symbol
LOC111120588	1	NA	NA	NA	NA	NA
LOC111120621	1	111120621	LOC111120621	uncharacterized LOC111120621	protein-coding	Symbol
LOC111120640	1	NA	NA	NA	NA	NA
LOC111120659	1	NA	NA	NA	NA	NA
LOC111120682	1	NA	NA	NA	NA	NA
LOC111120690	1	111120690	LOC111120690	uncharacterized LOC111120690	protein-coding	Symbol
LOC111120713	1	111120713	LOC111120713	intraflagellar transport protein 172 homolog	protein-coding	Symbol
LOC111120726	1	NA	NA	NA	NA	NA
LOC111120743	1	NA	NA	NA	NA	NA
LOC111120768	1	NA	NA	NA	NA	NA
LOC111120800	1	111120800	LOC111120800	uncharacterized LOC111120800	protein-coding	Symbol
LOC111120801	1	111120801	LOC111120801	uncharacterized LOC111120801	protein-coding	Symbol
LOC111120827	1	111120827	LOC111120827	putative E3 ubiquitin-protein ligase HERC4	protein-coding	Symbol
LOC111120860	1	111120860	LOC111120860	DNA excision repair protein ERCC-8-like	protein-coding	Symbol
LOC111120885	1	111120885	LOC111120885	protein Tob1-like	protein-coding	Symbol
LOC111120909	1	111120909	LOC111120909	uncharacterized LOC111120909	protein-coding	Symbol
LOC111120960	1	111120960	LOC111120960	UDP-N-acetylglucosamine transferase subunit ALG14-like	protein-coding	Symbol
LOC111120983	1	111120983	LOC111120983	dehydrogenase/reductase SDR family member 11-like	protein-coding	Symbol
LOC111121003	1	111121003	LOC111121003	peroxiredoxin-like 2C	protein-coding	Symbol
LOC111121012	1	111121012	LOC111121012	adenosine 3'-phospho 5'-phosphosulfate transporter 2-like	protein-coding	Symbol
LOC111121026	1	111121026	LOC111121026	uncharacterized LOC111121026	protein-coding	Symbol
LOC111121030	1	111121030	LOC111121030	TNF receptor-associated factor 6-B-like	protein-coding	Symbol
LOC111121056	1	111121056	LOC111121056	annexin B9-like	protein-coding	Symbol
LOC111121059	1	111121059	LOC111121059	DNA repair endonuclease XPF-like	protein-coding	Symbol
LOC111121128	1	NA	NA	NA	NA	NA
LOC111121157	1	111121157	LOC111121157	dimethyladenosine transferase 1, mitochondrial-like	protein-coding	Symbol
LOC111121159	1	111121159	LOC111121159	uncharacterized LOC111121159	protein-coding	Symbol
LOC111121184	1	111121184	LOC111121184	uncharacterized LOC111121184	protein-coding	Symbol
LOC111121268	1	111121268	LOC111121268	uncharacterized LOC111121268	protein-coding	Symbol
LOC111121297	1	111121297	LOC111121297	FERRY endosomal RAB5 effector complex subunit 3-like	protein-coding	Symbol
LOC111121392	1	111121392	LOC111121392	exosome complex component RRP46-like	protein-coding	Symbol
LOC111121395	1	111121395	LOC111121395	uncharacterized LOC111121395	protein-coding	Symbol
LOC111121420	1	111121420	LOC111121420	regucalcin-like	protein-coding	Symbol
LOC111121443	1	111121443	LOC111121443	cell division cycle protein 20 homolog	protein-coding	Symbol
LOC111121530	1	111121530	LOC111121530	kynurenine/alpha-aminoadipate aminotransferase, mitochondrial-like	protein-coding	Symbol
LOC111121536	1	111121536	LOC111121536	scavenger receptor cysteine-rich domain-containing protein DMBT1-like	protein-coding	Symbol
LOC111121567	1	111121567	LOC111121567	uncharacterized LOC111121567	protein-coding	Symbol
LOC111121590	1	111121590	LOC111121590	nuclear factor NF-kappa-B p105 subunit-like	protein-coding	Symbol
LOC111121613	1	NA	NA	NA	NA	NA
LOC111121674	1	111121674	LOC111121674	N-alpha-acetyltransferase 60-like	protein-coding	Symbol
LOC111121707	1	NA	NA	NA	NA	NA
LOC111121709	1	111121709	LOC111121709	voltage-dependent calcium channel subunit alpha-2/delta-1-like	protein-coding	Symbol
LOC111121717	1	NA	NA	NA	NA	NA
LOC111121734	1	111121734	LOC111121734	uncharacterized LOC111121734	protein-coding	Symbol
LOC111121772	1	111121772	LOC111121772	uncharacterized LOC111121772	protein-coding	Symbol
LOC111121832	1	111121832	LOC111121832	dnaJ homolog subfamily B member 4-like	protein-coding	Symbol
LOC111121884	1	111121884	LOC111121884	long-chain-fatty-acid--CoA ligase 5-like	protein-coding	Symbol
LOC111121889	1	111121889	LOC111121889	uncharacterized LOC111121889	protein-coding	Symbol
LOC111121912	1	111121912	LOC111121912	calmodulin-like	protein-coding	Symbol
LOC111121926	1	111121926	LOC111121926	N(6)-adenine-specific methyltransferase METTL4-like	protein-coding	Symbol
LOC111121994	1	111121994	LOC111121994	dolichyl pyrophosphate Glc1Man9GlcNAc2 alpha-1,3-glucosyltransferase-like	protein-coding	Symbol
LOC111122222	1	111122222	LOC111122222	phosphatidylinositol N-acetylglucosaminyltransferase subunit Q-like	protein-coding	Symbol
LOC111122334	1	111122334	LOC111122334	dystrobrevin beta-like	protein-coding	Symbol
LOC111122377	1	111122377	LOC111122377	uncharacterized LOC111122377	protein-coding	Symbol
LOC111122382	1	111122382	LOC111122382	uncharacterized LOC111122382	protein-coding	Symbol
LOC111122416	1	111122416	LOC111122416	programmed cell death protein 2-like	protein-coding	Symbol
LOC111122423	1	111122423	LOC111122423	protein phosphatase EYA2-like	protein-coding	Symbol
LOC111122450	1	NA	NA	NA	NA	NA
LOC111122562	1	111122562	LOC111122562	uncharacterized LOC111122562	protein-coding	Symbol
LOC111122585	1	111122585	LOC111122585	uncharacterized LOC111122585	protein-coding	Symbol
LOC111122599	1	NA	NA	NA	NA	NA
LOC111122722	1	111122722	LOC111122722	uncharacterized LOC111122722	protein-coding	Symbol
LOC111122832	1	111122832	LOC111122832	uncharacterized LOC111122832	protein-coding	Symbol
LOC111123026	1	111123026	LOC111123026	uncharacterized LOC111123026	protein-coding	Symbol
LOC111123123	1	111123123	LOC111123123	microtubule nucleation factor SSNA1-like	protein-coding	Symbol
LOC111123168	1	111123168	LOC111123168	nuclear receptor subfamily 5 group A member 2-like	protein-coding	Symbol
LOC111123214	1	111123214	LOC111123214	6-phosphogluconolactonase-like	protein-coding	Symbol
LOC111123223	1	111123223	LOC111123223	E3 ubiquitin-protein ligase CCNB1IP1-like	protein-coding	Symbol
LOC111123256	1	111123256	LOC111123256	PDZ domain-containing protein 8-like	protein-coding	Symbol
LOC111123270	1	NA	NA	NA	NA	NA
LOC111123296	1	111123296	LOC111123296	uncharacterized LOC111123296	protein-coding	Symbol
LOC111123379	1	111123379	LOC111123379	kelch domain-containing protein 1-like	protein-coding	Symbol
LOC111123431	1	111123431	LOC111123431	alsin-like	protein-coding	Symbol
LOC111123434	1	111123434	LOC111123434	dynein axonemal heavy chain 8-like	protein-coding	Symbol
LOC111123491	1	111123491	LOC111123491	BET1-like protein	protein-coding	Symbol
LOC111123588	1	111123588	LOC111123588	geranylgeranyl transferase type-2 subunit beta-like	protein-coding	Symbol
LOC111123598	1	111123598	LOC111123598	uncharacterized LOC111123598	protein-coding	Symbol
LOC111123648	1	111123648	LOC111123648	uncharacterized LOC111123648	protein-coding	Symbol
LOC111123664	1	111123664	LOC111123664	prostaglandin G/H synthase 2-like	protein-coding	Symbol
LOC111123702	1	111123702	LOC111123702	tetratricopeptide repeat protein 16-like	protein-coding	Symbol
LOC111123817	1	111123817	LOC111123817	putative polypeptide N-acetylgalactosaminyltransferase 10	protein-coding	Symbol
LOC111123840	1	111123840	LOC111123840	AP-3 complex subunit mu-2-like	protein-coding	Symbol
LOC111123868	1	111123868	LOC111123868	uncharacterized LOC111123868	protein-coding	Symbol
LOC111123879	1	111123879	LOC111123879	SID1 transmembrane family member 1-like	protein-coding	Symbol
LOC111123894	1	111123894	LOC111123894	putative inhibitor of apoptosis	protein-coding	Symbol
LOC111123898	1	111123898	LOC111123898	alpha-L-fucosidase-like	protein-coding	Symbol
LOC111123910	1	111123910	LOC111123910	outer dynein arm-docking complex subunit 4-like	protein-coding	Symbol
LOC111123924	1	NA	NA	NA	NA	NA
LOC111123973	1	111123973	LOC111123973	islet cell autoantigen 1-like	protein-coding	Symbol
LOC111123985	1	111123985	LOC111123985	kelch-like protein 35	protein-coding	Symbol
LOC111124005	1	111124005	LOC111124005	spermatogenesis-associated serine-rich protein 2-like	protein-coding	Symbol
LOC111124016	1	111124016	LOC111124016	paramyosin-like	protein-coding	Symbol
LOC111124146	1	111124146	LOC111124146	uncharacterized LOC111124146	protein-coding	Symbol
LOC111124247	1	111124247	LOC111124247	uncharacterized LOC111124247	protein-coding	Symbol
LOC111124304	1	111124304	LOC111124304	uncharacterized LOC111124304	protein-coding	Symbol
LOC111124329	1	111124329	LOC111124329	tRNA-splicing endonuclease subunit Sen34-like	protein-coding	Symbol
LOC111124415	1	111124415	LOC111124415	uncharacterized LOC111124415	protein-coding	Symbol
LOC111124445	1	NA	NA	NA	NA	NA
LOC111124637	1	111124637	LOC111124637	thyroid hormone receptor beta-A-like	protein-coding	Symbol
LOC111124641	1	111124641	LOC111124641	melatonin receptor pdcr-1-like	protein-coding	Symbol
LOC111124643	1	111124643	LOC111124643	ubiquinol-cytochrome-c reductase complex assembly factor 1-like	protein-coding	Symbol
LOC111124657	1	111124657	LOC111124657	breast cancer anti-estrogen resistance protein 3 homolog	protein-coding	Symbol
LOC111124695	1	111124695	LOC111124695	mediator of RNA polymerase II transcription subunit 25-like	protein-coding	Symbol
LOC111124707	1	111124707	LOC111124707	histone H2B	protein-coding	Symbol
LOC111124727	1	NA	NA	NA	NA	NA
LOC111124728	1	111124728	LOC111124728	uncharacterized LOC111124728	protein-coding	Symbol
LOC111124742	1	111124742	LOC111124742	serine/threonine-protein kinase Nek7-like	protein-coding	Symbol
LOC111124797	1	NA	NA	NA	NA	NA
LOC111124809	1	111124809	LOC111124809	uncharacterized LOC111124809	protein-coding	Symbol
LOC111124847	1	111124847	LOC111124847	heat shock 70 kDa protein 12A-like	protein-coding	Symbol
LOC111124851	1	111124851	LOC111124851	ankyrin repeat and SAM domain-containing protein 3-like	protein-coding	Symbol
LOC111124863	1	111124863	LOC111124863	uncharacterized LOC111124863	protein-coding	Symbol
LOC111124912	1	111124912	LOC111124912	exosome complex component RRP43-like	protein-coding	Symbol
LOC111125019	1	111125019	LOC111125019	uncharacterized LOC111125019	protein-coding	Symbol
LOC111125065	1	111125065	LOC111125065	TBC1 domain family member 13-like	protein-coding	Symbol
LOC111125071	1	NA	NA	NA	NA	NA
LOC111125084	1	111125084	LOC111125084	fibroblast growth factor receptor 4-like	protein-coding	Symbol
LOC111125100	1	111125100	LOC111125100	inositol-trisphosphate 3-kinase homolog	protein-coding	Symbol
LOC111125130	1	111125130	LOC111125130	metallophosphoesterase MPPED2-like	protein-coding	Symbol
LOC111125204	1	111125204	LOC111125204	choline transporter-like protein 2	protein-coding	Symbol
LOC111125299	1	NA	NA	NA	NA	NA
LOC111125318	1	111125318	LOC111125318	heat shock 70 kDa protein 12A-like	protein-coding	Symbol
LOC111125373	1	111125373	LOC111125373	L-proline trans-4-hydroxylase-like	protein-coding	Symbol
LOC111125375	1	111125375	LOC111125375	uncharacterized LOC111125375	protein-coding	Symbol
LOC111125391	1	NA	NA	NA	NA	NA
LOC111125433	1	111125433	LOC111125433	inversin-like	protein-coding	Symbol
LOC111125438	1	111125438	LOC111125438	uncharacterized LOC111125438	protein-coding	Symbol
LOC111125451	1	111125451	LOC111125451	uncharacterized LOC111125451	protein-coding	Symbol
LOC111125473	1	111125473	LOC111125473	phosphatidylinositol N-acetylglucosaminyltransferase subunit C-like	protein-coding	Symbol
LOC111125474	1	111125474	LOC111125474	mitochondrial disaggregase-like	protein-coding	Symbol
LOC111125483	1	111125483	LOC111125483	hamartin-like	protein-coding	Symbol
LOC111125528	1	111125528	LOC111125528	ubiquitin carboxyl-terminal hydrolase 38-like	protein-coding	Symbol
LOC111125543	1	111125543	LOC111125543	uncharacterized LOC111125543	protein-coding	Symbol
LOC111125545	1	NA	NA	NA	NA	NA
LOC111125553	1	NA	NA	NA	NA	NA
LOC111125555	1	NA	NA	NA	NA	NA
LOC111125599	1	NA	NA	NA	NA	NA
LOC111125615	1	111125615	LOC111125615	iron-sulfur cluster transfer protein NUBPL-like	protein-coding	Symbol
LOC111125631	1	111125631	LOC111125631	queuine tRNA-ribosyltransferase catalytic subunit 1-like	protein-coding	Symbol
LOC111125662	1	111125662	LOC111125662	uncharacterized LOC111125662	protein-coding	Symbol
LOC111125689	1	111125689	LOC111125689	uncharacterized LOC111125689	protein-coding	Symbol
LOC111125697	1	111125697	LOC111125697	uncharacterized LOC111125697	protein-coding	Symbol
LOC111125740	1	111125740	LOC111125740	armadillo repeat-containing protein 3-like	protein-coding	Symbol
LOC111125746	1	111125746	LOC111125746	methionine adenosyltransferase 2 subunit beta-like	protein-coding	Symbol
LOC111125809	1	111125809	LOC111125809	tektin-like protein 1	protein-coding	Symbol
LOC111125816	1	111125816	LOC111125816	uncharacterized LOC111125816	protein-coding	Symbol
LOC111125848	1	NA	NA	NA	NA	NA
LOC111125852	1	NA	NA	NA	NA	NA
LOC111125878	1	NA	NA	NA	NA	NA
LOC111125907	1	NA	NA	NA	NA	NA
LOC111125950	1	111125950	LOC111125950	uncharacterized LOC111125950	protein-coding	Symbol
LOC111125958	1	111125958	LOC111125958	solute carrier family 53 member 1-like	protein-coding	Symbol
LOC111126007	1	111126007	LOC111126007	extended synaptotagmin-2-like	protein-coding	Symbol
LOC111126023	1	111126023	LOC111126023	uncharacterized LOC111126023	protein-coding	Symbol
LOC111126037	1	111126037	LOC111126037	uncharacterized LOC111126037	protein-coding	Symbol
LOC111126043	1	NA	NA	NA	NA	NA
LOC111126111	1	NA	NA	NA	NA	NA
LOC111126154	1	111126154	LOC111126154	cilia- and flagella-associated protein 77-like	protein-coding	Symbol
LOC111126214	1	111126214	LOC111126214	zeta-sarcoglycan-like	protein-coding	Symbol
LOC111126218	1	111126218	LOC111126218	cyclin-dependent kinase 4 inhibitor B-like	protein-coding	Symbol
LOC111126231	1	NA	NA	NA	NA	NA
LOC111126289	1	111126289	LOC111126289	uncharacterized LOC111126289	protein-coding	Symbol
LOC111126296	1	111126296	LOC111126296	mediator of RNA polymerase II transcription subunit 14-like	protein-coding	Symbol
LOC111126337	1	111126337	LOC111126337	uncharacterized LOC111126337	protein-coding	Symbol
LOC111126376	1	111126376	LOC111126376	nephrin-like	protein-coding	Symbol
LOC111126408	1	111126408	LOC111126408	beta-secretase 1-like	protein-coding	Symbol
LOC111126410	1	NA	NA	NA	NA	NA
LOC111126513	1	111126513	LOC111126513	uncharacterized LOC111126513	protein-coding	Symbol
LOC111126529	1	111126529	LOC111126529	TBC1 domain family member 5-like	protein-coding	Symbol
LOC111126617	1	111126617	LOC111126617	uncharacterized LOC111126617	protein-coding	Symbol
LOC111126632	1	NA	NA	NA	NA	NA
LOC111126633	1	111126633	LOC111126633	uncharacterized LOC111126633	protein-coding	Symbol
LOC111126660	1	NA	NA	NA	NA	NA
LOC111126793	1	111126793	LOC111126793	heat shock 70 kDa protein 12B-like	protein-coding	Symbol
LOC111126847	1	111126847	LOC111126847	EF-hand domain-containing family member B-like	protein-coding	Symbol
LOC111126905	1	111126905	LOC111126905	uncharacterized LOC111126905	protein-coding	Symbol
LOC111126981	1	111126981	LOC111126981	major facilitator superfamily domain-containing protein 6-like	protein-coding	Symbol
LOC111127006	1	111127006	LOC111127006	uncharacterized LOC111127006	protein-coding	Symbol
LOC111127107	1	111127107	LOC111127107	uncharacterized LOC111127107	protein-coding	Symbol
LOC111127173	1	111127173	LOC111127173	LIM domain transcription factor LMO4.1-like	protein-coding	Symbol
LOC111127179	1	111127179	LOC111127179	uncharacterized LOC111127179	protein-coding	Symbol
LOC111127200	1	111127200	LOC111127200	NADPH-dependent diflavin oxidoreductase 1-like	protein-coding	Symbol
LOC111127298	1	NA	NA	NA	NA	NA
LOC111127314	1	NA	NA	NA	NA	NA
LOC111127324	1	111127324	LOC111127324	dual specificity mitogen-activated protein kinase kinase 7-like	protein-coding	Symbol
LOC111127350	1	111127350	LOC111127350	uncharacterized LOC111127350	protein-coding	Symbol
LOC111127369	1	NA	NA	NA	NA	NA
LOC111127427	1	111127427	LOC111127427	uncharacterized LOC111127427	protein-coding	Symbol
LOC111127448	1	NA	NA	NA	NA	NA
LOC111127562	1	111127562	LOC111127562	inositol oxygenase-like	protein-coding	Symbol
LOC111127646	1	111127646	LOC111127646	tRNA (guanine(27)-N(2))-dimethyltransferase-like	protein-coding	Symbol
LOC111127662	1	111127662	LOC111127662	out at first protein-like	protein-coding	Symbol
LOC111127768	1	111127768	LOC111127768	calcium/calmodulin-dependent protein kinase type IV-like	protein-coding	Symbol
LOC111127879	1	111127879	LOC111127879	phosphatidylinositol 3-kinase catalytic subunit type 3-like	protein-coding	Symbol
LOC111127949	1	111127949	LOC111127949	uncharacterized LOC111127949	protein-coding	Symbol
LOC111127969	1	111127969	LOC111127969	coiled-coil domain-containing protein 42 homolog	protein-coding	Symbol
LOC111128035	1	111128035	LOC111128035	N-acetylgalactosaminyltransferase 7-like	protein-coding	Symbol
LOC111128088	1	111128088	LOC111128088	tetratricopeptide repeat protein 8-like	protein-coding	Symbol
LOC111128121	1	111128121	LOC111128121	ATPase family gene 2 protein homolog B-like	protein-coding	Symbol
LOC111128125	1	111128125	LOC111128125	ras-like protein family member 12	protein-coding	Symbol
LOC111128132	1	NA	NA	NA	NA	NA
LOC111128211	1	111128211	LOC111128211	acidic fibroblast growth factor intracellular-binding protein-like	protein-coding	Symbol
LOC111128236	1	111128236	LOC111128236	peroxiredoxin-5, mitochondrial-like	protein-coding	Symbol
LOC111128258	1	111128258	LOC111128258	BLOC-1-related complex subunit 8-like	protein-coding	Symbol
LOC111128292	1	111128292	LOC111128292	WD repeat-containing protein 62-like	protein-coding	Symbol
LOC111128309	1	111128309	LOC111128309	opioid-binding protein/cell adhesion molecule homolog	protein-coding	Symbol
LOC111128323	1	111128323	LOC111128323	alpha-methylacyl-CoA racemase-like	protein-coding	Symbol
LOC111128433	1	111128433	LOC111128433	uncharacterized LOC111128433	protein-coding	Symbol
LOC111128464	1	111128464	LOC111128464	uncharacterized LOC111128464	protein-coding	Symbol
LOC111128549	1	NA	NA	NA	NA	NA
LOC111128558	1	111128558	LOC111128558	tetraspanin-36-like	protein-coding	Symbol
LOC111128559	1	NA	NA	NA	NA	NA
LOC111128683	1	NA	NA	NA	NA	NA
LOC111128714	1	111128714	LOC111128714	protein O-linked-mannose beta-1,4-N-acetylglucosaminyltransferase 2-like	protein-coding	Symbol
LOC111128734	1	111128734	LOC111128734	uncharacterized LOC111128734	protein-coding	Symbol
LOC111128755	1	111128755	LOC111128755	COMM domain-containing protein 1-like	protein-coding	Symbol
LOC111128863	1	111128863	LOC111128863	CAAX prenyl protease 2-like	protein-coding	Symbol
LOC111128870	1	111128870	LOC111128870	pecanex-like protein 1	protein-coding	Symbol
LOC111128926	1	111128926	LOC111128926	E3 ubiquitin-protein ligase synoviolin-like	protein-coding	Symbol
LOC111128943	1	111128943	LOC111128943	beta-1,4-glucuronyltransferase 1-like	protein-coding	Symbol
LOC111128968	1	111128968	LOC111128968	galectin-7-like	protein-coding	Symbol
LOC111128985	1	NA	NA	NA	NA	NA
LOC111129011	1	111129011	LOC111129011	uncharacterized LOC111129011	protein-coding	Symbol
LOC111129064	1	111129064	LOC111129064	poly(A) RNA polymerase GLD2-like	protein-coding	Symbol
LOC111129080	1	111129080	LOC111129080	tRNA pseudouridine synthase Pus10-like	protein-coding	Symbol
LOC111129103	1	111129103	LOC111129103	polypeptide N-acetylgalactosaminyltransferase 1-like	protein-coding	Symbol
LOC111129115	1	111129115	LOC111129115	uncharacterized LOC111129115	protein-coding	Symbol
LOC111129165	1	111129165	LOC111129165	estrogen receptor beta-like	protein-coding	Symbol
LOC111129186	1	111129186	LOC111129186	dynein axonemal assembly factor 10-like	protein-coding	Symbol
LOC111129188	1	111129188	LOC111129188	sprouty-related, EVH1 domain-containing protein 2-like	protein-coding	Symbol
LOC111129202	1	111129202	LOC111129202	A disintegrin and metalloproteinase with thrombospondin motifs 6-like	protein-coding	Symbol
LOC111129215	1	111129215	LOC111129215	gephyrin-like	protein-coding	Symbol
LOC111129256	1	111129256	LOC111129256	phosphofurin acidic cluster sorting protein 2-like	protein-coding	Symbol
LOC111129264	1	111129264	LOC111129264	uncharacterized LOC111129264	protein-coding	Symbol
LOC111129265	1	111129265	LOC111129265	katanin p60 ATPase-containing subunit A-like 2	protein-coding	Symbol
LOC111129306	1	NA	NA	NA	NA	NA
LOC111129323	1	111129323	LOC111129323	uncharacterized LOC111129323	protein-coding	Symbol
LOC111129345	1	111129345	LOC111129345	egl nine homolog 1	protein-coding	Symbol
LOC111129357	1	111129357	LOC111129357	tectonin beta-propeller repeat-containing protein 2-like	protein-coding	Symbol
LOC111129376	1	NA	NA	NA	NA	NA
LOC111129399	1	111129399	LOC111129399	uncharacterized LOC111129399	protein-coding	Symbol
LOC111129464	1	111129464	LOC111129464	spermatogenesis-associated protein 17-like	protein-coding	Symbol
LOC111129532	1	111129532	LOC111129532	uncharacterized LOC111129532	protein-coding	Symbol
LOC111129580	1	NA	NA	NA	NA	NA
LOC111129614	1	NA	NA	NA	NA	NA
LOC111129720	1	111129720	LOC111129720	adenylate cyclase type 10-like	protein-coding	Symbol
LOC111129762	1	NA	NA	NA	NA	NA
LOC111129835	1	111129835	LOC111129835	D-aminoacyl-tRNA deacylase 2-like	protein-coding	Symbol
LOC111129847	1	111129847	LOC111129847	m7GpppN-mRNA hydrolase NUDT17-like	protein-coding	Symbol
LOC111129851	1	111129851	LOC111129851	uncharacterized LOC111129851	protein-coding	Symbol
LOC111129855	1	111129855	LOC111129855	cilia- and flagella-associated protein 61-like	protein-coding	Symbol
LOC111129859	1	111129859	LOC111129859	alanine--tRNA ligase, cytoplasmic-like	protein-coding	Symbol
LOC111129941	1	111129941	LOC111129941	uncharacterized LOC111129941	protein-coding	Symbol
LOC111129949	1	111129949	LOC111129949	uncharacterized LOC111129949	protein-coding	Symbol
LOC111129986	1	NA	NA	NA	NA	NA
LOC111130017	1	NA	NA	NA	NA	NA
LOC111130018	1	111130018	LOC111130018	WD repeat-containing protein 25-like	protein-coding	Symbol
LOC111130121	1	111130121	LOC111130121	serine palmitoyltransferase 2-like	protein-coding	Symbol
LOC111130156	1	111130156	LOC111130156	GTPase IMAP family member 8-like	protein-coding	Symbol
LOC111130213	1	111130213	LOC111130213	uncharacterized LOC111130213	protein-coding	Symbol
LOC111130235	1	111130235	LOC111130235	acetylserotonin O-methyltransferase-like	protein-coding	Symbol
LOC111130287	1	111130287	LOC111130287	uncharacterized LOC111130287	protein-coding	Symbol
LOC111130301	1	111130301	LOC111130301	adenylate kinase 7-like	protein-coding	Symbol
LOC111130305	1	111130305	LOC111130305	uncharacterized LOC111130305	protein-coding	Symbol
LOC111130309	1	111130309	LOC111130309	chromatin-remodeling ATPase INO80-like	protein-coding	Symbol
LOC111130325	1	111130325	LOC111130325	protein argonaute-2-like	protein-coding	Symbol
LOC111130374	1	NA	NA	NA	NA	NA
LOC111130399	1	NA	NA	NA	NA	NA
LOC111130400	1	NA	NA	NA	NA	NA
LOC111130405	1	NA	NA	NA	NA	NA
LOC111130438	1	111130438	LOC111130438	dynein axonemal light chain 1-like	protein-coding	Symbol
LOC111130467	1	111130467	LOC111130467	mitochondrial chaperone BCS1-like	protein-coding	Symbol
LOC111130470	1	111130470	LOC111130470	galectin-9	protein-coding	Symbol
LOC111130472	1	NA	NA	NA	NA	NA
LOC111130500	1	111130500	LOC111130500	UTP--glucose-1-phosphate uridylyltransferase-like	protein-coding	Symbol
LOC111130537	1	111130537	LOC111130537	N-acetylgalactosamine kinase-like	protein-coding	Symbol
LOC111130553	1	111130553	LOC111130553	coiled-coil domain-containing protein 112-like	protein-coding	Symbol
LOC111130584	1	111130584	LOC111130584	uncharacterized LOC111130584	protein-coding	Symbol
LOC111130639	1	111130639	LOC111130639	uncharacterized LOC111130639	protein-coding	Symbol
LOC111130653	1	NA	NA	NA	NA	NA
LOC111130727	1	111130727	LOC111130727	uncharacterized LOC111130727	protein-coding	Symbol
LOC111130738	1	111130738	LOC111130738	cardiolipin synthase (CMP-forming)-like	protein-coding	Symbol
LOC111130761	1	111130761	LOC111130761	centlein-like	protein-coding	Symbol
LOC111130774	1	111130774	LOC111130774	ras GTPase-activating protein 1-like	protein-coding	Symbol
LOC111130837	1	111130837	LOC111130837	arpin-like	protein-coding	Symbol
LOC111130865	1	111130865	LOC111130865	methionine synthase-like	protein-coding	Symbol
LOC111130989	1	111130989	LOC111130989	uncharacterized LOC111130989	protein-coding	Symbol
LOC111131085	1	111131085	LOC111131085	2-aminoethylphosphonate--pyruvate transaminase-like	protein-coding	Symbol
LOC111131093	1	111131093	LOC111131093	uncharacterized LOC111131093	protein-coding	Symbol
LOC111131174	1	NA	NA	NA	NA	NA
LOC111131208	1	111131208	LOC111131208	WD repeat-containing protein 41-like	protein-coding	Symbol
LOC111131209	1	111131209	LOC111131209	peroxisomal succinyl-coenzyme A thioesterase-like	protein-coding	Symbol
LOC111131226	1	111131226	LOC111131226	uncharacterized LOC111131226	protein-coding	Symbol
LOC111131266	1	111131266	LOC111131266	coiled-coil domain-containing protein 60-like	protein-coding	Symbol
LOC111131592	1	111131592	LOC111131592	uncharacterized LOC111131592	protein-coding	Symbol
LOC111131602	1	111131602	LOC111131602	uncharacterized LOC111131602	protein-coding	Symbol
LOC111131641	1	111131641	LOC111131641	mediator of RNA polymerase II transcription subunit 17-like	protein-coding	Symbol
LOC111131745	1	111131745	LOC111131745	uncharacterized LOC111131745	protein-coding	Symbol
LOC111131751	1	111131751	LOC111131751	uncharacterized LOC111131751	protein-coding	Symbol
LOC111131753	1	111131753	LOC111131753	uncharacterized LOC111131753	protein-coding	Symbol
LOC111131799	1	111131799	LOC111131799	putative malate dehydrogenase 1B	protein-coding	Symbol
LOC111131863	1	NA	NA	NA	NA	NA
LOC111132036	1	111132036	LOC111132036	retinol dehydrogenase 12-like	protein-coding	Symbol
LOC111132038	1	111132038	LOC111132038	thrombospondin-1-like	protein-coding	Symbol
LOC111132083	1	NA	NA	NA	NA	NA
LOC111132090	1	111132090	LOC111132090	glutathione reductase, mitochondrial-like	protein-coding	Symbol
LOC111132149	1	111132149	LOC111132149	anaphase-promoting complex subunit 5-like	protein-coding	Symbol
LOC111132183	1	111132183	LOC111132183	dual specificity protein phosphatase 2-like	protein-coding	Symbol
LOC111132185	1	111132185	LOC111132185	kelch domain-containing protein 9-like	protein-coding	Symbol
LOC111132216	1	111132216	LOC111132216	blastula protease 10-like	protein-coding	Symbol
LOC111132335	1	NA	NA	NA	NA	NA
LOC111132439	1	111132439	LOC111132439	uncharacterized LOC111132439	protein-coding	Symbol
LOC111132484	1	111132484	LOC111132484	uncharacterized LOC111132484	protein-coding	Symbol
LOC111132499	1	111132499	LOC111132499	uncharacterized LOC111132499	protein-coding	Symbol
LOC111132600	1	111132600	LOC111132600	uncharacterized LOC111132600	protein-coding	Symbol
LOC111132626	1	NA	NA	NA	NA	NA
LOC111132629	1	111132629	LOC111132629	arsenite methyltransferase-like	pseudo	Symbol
LOC111132853	1	111132853	LOC111132853	PAXIP1-associated glutamate-rich protein 1-like	protein-coding	Symbol
LOC111132860	1	111132860	LOC111132860	uncharacterized LOC111132860	protein-coding	Symbol
LOC111133039	1	111133039	LOC111133039	monocarboxylate transporter 12-like	protein-coding	Symbol
LOC111133131	1	111133131	LOC111133131	glyoxylate reductase/hydroxypyruvate reductase-like	protein-coding	Symbol
LOC111133242	1	111133242	LOC111133242	phospholipid phosphatase 5-like	protein-coding	Symbol
LOC111133335	1	111133335	LOC111133335	cell growth-regulating nucleolar protein-like	protein-coding	Symbol
LOC111133354	1	111133354	LOC111133354	uncharacterized LOC111133354	protein-coding	Symbol
LOC111133383	1	111133383	LOC111133383	ceramide kinase-like	protein-coding	Symbol
LOC111133422	1	111133422	LOC111133422	sedoheptulokinase-like	protein-coding	Symbol
LOC111133426	1	111133426	LOC111133426	putative leucine--tRNA ligase, mitochondrial	protein-coding	Symbol
LOC111133485	1	111133485	LOC111133485	uncharacterized LOC111133485	protein-coding	Symbol
LOC111133497	1	111133497	LOC111133497	ester hydrolase C11orf54 homolog	protein-coding	Symbol
LOC111133522	1	111133522	LOC111133522	uncharacterized LOC111133522	protein-coding	Symbol
LOC111133558	1	111133558	LOC111133558	cytochrome P450 1B1-like	protein-coding	Symbol
LOC111133585	1	111133585	LOC111133585	uncharacterized LOC111133585	protein-coding	Symbol
LOC111133604	1	111133604	LOC111133604	dehydrogenase/reductase SDR family member 1-like	protein-coding	Symbol
LOC111133674	1	111133674	LOC111133674	UDP-GalNAc:beta-1,3-N-acetylgalactosaminyltransferase 2-like	protein-coding	Symbol
LOC111133678	1	111133678	LOC111133678	uncharacterized LOC111133678	protein-coding	Symbol
LOC111133740	1	111133740	LOC111133740	uncharacterized LOC111133740	protein-coding	Symbol
LOC111133749	1	111133749	LOC111133749	uncharacterized LOC111133749	protein-coding	Symbol
LOC111133767	1	111133767	LOC111133767	uncharacterized LOC111133767	protein-coding	Symbol
LOC111133806	1	111133806	LOC111133806	uncharacterized LOC111133806	protein-coding	Symbol
LOC111133905	1	111133905	LOC111133905	kidney mitochondrial carrier protein 1-like	protein-coding	Symbol
LOC111134093	1	111134093	LOC111134093	four-jointed box protein 1-like	protein-coding	Symbol
LOC111134131	1	111134131	LOC111134131	uncharacterized LOC111134131	protein-coding	Symbol
LOC111134244	1	111134244	LOC111134244	bifunctional 3'-5' exonuclease/ATP-dependent helicase WRN-like	protein-coding	Symbol
LOC111134248	1	111134248	LOC111134248	catalase-like	protein-coding	Symbol
LOC111134301	1	111134301	LOC111134301	sulfotransferase 1E1-like	protein-coding	Symbol
LOC111134321	1	111134321	LOC111134321	coiled-coil domain-containing protein 63-like	protein-coding	Symbol
LOC111134324	1	111134324	LOC111134324	beta-1,3-galactosyltransferase 5-like	protein-coding	Symbol
LOC111134354	1	NA	NA	NA	NA	NA
LOC111134418	1	NA	NA	NA	NA	NA
LOC111134424	1	111134424	LOC111134424	hydroxyacid-oxoacid transhydrogenase, mitochondrial-like	protein-coding	Symbol
LOC111134440	1	111134440	LOC111134440	DNA polymerase delta subunit 4-like	protein-coding	Symbol
LOC111134514	1	111134514	LOC111134514	maestro heat-like repeat-containing protein family member 1	protein-coding	Symbol
LOC111134537	1	111134537	LOC111134537	heat shock 70 kDa protein 12A-like	protein-coding	Symbol
LOC111134570	1	111134570	LOC111134570	kelch-like protein 24a	protein-coding	Symbol
LOC111134734	1	111134734	LOC111134734	tetraspanin-33-like	protein-coding	Symbol
LOC111134754	1	111134754	LOC111134754	nucleolar complex protein 3 homolog	protein-coding	Symbol
LOC111134834	1	111134834	LOC111134834	galactoside alpha-(1,2)-fucosyltransferase 2-like	protein-coding	Symbol
LOC111134888	1	111134888	LOC111134888	dynein axonemal heavy chain 10-like	protein-coding	Symbol
LOC111134899	1	111134899	LOC111134899	protein HGH1 homolog	protein-coding	Symbol
LOC111134966	1	111134966	LOC111134966	protein CBFA2T1-like	protein-coding	Symbol
LOC111135027	1	111135027	LOC111135027	major facilitator superfamily domain-containing protein 10-like	protein-coding	Symbol
LOC111135117	1	111135117	LOC111135117	uncharacterized LOC111135117	protein-coding	Symbol
LOC111135118	1	NA	NA	NA	NA	NA
LOC111135148	1	111135148	LOC111135148	E3 ubiquitin-protein ligase MARCHF5-like	protein-coding	Symbol
LOC111135156	1	111135156	LOC111135156	uncharacterized LOC111135156	protein-coding	Symbol
LOC111135198	1	111135198	LOC111135198	DNA repair protein XRCC1-like	protein-coding	Symbol
LOC111135226	1	111135226	LOC111135226	uncharacterized LOC111135226	protein-coding	Symbol
LOC111135227	1	111135227	LOC111135227	deubiquitinase OTUD6B-like	protein-coding	Symbol
LOC111135230	1	111135230	LOC111135230	chloride channel protein 2-like	protein-coding	Symbol
LOC111135276	1	111135276	LOC111135276	actin-binding LIM protein 1-like	protein-coding	Symbol
LOC111135286	1	111135286	LOC111135286	conserved oligomeric Golgi complex subunit 4-like	protein-coding	Symbol
LOC111135337	1	111135337	LOC111135337	uncharacterized LOC111135337	protein-coding	Symbol
LOC111135339	1	111135339	LOC111135339	uncharacterized LOC111135339	protein-coding	Symbol
LOC111135371	1	NA	NA	NA	NA	NA
LOC111135426	1	111135426	LOC111135426	uncharacterized LOC111135426	protein-coding	Symbol
LOC111135443	1	111135443	LOC111135443	leucine-rich repeat-containing protein 43-like	protein-coding	Symbol
LOC111135492	1	111135492	LOC111135492	mediator of RNA polymerase II transcription subunit 11-like	protein-coding	Symbol
LOC111135493	1	111135493	LOC111135493	steroid 17-alpha-hydroxylase/17,20 lyase-like	protein-coding	Symbol
LOC111135536	1	111135536	LOC111135536	two pore channel protein 1-like	protein-coding	Symbol
LOC111135548	1	NA	NA	NA	NA	NA
LOC111135564	1	111135564	LOC111135564	vitamin D3 receptor-like	protein-coding	Symbol
LOC111135569	1	111135569	LOC111135569	centrosomal protein of 104 kDa-like	protein-coding	Symbol
LOC111135582	1	111135582	LOC111135582	transcription factor HES-1-B-like	protein-coding	Symbol
LOC111135654	1	111135654	LOC111135654	MMS19 nucleotide excision repair protein homolog	protein-coding	Symbol
LOC111135697	1	111135697	LOC111135697	splicing factor, suppressor of white-apricot homolog	protein-coding	Symbol
LOC111135701	1	111135701	LOC111135701	eukaryotic translation initiation factor 2-alpha kinase 3-like	protein-coding	Symbol
LOC111135738	1	111135738	LOC111135738	solute carrier family 12 member 9-like	protein-coding	Symbol
LOC111135825	1	111135825	LOC111135825	D-glucuronyl C5-epimerase B-like	protein-coding	Symbol
LOC111135915	1	NA	NA	NA	NA	NA
LOC111135925	1	111135925	LOC111135925	Na(+)/H(+) exchanger beta-like	protein-coding	Symbol
LOC111136004	1	111136004	LOC111136004	uncharacterized LOC111136004	protein-coding	Symbol
LOC111136021	1	111136021	LOC111136021	mitochondrial sodium/calcium exchanger protein-like	protein-coding	Symbol
LOC111136057	1	111136057	LOC111136057	nucleoside diphosphate kinase homolog 7-like	protein-coding	Symbol
LOC111136133	1	NA	NA	NA	NA	NA
LOC111136223	1	111136223	LOC111136223	proteasome assembly chaperone 2-like	protein-coding	Symbol
LOC111136258	1	111136258	LOC111136258	uncharacterized LOC111136258	protein-coding	Symbol
LOC111136390	1	111136390	LOC111136390	lisH domain-containing protein ARMC9-like	protein-coding	Symbol
LOC111136397	1	111136397	LOC111136397	uncharacterized LOC111136397	protein-coding	Symbol
LOC111136399	1	NA	NA	NA	NA	NA
LOC111136476	1	111136476	LOC111136476	uncharacterized LOC111136476	protein-coding	Symbol
LOC111136488	1	111136488	LOC111136488	interleukin-1 receptor-associated kinase 4-like	protein-coding	Symbol
LOC111136526	1	111136526	LOC111136526	nicotinate-nucleotide pyrophosphorylase [carboxylating]-like	protein-coding	Symbol
LOC111136573	1	111136573	LOC111136573	aspartate dehydrogenase domain-containing protein-like	protein-coding	Symbol
LOC111136702	1	111136702	LOC111136702	uncharacterized LOC111136702	protein-coding	Symbol
LOC111136871	1	111136871	LOC111136871	uncharacterized LOC111136871	protein-coding	Symbol
LOC111136898	1	111136898	LOC111136898	GPI alpha-1,4-mannosyltransferase I, catalytic subunit-like	protein-coding	Symbol
LOC111136940	1	111136940	LOC111136940	fructose-bisphosphate aldolase-like	protein-coding	Symbol
LOC111136951	1	NA	NA	NA	NA	NA
LOC111136972	1	111136972	LOC111136972	run domain Beclin-1-interacting and cysteine-rich domain-containing protein-like	protein-coding	Symbol
LOC111136974	1	111136974	LOC111136974	cytochrome P450 2B5-like	protein-coding	Symbol
LOC111137014	1	111137014	LOC111137014	transient receptor potential cation channel subfamily M member-like 2	protein-coding	Symbol
LOC111137023	1	111137023	LOC111137023	3 beta-hydroxysteroid dehydrogenase/Delta 5-->4-isomerase type 4-like	protein-coding	Symbol
LOC111137053	1	111137053	LOC111137053	thrombospondin type-1 domain-containing protein 7B-like	protein-coding	Symbol
LOC111137059	1	111137059	LOC111137059	rho guanine nucleotide exchange factor 10-like protein	protein-coding	Symbol
LOC111137085	1	111137085	LOC111137085	ribonuclease P protein subunit p40-like	protein-coding	Symbol
LOC111137142	1	111137142	LOC111137142	C-signal-like	protein-coding	Symbol
LOC111137171	1	111137171	LOC111137171	XK-related protein 9-like	protein-coding	Symbol
LOC111137288	1	111137288	LOC111137288	large ribosomal subunit protein mL44-like	protein-coding	Symbol
LOC111137333	1	111137333	LOC111137333	protein fem-1 homolog CG6966-like	protein-coding	Symbol
LOC111137375	1	111137375	LOC111137375	uncharacterized LOC111137375	protein-coding	Symbol
LOC111137391	1	NA	NA	NA	NA	NA
LOC111137410	1	111137410	LOC111137410	peptidyl-prolyl cis-trans isomerase B-like	protein-coding	Symbol
LOC111137412	1	NA	NA	NA	NA	NA
LOC111137504	1	111137504	LOC111137504	uncharacterized LOC111137504	protein-coding	Symbol
LOC111137535	1	111137535	LOC111137535	uncharacterized LOC111137535	protein-coding	Symbol
LOC111137580	1	111137580	LOC111137580	uncharacterized LOC111137580	protein-coding	Symbol
LOC111137684	1	111137684	LOC111137684	RUS family member 1-like	protein-coding	Symbol
LOC111137875	1	111137875	LOC111137875	sodium- and chloride-dependent GABA transporter ine-like	protein-coding	Symbol
LOC111137896	1	111137896	LOC111137896	uncharacterized LOC111137896	protein-coding	Symbol
LOC111137911	1	111137911	LOC111137911	multidrug and toxin extrusion protein 1-like	protein-coding	Symbol
LOC111137990	1	111137990	LOC111137990	gamma-soluble NSF attachment protein-like	protein-coding	Symbol
LOC111138050	1	111138050	LOC111138050	uncharacterized LOC111138050	protein-coding	Symbol
LOC111138109	1	111138109	LOC111138109	cytochrome b-245 light chain-like	protein-coding	Symbol
LOC111138122	1	111138122	LOC111138122	uncharacterized LOC111138122	protein-coding	Symbol
LOC111138177	1	111138177	LOC111138177	uncharacterized LOC111138177	protein-coding	Symbol
LOC111138192	1	111138192	LOC111138192	translin-associated factor X-interacting protein 1-like	protein-coding	Symbol
LOC111138237	1	111138237	LOC111138237	uncharacterized LOC111138237	protein-coding	Symbol
LOC111138250	1	111138250	LOC111138250	uncharacterized LOC111138250	protein-coding	Symbol
LOC111138378	1	111138378	LOC111138378	WD repeat-containing protein 89-like	protein-coding	Symbol
LOC111138389	1	111138389	LOC111138389	stAR-related lipid transfer protein 7, mitochondrial-like	protein-coding	Symbol
LOC111138423	1	111138423	LOC111138423	uncharacterized protein CXorf58-like	protein-coding	Symbol
LOC111138490	1	111138490	LOC111138490	elongator complex protein 5-like	protein-coding	Symbol
